# drone/body — сгенерировано tools/gen_models.py, не править руками
mtllib drone.mtl
v 0.0000 -0.1000 3.5800
v 0.0174 -0.0985 3.5800
v 0.0000 0.0000 3.6200
v 0.0000 0.0000 3.6200
v 0.0000 -0.2100 3.4800
v 0.0347 -0.2068 3.4800
v 0.0174 -0.0985 3.5800
v 0.0000 -0.1000 3.5800
v 0.0000 -0.3000 3.3000
v 0.0486 -0.2954 3.3000
v 0.0347 -0.2068 3.4800
v 0.0000 -0.2100 3.4800
v 0.0000 -0.3600 3.0000
v 0.0573 -0.3545 3.0000
v 0.0486 -0.2954 3.3000
v 0.0000 -0.3000 3.3000
v 0.0000 -0.3750 2.6000
v 0.0599 -0.3693 2.6000
v 0.0573 -0.3545 3.0000
v 0.0000 -0.3600 3.0000
v 0.0000 -0.3800 1.0000
v 0.0608 -0.3742 1.0000
v 0.0599 -0.3693 2.6000
v 0.0000 -0.3750 2.6000
v 0.0000 -0.3800 -1.5000
v 0.0608 -0.3742 -1.5000
v 0.0608 -0.3742 1.0000
v 0.0000 -0.3800 1.0000
v 0.0000 -0.3500 -2.5000
v 0.0573 -0.3447 -2.5000
v 0.0608 -0.3742 -1.5000
v 0.0000 -0.3800 -1.5000
v 0.0000 -0.2800 -2.9000
v 0.0469 -0.2757 -2.9000
v 0.0573 -0.3447 -2.5000
v 0.0000 -0.3500 -2.5000
v 0.0000 -0.2200 -3.0800
v 0.0382 -0.2167 -3.0800
v 0.0469 -0.2757 -2.9000
v 0.0000 -0.2800 -2.9000
v 0.0000 -0.1600 -3.1400
v 0.0278 -0.1576 -3.1400
v 0.0382 -0.2167 -3.0800
v 0.0000 -0.2200 -3.0800
v 0.0000 -0.1000 -3.2000
v 0.0174 -0.0985 -3.2000
v 0.0278 -0.1576 -3.1400
v 0.0000 -0.1600 -3.1400
v 0.0000 -0.0700 -3.3400
v 0.0122 -0.0689 -3.3400
v 0.0174 -0.0985 -3.2000
v 0.0000 -0.1000 -3.2000
v 0.0000 0.0000 -3.5200
v 0.0000 0.0000 -3.5200
v 0.0122 -0.0689 -3.3400
v 0.0000 -0.0700 -3.3400
v 0.0174 -0.0985 3.5800
v 0.0342 -0.0940 3.5800
v 0.0000 0.0000 3.6200
v 0.0000 0.0000 3.6200
v 0.0347 -0.2068 3.4800
v 0.0684 -0.1973 3.4800
v 0.0342 -0.0940 3.5800
v 0.0174 -0.0985 3.5800
v 0.0486 -0.2954 3.3000
v 0.0958 -0.2819 3.3000
v 0.0684 -0.1973 3.4800
v 0.0347 -0.2068 3.4800
v 0.0573 -0.3545 3.0000
v 0.1129 -0.3383 3.0000
v 0.0958 -0.2819 3.3000
v 0.0486 -0.2954 3.3000
v 0.0599 -0.3693 2.6000
v 0.1180 -0.3524 2.6000
v 0.1129 -0.3383 3.0000
v 0.0573 -0.3545 3.0000
v 0.0608 -0.3742 1.0000
v 0.1197 -0.3571 1.0000
v 0.1180 -0.3524 2.6000
v 0.0599 -0.3693 2.6000
v 0.0608 -0.3742 -1.5000
v 0.1197 -0.3571 -1.5000
v 0.1197 -0.3571 1.0000
v 0.0608 -0.3742 1.0000
v 0.0573 -0.3447 -2.5000
v 0.1129 -0.3289 -2.5000
v 0.1197 -0.3571 -1.5000
v 0.0608 -0.3742 -1.5000
v 0.0469 -0.2757 -2.9000
v 0.0923 -0.2631 -2.9000
v 0.1129 -0.3289 -2.5000
v 0.0573 -0.3447 -2.5000
v 0.0382 -0.2167 -3.0800
v 0.0752 -0.2067 -3.0800
v 0.0923 -0.2631 -2.9000
v 0.0469 -0.2757 -2.9000
v 0.0278 -0.1576 -3.1400
v 0.0547 -0.1504 -3.1400
v 0.0752 -0.2067 -3.0800
v 0.0382 -0.2167 -3.0800
v 0.0174 -0.0985 -3.2000
v 0.0342 -0.0940 -3.2000
v 0.0547 -0.1504 -3.1400
v 0.0278 -0.1576 -3.1400
v 0.0122 -0.0689 -3.3400
v 0.0239 -0.0658 -3.3400
v 0.0342 -0.0940 -3.2000
v 0.0174 -0.0985 -3.2000
v 0.0000 0.0000 -3.5200
v 0.0000 0.0000 -3.5200
v 0.0239 -0.0658 -3.3400
v 0.0122 -0.0689 -3.3400
v 0.0342 -0.0940 3.5800
v 0.0500 -0.0866 3.5800
v 0.0000 0.0000 3.6200
v 0.0000 0.0000 3.6200
v 0.0684 -0.1973 3.4800
v 0.1000 -0.1819 3.4800
v 0.0500 -0.0866 3.5800
v 0.0342 -0.0940 3.5800
v 0.0958 -0.2819 3.3000
v 0.1400 -0.2598 3.3000
v 0.1000 -0.1819 3.4800
v 0.0684 -0.1973 3.4800
v 0.1129 -0.3383 3.0000
v 0.1650 -0.3118 3.0000
v 0.1400 -0.2598 3.3000
v 0.0958 -0.2819 3.3000
v 0.1180 -0.3524 2.6000
v 0.1725 -0.3248 2.6000
v 0.1650 -0.3118 3.0000
v 0.1129 -0.3383 3.0000
v 0.1197 -0.3571 1.0000
v 0.1750 -0.3291 1.0000
v 0.1725 -0.3248 2.6000
v 0.1180 -0.3524 2.6000
v 0.1197 -0.3571 -1.5000
v 0.1750 -0.3291 -1.5000
v 0.1750 -0.3291 1.0000
v 0.1197 -0.3571 1.0000
v 0.1129 -0.3289 -2.5000
v 0.1650 -0.3031 -2.5000
v 0.1750 -0.3291 -1.5000
v 0.1197 -0.3571 -1.5000
v 0.0923 -0.2631 -2.9000
v 0.1350 -0.2425 -2.9000
v 0.1650 -0.3031 -2.5000
v 0.1129 -0.3289 -2.5000
v 0.0752 -0.2067 -3.0800
v 0.1100 -0.1905 -3.0800
v 0.1350 -0.2425 -2.9000
v 0.0923 -0.2631 -2.9000
v 0.0547 -0.1504 -3.1400
v 0.0800 -0.1386 -3.1400
v 0.1100 -0.1905 -3.0800
v 0.0752 -0.2067 -3.0800
v 0.0342 -0.0940 -3.2000
v 0.0500 -0.0866 -3.2000
v 0.0800 -0.1386 -3.1400
v 0.0547 -0.1504 -3.1400
v 0.0239 -0.0658 -3.3400
v 0.0350 -0.0606 -3.3400
v 0.0500 -0.0866 -3.2000
v 0.0342 -0.0940 -3.2000
v 0.0000 0.0000 -3.5200
v 0.0000 0.0000 -3.5200
v 0.0350 -0.0606 -3.3400
v 0.0239 -0.0658 -3.3400
v 0.0500 -0.0866 3.5800
v 0.0643 -0.0766 3.5800
v 0.0000 0.0000 3.6200
v 0.0000 0.0000 3.6200
v 0.1000 -0.1819 3.4800
v 0.1286 -0.1609 3.4800
v 0.0643 -0.0766 3.5800
v 0.0500 -0.0866 3.5800
v 0.1400 -0.2598 3.3000
v 0.1800 -0.2298 3.3000
v 0.1286 -0.1609 3.4800
v 0.1000 -0.1819 3.4800
v 0.1650 -0.3118 3.0000
v 0.2121 -0.2758 3.0000
v 0.1800 -0.2298 3.3000
v 0.1400 -0.2598 3.3000
v 0.1725 -0.3248 2.6000
v 0.2218 -0.2873 2.6000
v 0.2121 -0.2758 3.0000
v 0.1650 -0.3118 3.0000
v 0.1750 -0.3291 1.0000
v 0.2250 -0.2911 1.0000
v 0.2218 -0.2873 2.6000
v 0.1725 -0.3248 2.6000
v 0.1750 -0.3291 -1.5000
v 0.2250 -0.2911 -1.5000
v 0.2250 -0.2911 1.0000
v 0.1750 -0.3291 1.0000
v 0.1650 -0.3031 -2.5000
v 0.2121 -0.2681 -2.5000
v 0.2250 -0.2911 -1.5000
v 0.1750 -0.3291 -1.5000
v 0.1350 -0.2425 -2.9000
v 0.1736 -0.2145 -2.9000
v 0.2121 -0.2681 -2.5000
v 0.1650 -0.3031 -2.5000
v 0.1100 -0.1905 -3.0800
v 0.1414 -0.1685 -3.0800
v 0.1736 -0.2145 -2.9000
v 0.1350 -0.2425 -2.9000
v 0.0800 -0.1386 -3.1400
v 0.1028 -0.1226 -3.1400
v 0.1414 -0.1685 -3.0800
v 0.1100 -0.1905 -3.0800
v 0.0500 -0.0866 -3.2000
v 0.0643 -0.0766 -3.2000
v 0.1028 -0.1226 -3.1400
v 0.0800 -0.1386 -3.1400
v 0.0350 -0.0606 -3.3400
v 0.0450 -0.0536 -3.3400
v 0.0643 -0.0766 -3.2000
v 0.0500 -0.0866 -3.2000
v 0.0000 0.0000 -3.5200
v 0.0000 0.0000 -3.5200
v 0.0450 -0.0536 -3.3400
v 0.0350 -0.0606 -3.3400
v 0.0643 -0.0766 3.5800
v 0.0766 -0.0643 3.5800
v 0.0000 0.0000 3.6200
v 0.0000 0.0000 3.6200
v 0.1286 -0.1609 3.4800
v 0.1532 -0.1350 3.4800
v 0.0766 -0.0643 3.5800
v 0.0643 -0.0766 3.5800
v 0.1800 -0.2298 3.3000
v 0.2145 -0.1928 3.3000
v 0.1532 -0.1350 3.4800
v 0.1286 -0.1609 3.4800
v 0.2121 -0.2758 3.0000
v 0.2528 -0.2314 3.0000
v 0.2145 -0.1928 3.3000
v 0.1800 -0.2298 3.3000
v 0.2218 -0.2873 2.6000
v 0.2643 -0.2410 2.6000
v 0.2528 -0.2314 3.0000
v 0.2121 -0.2758 3.0000
v 0.2250 -0.2911 1.0000
v 0.2681 -0.2443 1.0000
v 0.2643 -0.2410 2.6000
v 0.2218 -0.2873 2.6000
v 0.2250 -0.2911 -1.5000
v 0.2681 -0.2443 -1.5000
v 0.2681 -0.2443 1.0000
v 0.2250 -0.2911 1.0000
v 0.2121 -0.2681 -2.5000
v 0.2528 -0.2250 -2.5000
v 0.2681 -0.2443 -1.5000
v 0.2250 -0.2911 -1.5000
v 0.1736 -0.2145 -2.9000
v 0.2068 -0.1800 -2.9000
v 0.2528 -0.2250 -2.5000
v 0.2121 -0.2681 -2.5000
v 0.1414 -0.1685 -3.0800
v 0.1685 -0.1414 -3.0800
v 0.2068 -0.1800 -2.9000
v 0.1736 -0.2145 -2.9000
v 0.1028 -0.1226 -3.1400
v 0.1226 -0.1028 -3.1400
v 0.1685 -0.1414 -3.0800
v 0.1414 -0.1685 -3.0800
v 0.0643 -0.0766 -3.2000
v 0.0766 -0.0643 -3.2000
v 0.1226 -0.1028 -3.1400
v 0.1028 -0.1226 -3.1400
v 0.0450 -0.0536 -3.3400
v 0.0536 -0.0450 -3.3400
v 0.0766 -0.0643 -3.2000
v 0.0643 -0.0766 -3.2000
v 0.0000 0.0000 -3.5200
v 0.0000 0.0000 -3.5200
v 0.0536 -0.0450 -3.3400
v 0.0450 -0.0536 -3.3400
v 0.0766 -0.0643 3.5800
v 0.0866 -0.0500 3.5800
v 0.0000 0.0000 3.6200
v 0.0000 0.0000 3.6200
v 0.1532 -0.1350 3.4800
v 0.1732 -0.1050 3.4800
v 0.0866 -0.0500 3.5800
v 0.0766 -0.0643 3.5800
v 0.2145 -0.1928 3.3000
v 0.2425 -0.1500 3.3000
v 0.1732 -0.1050 3.4800
v 0.1532 -0.1350 3.4800
v 0.2528 -0.2314 3.0000
v 0.2858 -0.1800 3.0000
v 0.2425 -0.1500 3.3000
v 0.2145 -0.1928 3.3000
v 0.2643 -0.2410 2.6000
v 0.2988 -0.1875 2.6000
v 0.2858 -0.1800 3.0000
v 0.2528 -0.2314 3.0000
v 0.2681 -0.2443 1.0000
v 0.3031 -0.1900 1.0000
v 0.2988 -0.1875 2.6000
v 0.2643 -0.2410 2.6000
v 0.2681 -0.2443 -1.5000
v 0.3031 -0.1900 -1.5000
v 0.3031 -0.1900 1.0000
v 0.2681 -0.2443 1.0000
v 0.2528 -0.2250 -2.5000
v 0.2858 -0.1750 -2.5000
v 0.3031 -0.1900 -1.5000
v 0.2681 -0.2443 -1.5000
v 0.2068 -0.1800 -2.9000
v 0.2338 -0.1400 -2.9000
v 0.2858 -0.1750 -2.5000
v 0.2528 -0.2250 -2.5000
v 0.1685 -0.1414 -3.0800
v 0.1905 -0.1100 -3.0800
v 0.2338 -0.1400 -2.9000
v 0.2068 -0.1800 -2.9000
v 0.1226 -0.1028 -3.1400
v 0.1386 -0.0800 -3.1400
v 0.1905 -0.1100 -3.0800
v 0.1685 -0.1414 -3.0800
v 0.0766 -0.0643 -3.2000
v 0.0866 -0.0500 -3.2000
v 0.1386 -0.0800 -3.1400
v 0.1226 -0.1028 -3.1400
v 0.0536 -0.0450 -3.3400
v 0.0606 -0.0350 -3.3400
v 0.0866 -0.0500 -3.2000
v 0.0766 -0.0643 -3.2000
v 0.0000 0.0000 -3.5200
v 0.0000 0.0000 -3.5200
v 0.0606 -0.0350 -3.3400
v 0.0536 -0.0450 -3.3400
v 0.0866 -0.0500 3.5800
v 0.0940 -0.0342 3.5800
v 0.0000 0.0000 3.6200
v 0.0000 0.0000 3.6200
v 0.1732 -0.1050 3.4800
v 0.1879 -0.0718 3.4800
v 0.0940 -0.0342 3.5800
v 0.0866 -0.0500 3.5800
v 0.2425 -0.1500 3.3000
v 0.2631 -0.1026 3.3000
v 0.1879 -0.0718 3.4800
v 0.1732 -0.1050 3.4800
v 0.2858 -0.1800 3.0000
v 0.3101 -0.1231 3.0000
v 0.2631 -0.1026 3.3000
v 0.2425 -0.1500 3.3000
v 0.2988 -0.1875 2.6000
v 0.3242 -0.1283 2.6000
v 0.3101 -0.1231 3.0000
v 0.2858 -0.1800 3.0000
v 0.3031 -0.1900 1.0000
v 0.3289 -0.1300 1.0000
v 0.3242 -0.1283 2.6000
v 0.2988 -0.1875 2.6000
v 0.3031 -0.1900 -1.5000
v 0.3289 -0.1300 -1.5000
v 0.3289 -0.1300 1.0000
v 0.3031 -0.1900 1.0000
v 0.2858 -0.1750 -2.5000
v 0.3101 -0.1197 -2.5000
v 0.3289 -0.1300 -1.5000
v 0.3031 -0.1900 -1.5000
v 0.2338 -0.1400 -2.9000
v 0.2537 -0.0958 -2.9000
v 0.3101 -0.1197 -2.5000
v 0.2858 -0.1750 -2.5000
v 0.1905 -0.1100 -3.0800
v 0.2067 -0.0752 -3.0800
v 0.2537 -0.0958 -2.9000
v 0.2338 -0.1400 -2.9000
v 0.1386 -0.0800 -3.1400
v 0.1504 -0.0547 -3.1400
v 0.2067 -0.0752 -3.0800
v 0.1905 -0.1100 -3.0800
v 0.0866 -0.0500 -3.2000
v 0.0940 -0.0342 -3.2000
v 0.1504 -0.0547 -3.1400
v 0.1386 -0.0800 -3.1400
v 0.0606 -0.0350 -3.3400
v 0.0658 -0.0239 -3.3400
v 0.0940 -0.0342 -3.2000
v 0.0866 -0.0500 -3.2000
v 0.0000 0.0000 -3.5200
v 0.0000 0.0000 -3.5200
v 0.0658 -0.0239 -3.3400
v 0.0606 -0.0350 -3.3400
v 0.0940 -0.0342 3.5800
v 0.0985 -0.0174 3.5800
v 0.0000 0.0000 3.6200
v 0.0000 0.0000 3.6200
v 0.1879 -0.0718 3.4800
v 0.1970 -0.0365 3.4800
v 0.0985 -0.0174 3.5800
v 0.0940 -0.0342 3.5800
v 0.2631 -0.1026 3.3000
v 0.2757 -0.0521 3.3000
v 0.1970 -0.0365 3.4800
v 0.1879 -0.0718 3.4800
v 0.3101 -0.1231 3.0000
v 0.3250 -0.0625 3.0000
v 0.2757 -0.0521 3.3000
v 0.2631 -0.1026 3.3000
v 0.3242 -0.1283 2.6000
v 0.3398 -0.0651 2.6000
v 0.3250 -0.0625 3.0000
v 0.3101 -0.1231 3.0000
v 0.3289 -0.1300 1.0000
v 0.3447 -0.0660 1.0000
v 0.3398 -0.0651 2.6000
v 0.3242 -0.1283 2.6000
v 0.3289 -0.1300 -1.5000
v 0.3447 -0.0660 -1.5000
v 0.3447 -0.0660 1.0000
v 0.3289 -0.1300 1.0000
v 0.3101 -0.1197 -2.5000
v 0.3250 -0.0608 -2.5000
v 0.3447 -0.0660 -1.5000
v 0.3289 -0.1300 -1.5000
v 0.2537 -0.0958 -2.9000
v 0.2659 -0.0486 -2.9000
v 0.3250 -0.0608 -2.5000
v 0.3101 -0.1197 -2.5000
v 0.2067 -0.0752 -3.0800
v 0.2167 -0.0382 -3.0800
v 0.2659 -0.0486 -2.9000
v 0.2537 -0.0958 -2.9000
v 0.1504 -0.0547 -3.1400
v 0.1576 -0.0278 -3.1400
v 0.2167 -0.0382 -3.0800
v 0.2067 -0.0752 -3.0800
v 0.0940 -0.0342 -3.2000
v 0.0985 -0.0174 -3.2000
v 0.1576 -0.0278 -3.1400
v 0.1504 -0.0547 -3.1400
v 0.0658 -0.0239 -3.3400
v 0.0689 -0.0122 -3.3400
v 0.0985 -0.0174 -3.2000
v 0.0940 -0.0342 -3.2000
v 0.0000 0.0000 -3.5200
v 0.0000 0.0000 -3.5200
v 0.0689 -0.0122 -3.3400
v 0.0658 -0.0239 -3.3400
v 0.0985 -0.0174 3.5800
v 0.1000 0.0000 3.5800
v 0.0000 0.0000 3.6200
v 0.0000 0.0000 3.6200
v 0.1970 -0.0365 3.4800
v 0.2000 0.0000 3.4800
v 0.1000 0.0000 3.5800
v 0.0985 -0.0174 3.5800
v 0.2757 -0.0521 3.3000
v 0.2800 0.0000 3.3000
v 0.2000 0.0000 3.4800
v 0.1970 -0.0365 3.4800
v 0.3250 -0.0625 3.0000
v 0.3300 0.0000 3.0000
v 0.2800 0.0000 3.3000
v 0.2757 -0.0521 3.3000
v 0.3398 -0.0651 2.6000
v 0.3450 0.0000 2.6000
v 0.3300 0.0000 3.0000
v 0.3250 -0.0625 3.0000
v 0.3447 -0.0660 1.0000
v 0.3500 0.0000 1.0000
v 0.3450 0.0000 2.6000
v 0.3398 -0.0651 2.6000
v 0.3447 -0.0660 -1.5000
v 0.3500 0.0000 -1.5000
v 0.3500 0.0000 1.0000
v 0.3447 -0.0660 1.0000
v 0.3250 -0.0608 -2.5000
v 0.3300 0.0000 -2.5000
v 0.3500 0.0000 -1.5000
v 0.3447 -0.0660 -1.5000
v 0.2659 -0.0486 -2.9000
v 0.2700 0.0000 -2.9000
v 0.3300 0.0000 -2.5000
v 0.3250 -0.0608 -2.5000
v 0.2167 -0.0382 -3.0800
v 0.2200 0.0000 -3.0800
v 0.2700 0.0000 -2.9000
v 0.2659 -0.0486 -2.9000
v 0.1576 -0.0278 -3.1400
v 0.1600 0.0000 -3.1400
v 0.2200 0.0000 -3.0800
v 0.2167 -0.0382 -3.0800
v 0.0985 -0.0174 -3.2000
v 0.1000 0.0000 -3.2000
v 0.1600 0.0000 -3.1400
v 0.1576 -0.0278 -3.1400
v 0.0689 -0.0122 -3.3400
v 0.0700 0.0000 -3.3400
v 0.1000 0.0000 -3.2000
v 0.0985 -0.0174 -3.2000
v 0.0000 0.0000 -3.5200
v 0.0000 0.0000 -3.5200
v 0.0700 0.0000 -3.3400
v 0.0689 -0.0122 -3.3400
v 0.1000 0.0000 3.5800
v 0.0985 0.0174 3.5800
v 0.0000 0.0000 3.6200
v 0.0000 0.0000 3.6200
v 0.2000 0.0000 3.4800
v 0.1970 0.0365 3.4800
v 0.0985 0.0174 3.5800
v 0.1000 0.0000 3.5800
v 0.2800 0.0000 3.3000
v 0.2757 0.0521 3.3000
v 0.1970 0.0365 3.4800
v 0.2000 0.0000 3.4800
v 0.3300 0.0000 3.0000
v 0.3250 0.0625 3.0000
v 0.2757 0.0521 3.3000
v 0.2800 0.0000 3.3000
v 0.3450 0.0000 2.6000
v 0.3398 0.0651 2.6000
v 0.3250 0.0625 3.0000
v 0.3300 0.0000 3.0000
v 0.3500 0.0000 1.0000
v 0.3447 0.0660 1.0000
v 0.3398 0.0651 2.6000
v 0.3450 0.0000 2.6000
v 0.3500 0.0000 -1.5000
v 0.3447 0.0660 -1.5000
v 0.3447 0.0660 1.0000
v 0.3500 0.0000 1.0000
v 0.3300 0.0000 -2.5000
v 0.3250 0.0608 -2.5000
v 0.3447 0.0660 -1.5000
v 0.3500 0.0000 -1.5000
v 0.2700 0.0000 -2.9000
v 0.2659 0.0486 -2.9000
v 0.3250 0.0608 -2.5000
v 0.3300 0.0000 -2.5000
v 0.2200 0.0000 -3.0800
v 0.2167 0.0382 -3.0800
v 0.2659 0.0486 -2.9000
v 0.2700 0.0000 -2.9000
v 0.1600 0.0000 -3.1400
v 0.1576 0.0278 -3.1400
v 0.2167 0.0382 -3.0800
v 0.2200 0.0000 -3.0800
v 0.1000 0.0000 -3.2000
v 0.0985 0.0174 -3.2000
v 0.1576 0.0278 -3.1400
v 0.1600 0.0000 -3.1400
v 0.0700 0.0000 -3.3400
v 0.0689 0.0122 -3.3400
v 0.0985 0.0174 -3.2000
v 0.1000 0.0000 -3.2000
v 0.0000 0.0000 -3.5200
v 0.0000 0.0000 -3.5200
v 0.0689 0.0122 -3.3400
v 0.0700 0.0000 -3.3400
v 0.0985 0.0174 3.5800
v 0.0940 0.0342 3.5800
v 0.0000 0.0000 3.6200
v 0.0000 0.0000 3.6200
v 0.1970 0.0365 3.4800
v 0.1879 0.0718 3.4800
v 0.0940 0.0342 3.5800
v 0.0985 0.0174 3.5800
v 0.2757 0.0521 3.3000
v 0.2631 0.1026 3.3000
v 0.1879 0.0718 3.4800
v 0.1970 0.0365 3.4800
v 0.3250 0.0625 3.0000
v 0.3101 0.1231 3.0000
v 0.2631 0.1026 3.3000
v 0.2757 0.0521 3.3000
v 0.3398 0.0651 2.6000
v 0.3242 0.1283 2.6000
v 0.3101 0.1231 3.0000
v 0.3250 0.0625 3.0000
v 0.3447 0.0660 1.0000
v 0.3289 0.1300 1.0000
v 0.3242 0.1283 2.6000
v 0.3398 0.0651 2.6000
v 0.3447 0.0660 -1.5000
v 0.3289 0.1300 -1.5000
v 0.3289 0.1300 1.0000
v 0.3447 0.0660 1.0000
v 0.3250 0.0608 -2.5000
v 0.3101 0.1197 -2.5000
v 0.3289 0.1300 -1.5000
v 0.3447 0.0660 -1.5000
v 0.2659 0.0486 -2.9000
v 0.2537 0.0958 -2.9000
v 0.3101 0.1197 -2.5000
v 0.3250 0.0608 -2.5000
v 0.2167 0.0382 -3.0800
v 0.2067 0.0752 -3.0800
v 0.2537 0.0958 -2.9000
v 0.2659 0.0486 -2.9000
v 0.1576 0.0278 -3.1400
v 0.1504 0.0547 -3.1400
v 0.2067 0.0752 -3.0800
v 0.2167 0.0382 -3.0800
v 0.0985 0.0174 -3.2000
v 0.0940 0.0342 -3.2000
v 0.1504 0.0547 -3.1400
v 0.1576 0.0278 -3.1400
v 0.0689 0.0122 -3.3400
v 0.0658 0.0239 -3.3400
v 0.0940 0.0342 -3.2000
v 0.0985 0.0174 -3.2000
v 0.0000 0.0000 -3.5200
v 0.0000 0.0000 -3.5200
v 0.0658 0.0239 -3.3400
v 0.0689 0.0122 -3.3400
v 0.0940 0.0342 3.5800
v 0.0866 0.0500 3.5800
v 0.0000 0.0000 3.6200
v 0.0000 0.0000 3.6200
v 0.1879 0.0718 3.4800
v 0.1732 0.1050 3.4800
v 0.0866 0.0500 3.5800
v 0.0940 0.0342 3.5800
v 0.2631 0.1026 3.3000
v 0.2425 0.1500 3.3000
v 0.1732 0.1050 3.4800
v 0.1879 0.0718 3.4800
v 0.3101 0.1231 3.0000
v 0.2858 0.1800 3.0000
v 0.2425 0.1500 3.3000
v 0.2631 0.1026 3.3000
v 0.3242 0.1283 2.6000
v 0.2988 0.1875 2.6000
v 0.2858 0.1800 3.0000
v 0.3101 0.1231 3.0000
v 0.3289 0.1300 1.0000
v 0.3031 0.1900 1.0000
v 0.2988 0.1875 2.6000
v 0.3242 0.1283 2.6000
v 0.3289 0.1300 -1.5000
v 0.3031 0.1900 -1.5000
v 0.3031 0.1900 1.0000
v 0.3289 0.1300 1.0000
v 0.3101 0.1197 -2.5000
v 0.2858 0.1750 -2.5000
v 0.3031 0.1900 -1.5000
v 0.3289 0.1300 -1.5000
v 0.2537 0.0958 -2.9000
v 0.2338 0.1400 -2.9000
v 0.2858 0.1750 -2.5000
v 0.3101 0.1197 -2.5000
v 0.2067 0.0752 -3.0800
v 0.1905 0.1100 -3.0800
v 0.2338 0.1400 -2.9000
v 0.2537 0.0958 -2.9000
v 0.1504 0.0547 -3.1400
v 0.1386 0.0800 -3.1400
v 0.1905 0.1100 -3.0800
v 0.2067 0.0752 -3.0800
v 0.0940 0.0342 -3.2000
v 0.0866 0.0500 -3.2000
v 0.1386 0.0800 -3.1400
v 0.1504 0.0547 -3.1400
v 0.0658 0.0239 -3.3400
v 0.0606 0.0350 -3.3400
v 0.0866 0.0500 -3.2000
v 0.0940 0.0342 -3.2000
v 0.0000 0.0000 -3.5200
v 0.0000 0.0000 -3.5200
v 0.0606 0.0350 -3.3400
v 0.0658 0.0239 -3.3400
v 0.0866 0.0500 3.5800
v 0.0766 0.0643 3.5800
v 0.0000 0.0000 3.6200
v 0.0000 0.0000 3.6200
v 0.1732 0.1050 3.4800
v 0.1532 0.1350 3.4800
v 0.0766 0.0643 3.5800
v 0.0866 0.0500 3.5800
v 0.2425 0.1500 3.3000
v 0.2145 0.1928 3.3000
v 0.1532 0.1350 3.4800
v 0.1732 0.1050 3.4800
v 0.2858 0.1800 3.0000
v 0.2528 0.2314 3.0000
v 0.2145 0.1928 3.3000
v 0.2425 0.1500 3.3000
v 0.2988 0.1875 2.6000
v 0.2643 0.2410 2.6000
v 0.2528 0.2314 3.0000
v 0.2858 0.1800 3.0000
v 0.3031 0.1900 1.0000
v 0.2681 0.2443 1.0000
v 0.2643 0.2410 2.6000
v 0.2988 0.1875 2.6000
v 0.3031 0.1900 -1.5000
v 0.2681 0.2443 -1.5000
v 0.2681 0.2443 1.0000
v 0.3031 0.1900 1.0000
v 0.2858 0.1750 -2.5000
v 0.2528 0.2250 -2.5000
v 0.2681 0.2443 -1.5000
v 0.3031 0.1900 -1.5000
v 0.2338 0.1400 -2.9000
v 0.2068 0.1800 -2.9000
v 0.2528 0.2250 -2.5000
v 0.2858 0.1750 -2.5000
v 0.1905 0.1100 -3.0800
v 0.1685 0.1414 -3.0800
v 0.2068 0.1800 -2.9000
v 0.2338 0.1400 -2.9000
v 0.1386 0.0800 -3.1400
v 0.1226 0.1028 -3.1400
v 0.1685 0.1414 -3.0800
v 0.1905 0.1100 -3.0800
v 0.0866 0.0500 -3.2000
v 0.0766 0.0643 -3.2000
v 0.1226 0.1028 -3.1400
v 0.1386 0.0800 -3.1400
v 0.0606 0.0350 -3.3400
v 0.0536 0.0450 -3.3400
v 0.0766 0.0643 -3.2000
v 0.0866 0.0500 -3.2000
v 0.0000 0.0000 -3.5200
v 0.0000 0.0000 -3.5200
v 0.0536 0.0450 -3.3400
v 0.0606 0.0350 -3.3400
v 0.0766 0.0643 3.5800
v 0.0643 0.0766 3.5800
v 0.0000 0.0000 3.6200
v 0.0000 0.0000 3.6200
v 0.1532 0.1350 3.4800
v 0.1286 0.1609 3.4800
v 0.0643 0.0766 3.5800
v 0.0766 0.0643 3.5800
v 0.2145 0.1928 3.3000
v 0.1800 0.2298 3.3000
v 0.1286 0.1609 3.4800
v 0.1532 0.1350 3.4800
v 0.2528 0.2314 3.0000
v 0.2121 0.2758 3.0000
v 0.1800 0.2298 3.3000
v 0.2145 0.1928 3.3000
v 0.2643 0.2410 2.6000
v 0.2218 0.2873 2.6000
v 0.2121 0.2758 3.0000
v 0.2528 0.2314 3.0000
v 0.2681 0.2443 1.0000
v 0.2250 0.2911 1.0000
v 0.2218 0.2873 2.6000
v 0.2643 0.2410 2.6000
v 0.2681 0.2443 -1.5000
v 0.2250 0.2911 -1.5000
v 0.2250 0.2911 1.0000
v 0.2681 0.2443 1.0000
v 0.2528 0.2250 -2.5000
v 0.2121 0.2681 -2.5000
v 0.2250 0.2911 -1.5000
v 0.2681 0.2443 -1.5000
v 0.2068 0.1800 -2.9000
v 0.1736 0.2145 -2.9000
v 0.2121 0.2681 -2.5000
v 0.2528 0.2250 -2.5000
v 0.1685 0.1414 -3.0800
v 0.1414 0.1685 -3.0800
v 0.1736 0.2145 -2.9000
v 0.2068 0.1800 -2.9000
v 0.1226 0.1028 -3.1400
v 0.1028 0.1226 -3.1400
v 0.1414 0.1685 -3.0800
v 0.1685 0.1414 -3.0800
v 0.0766 0.0643 -3.2000
v 0.0643 0.0766 -3.2000
v 0.1028 0.1226 -3.1400
v 0.1226 0.1028 -3.1400
v 0.0536 0.0450 -3.3400
v 0.0450 0.0536 -3.3400
v 0.0643 0.0766 -3.2000
v 0.0766 0.0643 -3.2000
v 0.0000 0.0000 -3.5200
v 0.0000 0.0000 -3.5200
v 0.0450 0.0536 -3.3400
v 0.0536 0.0450 -3.3400
v 0.0643 0.0766 3.5800
v 0.0500 0.0866 3.5800
v 0.0000 0.0000 3.6200
v 0.0000 0.0000 3.6200
v 0.1286 0.1609 3.4800
v 0.1000 0.1819 3.4800
v 0.0500 0.0866 3.5800
v 0.0643 0.0766 3.5800
v 0.1800 0.2298 3.3000
v 0.1400 0.2598 3.3000
v 0.1000 0.1819 3.4800
v 0.1286 0.1609 3.4800
v 0.2121 0.2758 3.0000
v 0.1650 0.3118 3.0000
v 0.1400 0.2598 3.3000
v 0.1800 0.2298 3.3000
v 0.2218 0.2873 2.6000
v 0.1725 0.3248 2.6000
v 0.1650 0.3118 3.0000
v 0.2121 0.2758 3.0000
v 0.2250 0.2911 1.0000
v 0.1750 0.3291 1.0000
v 0.1725 0.3248 2.6000
v 0.2218 0.2873 2.6000
v 0.2250 0.2911 -1.5000
v 0.1750 0.3291 -1.5000
v 0.1750 0.3291 1.0000
v 0.2250 0.2911 1.0000
v 0.2121 0.2681 -2.5000
v 0.1650 0.3031 -2.5000
v 0.1750 0.3291 -1.5000
v 0.2250 0.2911 -1.5000
v 0.1736 0.2145 -2.9000
v 0.1350 0.2425 -2.9000
v 0.1650 0.3031 -2.5000
v 0.2121 0.2681 -2.5000
v 0.1414 0.1685 -3.0800
v 0.1100 0.1905 -3.0800
v 0.1350 0.2425 -2.9000
v 0.1736 0.2145 -2.9000
v 0.1028 0.1226 -3.1400
v 0.0800 0.1386 -3.1400
v 0.1100 0.1905 -3.0800
v 0.1414 0.1685 -3.0800
v 0.0643 0.0766 -3.2000
v 0.0500 0.0866 -3.2000
v 0.0800 0.1386 -3.1400
v 0.1028 0.1226 -3.1400
v 0.0450 0.0536 -3.3400
v 0.0350 0.0606 -3.3400
v 0.0500 0.0866 -3.2000
v 0.0643 0.0766 -3.2000
v 0.0000 0.0000 -3.5200
v 0.0000 0.0000 -3.5200
v 0.0350 0.0606 -3.3400
v 0.0450 0.0536 -3.3400
v 0.0500 0.0866 3.5800
v 0.0342 0.0940 3.5800
v 0.0000 0.0000 3.6200
v 0.0000 0.0000 3.6200
v 0.1000 0.1819 3.4800
v 0.0684 0.1973 3.4800
v 0.0342 0.0940 3.5800
v 0.0500 0.0866 3.5800
v 0.1400 0.2598 3.3000
v 0.0958 0.2819 3.3000
v 0.0684 0.1973 3.4800
v 0.1000 0.1819 3.4800
v 0.1650 0.3118 3.0000
v 0.1129 0.3383 3.0000
v 0.0958 0.2819 3.3000
v 0.1400 0.2598 3.3000
v 0.1725 0.3248 2.6000
v 0.1180 0.3524 2.6000
v 0.1129 0.3383 3.0000
v 0.1650 0.3118 3.0000
v 0.1750 0.3291 1.0000
v 0.1197 0.3571 1.0000
v 0.1180 0.3524 2.6000
v 0.1725 0.3248 2.6000
v 0.1750 0.3291 -1.5000
v 0.1197 0.3571 -1.5000
v 0.1197 0.3571 1.0000
v 0.1750 0.3291 1.0000
v 0.1650 0.3031 -2.5000
v 0.1129 0.3289 -2.5000
v 0.1197 0.3571 -1.5000
v 0.1750 0.3291 -1.5000
v 0.1350 0.2425 -2.9000
v 0.0923 0.2631 -2.9000
v 0.1129 0.3289 -2.5000
v 0.1650 0.3031 -2.5000
v 0.1100 0.1905 -3.0800
v 0.0752 0.2067 -3.0800
v 0.0923 0.2631 -2.9000
v 0.1350 0.2425 -2.9000
v 0.0800 0.1386 -3.1400
v 0.0547 0.1504 -3.1400
v 0.0752 0.2067 -3.0800
v 0.1100 0.1905 -3.0800
v 0.0500 0.0866 -3.2000
v 0.0342 0.0940 -3.2000
v 0.0547 0.1504 -3.1400
v 0.0800 0.1386 -3.1400
v 0.0350 0.0606 -3.3400
v 0.0239 0.0658 -3.3400
v 0.0342 0.0940 -3.2000
v 0.0500 0.0866 -3.2000
v 0.0000 0.0000 -3.5200
v 0.0000 0.0000 -3.5200
v 0.0239 0.0658 -3.3400
v 0.0350 0.0606 -3.3400
v 0.0342 0.0940 3.5800
v 0.0174 0.0985 3.5800
v 0.0000 0.0000 3.6200
v 0.0000 0.0000 3.6200
v 0.0684 0.1973 3.4800
v 0.0347 0.2068 3.4800
v 0.0174 0.0985 3.5800
v 0.0342 0.0940 3.5800
v 0.0958 0.2819 3.3000
v 0.0486 0.2954 3.3000
v 0.0347 0.2068 3.4800
v 0.0684 0.1973 3.4800
v 0.1129 0.3383 3.0000
v 0.0573 0.3545 3.0000
v 0.0486 0.2954 3.3000
v 0.0958 0.2819 3.3000
v 0.1180 0.3524 2.6000
v 0.0599 0.3693 2.6000
v 0.0573 0.3545 3.0000
v 0.1129 0.3383 3.0000
v 0.1197 0.3571 1.0000
v 0.0608 0.3742 1.0000
v 0.0599 0.3693 2.6000
v 0.1180 0.3524 2.6000
v 0.1197 0.3571 -1.5000
v 0.0608 0.3742 -1.5000
v 0.0608 0.3742 1.0000
v 0.1197 0.3571 1.0000
v 0.1129 0.3289 -2.5000
v 0.0573 0.3447 -2.5000
v 0.0608 0.3742 -1.5000
v 0.1197 0.3571 -1.5000
v 0.0923 0.2631 -2.9000
v 0.0469 0.2757 -2.9000
v 0.0573 0.3447 -2.5000
v 0.1129 0.3289 -2.5000
v 0.0752 0.2067 -3.0800
v 0.0382 0.2167 -3.0800
v 0.0469 0.2757 -2.9000
v 0.0923 0.2631 -2.9000
v 0.0547 0.1504 -3.1400
v 0.0278 0.1576 -3.1400
v 0.0382 0.2167 -3.0800
v 0.0752 0.2067 -3.0800
v 0.0342 0.0940 -3.2000
v 0.0174 0.0985 -3.2000
v 0.0278 0.1576 -3.1400
v 0.0547 0.1504 -3.1400
v 0.0239 0.0658 -3.3400
v 0.0122 0.0689 -3.3400
v 0.0174 0.0985 -3.2000
v 0.0342 0.0940 -3.2000
v 0.0000 0.0000 -3.5200
v 0.0000 0.0000 -3.5200
v 0.0122 0.0689 -3.3400
v 0.0239 0.0658 -3.3400
v 0.0174 0.0985 3.5800
v 0.0000 0.1000 3.5800
v 0.0000 0.0000 3.6200
v 0.0000 0.0000 3.6200
v 0.0347 0.2068 3.4800
v 0.0000 0.2100 3.4800
v 0.0000 0.1000 3.5800
v 0.0174 0.0985 3.5800
v 0.0486 0.2954 3.3000
v 0.0000 0.3000 3.3000
v 0.0000 0.2100 3.4800
v 0.0347 0.2068 3.4800
v 0.0573 0.3545 3.0000
v 0.0000 0.3600 3.0000
v 0.0000 0.3000 3.3000
v 0.0486 0.2954 3.3000
v 0.0599 0.3693 2.6000
v 0.0000 0.3750 2.6000
v 0.0000 0.3600 3.0000
v 0.0573 0.3545 3.0000
v 0.0608 0.3742 1.0000
v 0.0000 0.3800 1.0000
v 0.0000 0.3750 2.6000
v 0.0599 0.3693 2.6000
v 0.0608 0.3742 -1.5000
v 0.0000 0.3800 -1.5000
v 0.0000 0.3800 1.0000
v 0.0608 0.3742 1.0000
v 0.0573 0.3447 -2.5000
v 0.0000 0.3500 -2.5000
v 0.0000 0.3800 -1.5000
v 0.0608 0.3742 -1.5000
v 0.0469 0.2757 -2.9000
v 0.0000 0.2800 -2.9000
v 0.0000 0.3500 -2.5000
v 0.0573 0.3447 -2.5000
v 0.0382 0.2167 -3.0800
v 0.0000 0.2200 -3.0800
v 0.0000 0.2800 -2.9000
v 0.0469 0.2757 -2.9000
v 0.0278 0.1576 -3.1400
v 0.0000 0.1600 -3.1400
v 0.0000 0.2200 -3.0800
v 0.0382 0.2167 -3.0800
v 0.0174 0.0985 -3.2000
v 0.0000 0.1000 -3.2000
v 0.0000 0.1600 -3.1400
v 0.0278 0.1576 -3.1400
v 0.0122 0.0689 -3.3400
v 0.0000 0.0700 -3.3400
v 0.0000 0.1000 -3.2000
v 0.0174 0.0985 -3.2000
v 0.0000 0.0000 -3.5200
v 0.0000 0.0000 -3.5200
v 0.0000 0.0700 -3.3400
v 0.0122 0.0689 -3.3400
v 0.0000 0.1000 3.5800
v -0.0174 0.0985 3.5800
v 0.0000 0.0000 3.6200
v 0.0000 0.0000 3.6200
v 0.0000 0.2100 3.4800
v -0.0347 0.2068 3.4800
v -0.0174 0.0985 3.5800
v 0.0000 0.1000 3.5800
v 0.0000 0.3000 3.3000
v -0.0486 0.2954 3.3000
v -0.0347 0.2068 3.4800
v 0.0000 0.2100 3.4800
v 0.0000 0.3600 3.0000
v -0.0573 0.3545 3.0000
v -0.0486 0.2954 3.3000
v 0.0000 0.3000 3.3000
v 0.0000 0.3750 2.6000
v -0.0599 0.3693 2.6000
v -0.0573 0.3545 3.0000
v 0.0000 0.3600 3.0000
v 0.0000 0.3800 1.0000
v -0.0608 0.3742 1.0000
v -0.0599 0.3693 2.6000
v 0.0000 0.3750 2.6000
v 0.0000 0.3800 -1.5000
v -0.0608 0.3742 -1.5000
v -0.0608 0.3742 1.0000
v 0.0000 0.3800 1.0000
v 0.0000 0.3500 -2.5000
v -0.0573 0.3447 -2.5000
v -0.0608 0.3742 -1.5000
v 0.0000 0.3800 -1.5000
v 0.0000 0.2800 -2.9000
v -0.0469 0.2757 -2.9000
v -0.0573 0.3447 -2.5000
v 0.0000 0.3500 -2.5000
v 0.0000 0.2200 -3.0800
v -0.0382 0.2167 -3.0800
v -0.0469 0.2757 -2.9000
v 0.0000 0.2800 -2.9000
v 0.0000 0.1600 -3.1400
v -0.0278 0.1576 -3.1400
v -0.0382 0.2167 -3.0800
v 0.0000 0.2200 -3.0800
v 0.0000 0.1000 -3.2000
v -0.0174 0.0985 -3.2000
v -0.0278 0.1576 -3.1400
v 0.0000 0.1600 -3.1400
v 0.0000 0.0700 -3.3400
v -0.0122 0.0689 -3.3400
v -0.0174 0.0985 -3.2000
v 0.0000 0.1000 -3.2000
v 0.0000 0.0000 -3.5200
v 0.0000 0.0000 -3.5200
v -0.0122 0.0689 -3.3400
v 0.0000 0.0700 -3.3400
v -0.0174 0.0985 3.5800
v -0.0342 0.0940 3.5800
v 0.0000 0.0000 3.6200
v 0.0000 0.0000 3.6200
v -0.0347 0.2068 3.4800
v -0.0684 0.1973 3.4800
v -0.0342 0.0940 3.5800
v -0.0174 0.0985 3.5800
v -0.0486 0.2954 3.3000
v -0.0958 0.2819 3.3000
v -0.0684 0.1973 3.4800
v -0.0347 0.2068 3.4800
v -0.0573 0.3545 3.0000
v -0.1129 0.3383 3.0000
v -0.0958 0.2819 3.3000
v -0.0486 0.2954 3.3000
v -0.0599 0.3693 2.6000
v -0.1180 0.3524 2.6000
v -0.1129 0.3383 3.0000
v -0.0573 0.3545 3.0000
v -0.0608 0.3742 1.0000
v -0.1197 0.3571 1.0000
v -0.1180 0.3524 2.6000
v -0.0599 0.3693 2.6000
v -0.0608 0.3742 -1.5000
v -0.1197 0.3571 -1.5000
v -0.1197 0.3571 1.0000
v -0.0608 0.3742 1.0000
v -0.0573 0.3447 -2.5000
v -0.1129 0.3289 -2.5000
v -0.1197 0.3571 -1.5000
v -0.0608 0.3742 -1.5000
v -0.0469 0.2757 -2.9000
v -0.0923 0.2631 -2.9000
v -0.1129 0.3289 -2.5000
v -0.0573 0.3447 -2.5000
v -0.0382 0.2167 -3.0800
v -0.0752 0.2067 -3.0800
v -0.0923 0.2631 -2.9000
v -0.0469 0.2757 -2.9000
v -0.0278 0.1576 -3.1400
v -0.0547 0.1504 -3.1400
v -0.0752 0.2067 -3.0800
v -0.0382 0.2167 -3.0800
v -0.0174 0.0985 -3.2000
v -0.0342 0.0940 -3.2000
v -0.0547 0.1504 -3.1400
v -0.0278 0.1576 -3.1400
v -0.0122 0.0689 -3.3400
v -0.0239 0.0658 -3.3400
v -0.0342 0.0940 -3.2000
v -0.0174 0.0985 -3.2000
v 0.0000 0.0000 -3.5200
v 0.0000 0.0000 -3.5200
v -0.0239 0.0658 -3.3400
v -0.0122 0.0689 -3.3400
v -0.0342 0.0940 3.5800
v -0.0500 0.0866 3.5800
v 0.0000 0.0000 3.6200
v 0.0000 0.0000 3.6200
v -0.0684 0.1973 3.4800
v -0.1000 0.1819 3.4800
v -0.0500 0.0866 3.5800
v -0.0342 0.0940 3.5800
v -0.0958 0.2819 3.3000
v -0.1400 0.2598 3.3000
v -0.1000 0.1819 3.4800
v -0.0684 0.1973 3.4800
v -0.1129 0.3383 3.0000
v -0.1650 0.3118 3.0000
v -0.1400 0.2598 3.3000
v -0.0958 0.2819 3.3000
v -0.1180 0.3524 2.6000
v -0.1725 0.3248 2.6000
v -0.1650 0.3118 3.0000
v -0.1129 0.3383 3.0000
v -0.1197 0.3571 1.0000
v -0.1750 0.3291 1.0000
v -0.1725 0.3248 2.6000
v -0.1180 0.3524 2.6000
v -0.1197 0.3571 -1.5000
v -0.1750 0.3291 -1.5000
v -0.1750 0.3291 1.0000
v -0.1197 0.3571 1.0000
v -0.1129 0.3289 -2.5000
v -0.1650 0.3031 -2.5000
v -0.1750 0.3291 -1.5000
v -0.1197 0.3571 -1.5000
v -0.0923 0.2631 -2.9000
v -0.1350 0.2425 -2.9000
v -0.1650 0.3031 -2.5000
v -0.1129 0.3289 -2.5000
v -0.0752 0.2067 -3.0800
v -0.1100 0.1905 -3.0800
v -0.1350 0.2425 -2.9000
v -0.0923 0.2631 -2.9000
v -0.0547 0.1504 -3.1400
v -0.0800 0.1386 -3.1400
v -0.1100 0.1905 -3.0800
v -0.0752 0.2067 -3.0800
v -0.0342 0.0940 -3.2000
v -0.0500 0.0866 -3.2000
v -0.0800 0.1386 -3.1400
v -0.0547 0.1504 -3.1400
v -0.0239 0.0658 -3.3400
v -0.0350 0.0606 -3.3400
v -0.0500 0.0866 -3.2000
v -0.0342 0.0940 -3.2000
v 0.0000 0.0000 -3.5200
v 0.0000 0.0000 -3.5200
v -0.0350 0.0606 -3.3400
v -0.0239 0.0658 -3.3400
v -0.0500 0.0866 3.5800
v -0.0643 0.0766 3.5800
v 0.0000 0.0000 3.6200
v 0.0000 0.0000 3.6200
v -0.1000 0.1819 3.4800
v -0.1286 0.1609 3.4800
v -0.0643 0.0766 3.5800
v -0.0500 0.0866 3.5800
v -0.1400 0.2598 3.3000
v -0.1800 0.2298 3.3000
v -0.1286 0.1609 3.4800
v -0.1000 0.1819 3.4800
v -0.1650 0.3118 3.0000
v -0.2121 0.2758 3.0000
v -0.1800 0.2298 3.3000
v -0.1400 0.2598 3.3000
v -0.1725 0.3248 2.6000
v -0.2218 0.2873 2.6000
v -0.2121 0.2758 3.0000
v -0.1650 0.3118 3.0000
v -0.1750 0.3291 1.0000
v -0.2250 0.2911 1.0000
v -0.2218 0.2873 2.6000
v -0.1725 0.3248 2.6000
v -0.1750 0.3291 -1.5000
v -0.2250 0.2911 -1.5000
v -0.2250 0.2911 1.0000
v -0.1750 0.3291 1.0000
v -0.1650 0.3031 -2.5000
v -0.2121 0.2681 -2.5000
v -0.2250 0.2911 -1.5000
v -0.1750 0.3291 -1.5000
v -0.1350 0.2425 -2.9000
v -0.1736 0.2145 -2.9000
v -0.2121 0.2681 -2.5000
v -0.1650 0.3031 -2.5000
v -0.1100 0.1905 -3.0800
v -0.1414 0.1685 -3.0800
v -0.1736 0.2145 -2.9000
v -0.1350 0.2425 -2.9000
v -0.0800 0.1386 -3.1400
v -0.1028 0.1226 -3.1400
v -0.1414 0.1685 -3.0800
v -0.1100 0.1905 -3.0800
v -0.0500 0.0866 -3.2000
v -0.0643 0.0766 -3.2000
v -0.1028 0.1226 -3.1400
v -0.0800 0.1386 -3.1400
v -0.0350 0.0606 -3.3400
v -0.0450 0.0536 -3.3400
v -0.0643 0.0766 -3.2000
v -0.0500 0.0866 -3.2000
v 0.0000 0.0000 -3.5200
v 0.0000 0.0000 -3.5200
v -0.0450 0.0536 -3.3400
v -0.0350 0.0606 -3.3400
v -0.0643 0.0766 3.5800
v -0.0766 0.0643 3.5800
v 0.0000 0.0000 3.6200
v 0.0000 0.0000 3.6200
v -0.1286 0.1609 3.4800
v -0.1532 0.1350 3.4800
v -0.0766 0.0643 3.5800
v -0.0643 0.0766 3.5800
v -0.1800 0.2298 3.3000
v -0.2145 0.1928 3.3000
v -0.1532 0.1350 3.4800
v -0.1286 0.1609 3.4800
v -0.2121 0.2758 3.0000
v -0.2528 0.2314 3.0000
v -0.2145 0.1928 3.3000
v -0.1800 0.2298 3.3000
v -0.2218 0.2873 2.6000
v -0.2643 0.2410 2.6000
v -0.2528 0.2314 3.0000
v -0.2121 0.2758 3.0000
v -0.2250 0.2911 1.0000
v -0.2681 0.2443 1.0000
v -0.2643 0.2410 2.6000
v -0.2218 0.2873 2.6000
v -0.2250 0.2911 -1.5000
v -0.2681 0.2443 -1.5000
v -0.2681 0.2443 1.0000
v -0.2250 0.2911 1.0000
v -0.2121 0.2681 -2.5000
v -0.2528 0.2250 -2.5000
v -0.2681 0.2443 -1.5000
v -0.2250 0.2911 -1.5000
v -0.1736 0.2145 -2.9000
v -0.2068 0.1800 -2.9000
v -0.2528 0.2250 -2.5000
v -0.2121 0.2681 -2.5000
v -0.1414 0.1685 -3.0800
v -0.1685 0.1414 -3.0800
v -0.2068 0.1800 -2.9000
v -0.1736 0.2145 -2.9000
v -0.1028 0.1226 -3.1400
v -0.1226 0.1028 -3.1400
v -0.1685 0.1414 -3.0800
v -0.1414 0.1685 -3.0800
v -0.0643 0.0766 -3.2000
v -0.0766 0.0643 -3.2000
v -0.1226 0.1028 -3.1400
v -0.1028 0.1226 -3.1400
v -0.0450 0.0536 -3.3400
v -0.0536 0.0450 -3.3400
v -0.0766 0.0643 -3.2000
v -0.0643 0.0766 -3.2000
v 0.0000 0.0000 -3.5200
v 0.0000 0.0000 -3.5200
v -0.0536 0.0450 -3.3400
v -0.0450 0.0536 -3.3400
v -0.0766 0.0643 3.5800
v -0.0866 0.0500 3.5800
v 0.0000 0.0000 3.6200
v 0.0000 0.0000 3.6200
v -0.1532 0.1350 3.4800
v -0.1732 0.1050 3.4800
v -0.0866 0.0500 3.5800
v -0.0766 0.0643 3.5800
v -0.2145 0.1928 3.3000
v -0.2425 0.1500 3.3000
v -0.1732 0.1050 3.4800
v -0.1532 0.1350 3.4800
v -0.2528 0.2314 3.0000
v -0.2858 0.1800 3.0000
v -0.2425 0.1500 3.3000
v -0.2145 0.1928 3.3000
v -0.2643 0.2410 2.6000
v -0.2988 0.1875 2.6000
v -0.2858 0.1800 3.0000
v -0.2528 0.2314 3.0000
v -0.2681 0.2443 1.0000
v -0.3031 0.1900 1.0000
v -0.2988 0.1875 2.6000
v -0.2643 0.2410 2.6000
v -0.2681 0.2443 -1.5000
v -0.3031 0.1900 -1.5000
v -0.3031 0.1900 1.0000
v -0.2681 0.2443 1.0000
v -0.2528 0.2250 -2.5000
v -0.2858 0.1750 -2.5000
v -0.3031 0.1900 -1.5000
v -0.2681 0.2443 -1.5000
v -0.2068 0.1800 -2.9000
v -0.2338 0.1400 -2.9000
v -0.2858 0.1750 -2.5000
v -0.2528 0.2250 -2.5000
v -0.1685 0.1414 -3.0800
v -0.1905 0.1100 -3.0800
v -0.2338 0.1400 -2.9000
v -0.2068 0.1800 -2.9000
v -0.1226 0.1028 -3.1400
v -0.1386 0.0800 -3.1400
v -0.1905 0.1100 -3.0800
v -0.1685 0.1414 -3.0800
v -0.0766 0.0643 -3.2000
v -0.0866 0.0500 -3.2000
v -0.1386 0.0800 -3.1400
v -0.1226 0.1028 -3.1400
v -0.0536 0.0450 -3.3400
v -0.0606 0.0350 -3.3400
v -0.0866 0.0500 -3.2000
v -0.0766 0.0643 -3.2000
v 0.0000 0.0000 -3.5200
v 0.0000 0.0000 -3.5200
v -0.0606 0.0350 -3.3400
v -0.0536 0.0450 -3.3400
v -0.0866 0.0500 3.5800
v -0.0940 0.0342 3.5800
v 0.0000 0.0000 3.6200
v 0.0000 0.0000 3.6200
v -0.1732 0.1050 3.4800
v -0.1879 0.0718 3.4800
v -0.0940 0.0342 3.5800
v -0.0866 0.0500 3.5800
v -0.2425 0.1500 3.3000
v -0.2631 0.1026 3.3000
v -0.1879 0.0718 3.4800
v -0.1732 0.1050 3.4800
v -0.2858 0.1800 3.0000
v -0.3101 0.1231 3.0000
v -0.2631 0.1026 3.3000
v -0.2425 0.1500 3.3000
v -0.2988 0.1875 2.6000
v -0.3242 0.1283 2.6000
v -0.3101 0.1231 3.0000
v -0.2858 0.1800 3.0000
v -0.3031 0.1900 1.0000
v -0.3289 0.1300 1.0000
v -0.3242 0.1283 2.6000
v -0.2988 0.1875 2.6000
v -0.3031 0.1900 -1.5000
v -0.3289 0.1300 -1.5000
v -0.3289 0.1300 1.0000
v -0.3031 0.1900 1.0000
v -0.2858 0.1750 -2.5000
v -0.3101 0.1197 -2.5000
v -0.3289 0.1300 -1.5000
v -0.3031 0.1900 -1.5000
v -0.2338 0.1400 -2.9000
v -0.2537 0.0958 -2.9000
v -0.3101 0.1197 -2.5000
v -0.2858 0.1750 -2.5000
v -0.1905 0.1100 -3.0800
v -0.2067 0.0752 -3.0800
v -0.2537 0.0958 -2.9000
v -0.2338 0.1400 -2.9000
v -0.1386 0.0800 -3.1400
v -0.1504 0.0547 -3.1400
v -0.2067 0.0752 -3.0800
v -0.1905 0.1100 -3.0800
v -0.0866 0.0500 -3.2000
v -0.0940 0.0342 -3.2000
v -0.1504 0.0547 -3.1400
v -0.1386 0.0800 -3.1400
v -0.0606 0.0350 -3.3400
v -0.0658 0.0239 -3.3400
v -0.0940 0.0342 -3.2000
v -0.0866 0.0500 -3.2000
v 0.0000 0.0000 -3.5200
v 0.0000 0.0000 -3.5200
v -0.0658 0.0239 -3.3400
v -0.0606 0.0350 -3.3400
v -0.0940 0.0342 3.5800
v -0.0985 0.0174 3.5800
v 0.0000 0.0000 3.6200
v 0.0000 0.0000 3.6200
v -0.1879 0.0718 3.4800
v -0.1970 0.0365 3.4800
v -0.0985 0.0174 3.5800
v -0.0940 0.0342 3.5800
v -0.2631 0.1026 3.3000
v -0.2757 0.0521 3.3000
v -0.1970 0.0365 3.4800
v -0.1879 0.0718 3.4800
v -0.3101 0.1231 3.0000
v -0.3250 0.0625 3.0000
v -0.2757 0.0521 3.3000
v -0.2631 0.1026 3.3000
v -0.3242 0.1283 2.6000
v -0.3398 0.0651 2.6000
v -0.3250 0.0625 3.0000
v -0.3101 0.1231 3.0000
v -0.3289 0.1300 1.0000
v -0.3447 0.0660 1.0000
v -0.3398 0.0651 2.6000
v -0.3242 0.1283 2.6000
v -0.3289 0.1300 -1.5000
v -0.3447 0.0660 -1.5000
v -0.3447 0.0660 1.0000
v -0.3289 0.1300 1.0000
v -0.3101 0.1197 -2.5000
v -0.3250 0.0608 -2.5000
v -0.3447 0.0660 -1.5000
v -0.3289 0.1300 -1.5000
v -0.2537 0.0958 -2.9000
v -0.2659 0.0486 -2.9000
v -0.3250 0.0608 -2.5000
v -0.3101 0.1197 -2.5000
v -0.2067 0.0752 -3.0800
v -0.2167 0.0382 -3.0800
v -0.2659 0.0486 -2.9000
v -0.2537 0.0958 -2.9000
v -0.1504 0.0547 -3.1400
v -0.1576 0.0278 -3.1400
v -0.2167 0.0382 -3.0800
v -0.2067 0.0752 -3.0800
v -0.0940 0.0342 -3.2000
v -0.0985 0.0174 -3.2000
v -0.1576 0.0278 -3.1400
v -0.1504 0.0547 -3.1400
v -0.0658 0.0239 -3.3400
v -0.0689 0.0122 -3.3400
v -0.0985 0.0174 -3.2000
v -0.0940 0.0342 -3.2000
v 0.0000 0.0000 -3.5200
v 0.0000 0.0000 -3.5200
v -0.0689 0.0122 -3.3400
v -0.0658 0.0239 -3.3400
v -0.0985 0.0174 3.5800
v -0.1000 0.0000 3.5800
v 0.0000 0.0000 3.6200
v 0.0000 0.0000 3.6200
v -0.1970 0.0365 3.4800
v -0.2000 0.0000 3.4800
v -0.1000 0.0000 3.5800
v -0.0985 0.0174 3.5800
v -0.2757 0.0521 3.3000
v -0.2800 0.0000 3.3000
v -0.2000 0.0000 3.4800
v -0.1970 0.0365 3.4800
v -0.3250 0.0625 3.0000
v -0.3300 0.0000 3.0000
v -0.2800 0.0000 3.3000
v -0.2757 0.0521 3.3000
v -0.3398 0.0651 2.6000
v -0.3450 0.0000 2.6000
v -0.3300 0.0000 3.0000
v -0.3250 0.0625 3.0000
v -0.3447 0.0660 1.0000
v -0.3500 0.0000 1.0000
v -0.3450 0.0000 2.6000
v -0.3398 0.0651 2.6000
v -0.3447 0.0660 -1.5000
v -0.3500 0.0000 -1.5000
v -0.3500 0.0000 1.0000
v -0.3447 0.0660 1.0000
v -0.3250 0.0608 -2.5000
v -0.3300 0.0000 -2.5000
v -0.3500 0.0000 -1.5000
v -0.3447 0.0660 -1.5000
v -0.2659 0.0486 -2.9000
v -0.2700 0.0000 -2.9000
v -0.3300 0.0000 -2.5000
v -0.3250 0.0608 -2.5000
v -0.2167 0.0382 -3.0800
v -0.2200 0.0000 -3.0800
v -0.2700 0.0000 -2.9000
v -0.2659 0.0486 -2.9000
v -0.1576 0.0278 -3.1400
v -0.1600 0.0000 -3.1400
v -0.2200 0.0000 -3.0800
v -0.2167 0.0382 -3.0800
v -0.0985 0.0174 -3.2000
v -0.1000 0.0000 -3.2000
v -0.1600 0.0000 -3.1400
v -0.1576 0.0278 -3.1400
v -0.0689 0.0122 -3.3400
v -0.0700 0.0000 -3.3400
v -0.1000 0.0000 -3.2000
v -0.0985 0.0174 -3.2000
v 0.0000 0.0000 -3.5200
v 0.0000 0.0000 -3.5200
v -0.0700 0.0000 -3.3400
v -0.0689 0.0122 -3.3400
v -0.1000 0.0000 3.5800
v -0.0985 -0.0174 3.5800
v 0.0000 0.0000 3.6200
v 0.0000 0.0000 3.6200
v -0.2000 0.0000 3.4800
v -0.1970 -0.0365 3.4800
v -0.0985 -0.0174 3.5800
v -0.1000 0.0000 3.5800
v -0.2800 0.0000 3.3000
v -0.2757 -0.0521 3.3000
v -0.1970 -0.0365 3.4800
v -0.2000 0.0000 3.4800
v -0.3300 0.0000 3.0000
v -0.3250 -0.0625 3.0000
v -0.2757 -0.0521 3.3000
v -0.2800 0.0000 3.3000
v -0.3450 0.0000 2.6000
v -0.3398 -0.0651 2.6000
v -0.3250 -0.0625 3.0000
v -0.3300 0.0000 3.0000
v -0.3500 0.0000 1.0000
v -0.3447 -0.0660 1.0000
v -0.3398 -0.0651 2.6000
v -0.3450 0.0000 2.6000
v -0.3500 0.0000 -1.5000
v -0.3447 -0.0660 -1.5000
v -0.3447 -0.0660 1.0000
v -0.3500 0.0000 1.0000
v -0.3300 0.0000 -2.5000
v -0.3250 -0.0608 -2.5000
v -0.3447 -0.0660 -1.5000
v -0.3500 0.0000 -1.5000
v -0.2700 0.0000 -2.9000
v -0.2659 -0.0486 -2.9000
v -0.3250 -0.0608 -2.5000
v -0.3300 0.0000 -2.5000
v -0.2200 0.0000 -3.0800
v -0.2167 -0.0382 -3.0800
v -0.2659 -0.0486 -2.9000
v -0.2700 0.0000 -2.9000
v -0.1600 0.0000 -3.1400
v -0.1576 -0.0278 -3.1400
v -0.2167 -0.0382 -3.0800
v -0.2200 0.0000 -3.0800
v -0.1000 0.0000 -3.2000
v -0.0985 -0.0174 -3.2000
v -0.1576 -0.0278 -3.1400
v -0.1600 0.0000 -3.1400
v -0.0700 0.0000 -3.3400
v -0.0689 -0.0122 -3.3400
v -0.0985 -0.0174 -3.2000
v -0.1000 0.0000 -3.2000
v 0.0000 0.0000 -3.5200
v 0.0000 0.0000 -3.5200
v -0.0689 -0.0122 -3.3400
v -0.0700 0.0000 -3.3400
v -0.0985 -0.0174 3.5800
v -0.0940 -0.0342 3.5800
v 0.0000 0.0000 3.6200
v 0.0000 0.0000 3.6200
v -0.1970 -0.0365 3.4800
v -0.1879 -0.0718 3.4800
v -0.0940 -0.0342 3.5800
v -0.0985 -0.0174 3.5800
v -0.2757 -0.0521 3.3000
v -0.2631 -0.1026 3.3000
v -0.1879 -0.0718 3.4800
v -0.1970 -0.0365 3.4800
v -0.3250 -0.0625 3.0000
v -0.3101 -0.1231 3.0000
v -0.2631 -0.1026 3.3000
v -0.2757 -0.0521 3.3000
v -0.3398 -0.0651 2.6000
v -0.3242 -0.1283 2.6000
v -0.3101 -0.1231 3.0000
v -0.3250 -0.0625 3.0000
v -0.3447 -0.0660 1.0000
v -0.3289 -0.1300 1.0000
v -0.3242 -0.1283 2.6000
v -0.3398 -0.0651 2.6000
v -0.3447 -0.0660 -1.5000
v -0.3289 -0.1300 -1.5000
v -0.3289 -0.1300 1.0000
v -0.3447 -0.0660 1.0000
v -0.3250 -0.0608 -2.5000
v -0.3101 -0.1197 -2.5000
v -0.3289 -0.1300 -1.5000
v -0.3447 -0.0660 -1.5000
v -0.2659 -0.0486 -2.9000
v -0.2537 -0.0958 -2.9000
v -0.3101 -0.1197 -2.5000
v -0.3250 -0.0608 -2.5000
v -0.2167 -0.0382 -3.0800
v -0.2067 -0.0752 -3.0800
v -0.2537 -0.0958 -2.9000
v -0.2659 -0.0486 -2.9000
v -0.1576 -0.0278 -3.1400
v -0.1504 -0.0547 -3.1400
v -0.2067 -0.0752 -3.0800
v -0.2167 -0.0382 -3.0800
v -0.0985 -0.0174 -3.2000
v -0.0940 -0.0342 -3.2000
v -0.1504 -0.0547 -3.1400
v -0.1576 -0.0278 -3.1400
v -0.0689 -0.0122 -3.3400
v -0.0658 -0.0239 -3.3400
v -0.0940 -0.0342 -3.2000
v -0.0985 -0.0174 -3.2000
v 0.0000 0.0000 -3.5200
v 0.0000 0.0000 -3.5200
v -0.0658 -0.0239 -3.3400
v -0.0689 -0.0122 -3.3400
v -0.0940 -0.0342 3.5800
v -0.0866 -0.0500 3.5800
v 0.0000 0.0000 3.6200
v 0.0000 0.0000 3.6200
v -0.1879 -0.0718 3.4800
v -0.1732 -0.1050 3.4800
v -0.0866 -0.0500 3.5800
v -0.0940 -0.0342 3.5800
v -0.2631 -0.1026 3.3000
v -0.2425 -0.1500 3.3000
v -0.1732 -0.1050 3.4800
v -0.1879 -0.0718 3.4800
v -0.3101 -0.1231 3.0000
v -0.2858 -0.1800 3.0000
v -0.2425 -0.1500 3.3000
v -0.2631 -0.1026 3.3000
v -0.3242 -0.1283 2.6000
v -0.2988 -0.1875 2.6000
v -0.2858 -0.1800 3.0000
v -0.3101 -0.1231 3.0000
v -0.3289 -0.1300 1.0000
v -0.3031 -0.1900 1.0000
v -0.2988 -0.1875 2.6000
v -0.3242 -0.1283 2.6000
v -0.3289 -0.1300 -1.5000
v -0.3031 -0.1900 -1.5000
v -0.3031 -0.1900 1.0000
v -0.3289 -0.1300 1.0000
v -0.3101 -0.1197 -2.5000
v -0.2858 -0.1750 -2.5000
v -0.3031 -0.1900 -1.5000
v -0.3289 -0.1300 -1.5000
v -0.2537 -0.0958 -2.9000
v -0.2338 -0.1400 -2.9000
v -0.2858 -0.1750 -2.5000
v -0.3101 -0.1197 -2.5000
v -0.2067 -0.0752 -3.0800
v -0.1905 -0.1100 -3.0800
v -0.2338 -0.1400 -2.9000
v -0.2537 -0.0958 -2.9000
v -0.1504 -0.0547 -3.1400
v -0.1386 -0.0800 -3.1400
v -0.1905 -0.1100 -3.0800
v -0.2067 -0.0752 -3.0800
v -0.0940 -0.0342 -3.2000
v -0.0866 -0.0500 -3.2000
v -0.1386 -0.0800 -3.1400
v -0.1504 -0.0547 -3.1400
v -0.0658 -0.0239 -3.3400
v -0.0606 -0.0350 -3.3400
v -0.0866 -0.0500 -3.2000
v -0.0940 -0.0342 -3.2000
v 0.0000 0.0000 -3.5200
v 0.0000 0.0000 -3.5200
v -0.0606 -0.0350 -3.3400
v -0.0658 -0.0239 -3.3400
v -0.0866 -0.0500 3.5800
v -0.0766 -0.0643 3.5800
v 0.0000 0.0000 3.6200
v 0.0000 0.0000 3.6200
v -0.1732 -0.1050 3.4800
v -0.1532 -0.1350 3.4800
v -0.0766 -0.0643 3.5800
v -0.0866 -0.0500 3.5800
v -0.2425 -0.1500 3.3000
v -0.2145 -0.1928 3.3000
v -0.1532 -0.1350 3.4800
v -0.1732 -0.1050 3.4800
v -0.2858 -0.1800 3.0000
v -0.2528 -0.2314 3.0000
v -0.2145 -0.1928 3.3000
v -0.2425 -0.1500 3.3000
v -0.2988 -0.1875 2.6000
v -0.2643 -0.2410 2.6000
v -0.2528 -0.2314 3.0000
v -0.2858 -0.1800 3.0000
v -0.3031 -0.1900 1.0000
v -0.2681 -0.2443 1.0000
v -0.2643 -0.2410 2.6000
v -0.2988 -0.1875 2.6000
v -0.3031 -0.1900 -1.5000
v -0.2681 -0.2443 -1.5000
v -0.2681 -0.2443 1.0000
v -0.3031 -0.1900 1.0000
v -0.2858 -0.1750 -2.5000
v -0.2528 -0.2250 -2.5000
v -0.2681 -0.2443 -1.5000
v -0.3031 -0.1900 -1.5000
v -0.2338 -0.1400 -2.9000
v -0.2068 -0.1800 -2.9000
v -0.2528 -0.2250 -2.5000
v -0.2858 -0.1750 -2.5000
v -0.1905 -0.1100 -3.0800
v -0.1685 -0.1414 -3.0800
v -0.2068 -0.1800 -2.9000
v -0.2338 -0.1400 -2.9000
v -0.1386 -0.0800 -3.1400
v -0.1226 -0.1028 -3.1400
v -0.1685 -0.1414 -3.0800
v -0.1905 -0.1100 -3.0800
v -0.0866 -0.0500 -3.2000
v -0.0766 -0.0643 -3.2000
v -0.1226 -0.1028 -3.1400
v -0.1386 -0.0800 -3.1400
v -0.0606 -0.0350 -3.3400
v -0.0536 -0.0450 -3.3400
v -0.0766 -0.0643 -3.2000
v -0.0866 -0.0500 -3.2000
v 0.0000 0.0000 -3.5200
v 0.0000 0.0000 -3.5200
v -0.0536 -0.0450 -3.3400
v -0.0606 -0.0350 -3.3400
v -0.0766 -0.0643 3.5800
v -0.0643 -0.0766 3.5800
v 0.0000 0.0000 3.6200
v 0.0000 0.0000 3.6200
v -0.1532 -0.1350 3.4800
v -0.1286 -0.1609 3.4800
v -0.0643 -0.0766 3.5800
v -0.0766 -0.0643 3.5800
v -0.2145 -0.1928 3.3000
v -0.1800 -0.2298 3.3000
v -0.1286 -0.1609 3.4800
v -0.1532 -0.1350 3.4800
v -0.2528 -0.2314 3.0000
v -0.2121 -0.2758 3.0000
v -0.1800 -0.2298 3.3000
v -0.2145 -0.1928 3.3000
v -0.2643 -0.2410 2.6000
v -0.2218 -0.2873 2.6000
v -0.2121 -0.2758 3.0000
v -0.2528 -0.2314 3.0000
v -0.2681 -0.2443 1.0000
v -0.2250 -0.2911 1.0000
v -0.2218 -0.2873 2.6000
v -0.2643 -0.2410 2.6000
v -0.2681 -0.2443 -1.5000
v -0.2250 -0.2911 -1.5000
v -0.2250 -0.2911 1.0000
v -0.2681 -0.2443 1.0000
v -0.2528 -0.2250 -2.5000
v -0.2121 -0.2681 -2.5000
v -0.2250 -0.2911 -1.5000
v -0.2681 -0.2443 -1.5000
v -0.2068 -0.1800 -2.9000
v -0.1736 -0.2145 -2.9000
v -0.2121 -0.2681 -2.5000
v -0.2528 -0.2250 -2.5000
v -0.1685 -0.1414 -3.0800
v -0.1414 -0.1685 -3.0800
v -0.1736 -0.2145 -2.9000
v -0.2068 -0.1800 -2.9000
v -0.1226 -0.1028 -3.1400
v -0.1028 -0.1226 -3.1400
v -0.1414 -0.1685 -3.0800
v -0.1685 -0.1414 -3.0800
v -0.0766 -0.0643 -3.2000
v -0.0643 -0.0766 -3.2000
v -0.1028 -0.1226 -3.1400
v -0.1226 -0.1028 -3.1400
v -0.0536 -0.0450 -3.3400
v -0.0450 -0.0536 -3.3400
v -0.0643 -0.0766 -3.2000
v -0.0766 -0.0643 -3.2000
v 0.0000 0.0000 -3.5200
v 0.0000 0.0000 -3.5200
v -0.0450 -0.0536 -3.3400
v -0.0536 -0.0450 -3.3400
v -0.0643 -0.0766 3.5800
v -0.0500 -0.0866 3.5800
v 0.0000 0.0000 3.6200
v 0.0000 0.0000 3.6200
v -0.1286 -0.1609 3.4800
v -0.1000 -0.1819 3.4800
v -0.0500 -0.0866 3.5800
v -0.0643 -0.0766 3.5800
v -0.1800 -0.2298 3.3000
v -0.1400 -0.2598 3.3000
v -0.1000 -0.1819 3.4800
v -0.1286 -0.1609 3.4800
v -0.2121 -0.2758 3.0000
v -0.1650 -0.3118 3.0000
v -0.1400 -0.2598 3.3000
v -0.1800 -0.2298 3.3000
v -0.2218 -0.2873 2.6000
v -0.1725 -0.3248 2.6000
v -0.1650 -0.3118 3.0000
v -0.2121 -0.2758 3.0000
v -0.2250 -0.2911 1.0000
v -0.1750 -0.3291 1.0000
v -0.1725 -0.3248 2.6000
v -0.2218 -0.2873 2.6000
v -0.2250 -0.2911 -1.5000
v -0.1750 -0.3291 -1.5000
v -0.1750 -0.3291 1.0000
v -0.2250 -0.2911 1.0000
v -0.2121 -0.2681 -2.5000
v -0.1650 -0.3031 -2.5000
v -0.1750 -0.3291 -1.5000
v -0.2250 -0.2911 -1.5000
v -0.1736 -0.2145 -2.9000
v -0.1350 -0.2425 -2.9000
v -0.1650 -0.3031 -2.5000
v -0.2121 -0.2681 -2.5000
v -0.1414 -0.1685 -3.0800
v -0.1100 -0.1905 -3.0800
v -0.1350 -0.2425 -2.9000
v -0.1736 -0.2145 -2.9000
v -0.1028 -0.1226 -3.1400
v -0.0800 -0.1386 -3.1400
v -0.1100 -0.1905 -3.0800
v -0.1414 -0.1685 -3.0800
v -0.0643 -0.0766 -3.2000
v -0.0500 -0.0866 -3.2000
v -0.0800 -0.1386 -3.1400
v -0.1028 -0.1226 -3.1400
v -0.0450 -0.0536 -3.3400
v -0.0350 -0.0606 -3.3400
v -0.0500 -0.0866 -3.2000
v -0.0643 -0.0766 -3.2000
v 0.0000 0.0000 -3.5200
v 0.0000 0.0000 -3.5200
v -0.0350 -0.0606 -3.3400
v -0.0450 -0.0536 -3.3400
v -0.0500 -0.0866 3.5800
v -0.0342 -0.0940 3.5800
v 0.0000 0.0000 3.6200
v 0.0000 0.0000 3.6200
v -0.1000 -0.1819 3.4800
v -0.0684 -0.1973 3.4800
v -0.0342 -0.0940 3.5800
v -0.0500 -0.0866 3.5800
v -0.1400 -0.2598 3.3000
v -0.0958 -0.2819 3.3000
v -0.0684 -0.1973 3.4800
v -0.1000 -0.1819 3.4800
v -0.1650 -0.3118 3.0000
v -0.1129 -0.3383 3.0000
v -0.0958 -0.2819 3.3000
v -0.1400 -0.2598 3.3000
v -0.1725 -0.3248 2.6000
v -0.1180 -0.3524 2.6000
v -0.1129 -0.3383 3.0000
v -0.1650 -0.3118 3.0000
v -0.1750 -0.3291 1.0000
v -0.1197 -0.3571 1.0000
v -0.1180 -0.3524 2.6000
v -0.1725 -0.3248 2.6000
v -0.1750 -0.3291 -1.5000
v -0.1197 -0.3571 -1.5000
v -0.1197 -0.3571 1.0000
v -0.1750 -0.3291 1.0000
v -0.1650 -0.3031 -2.5000
v -0.1129 -0.3289 -2.5000
v -0.1197 -0.3571 -1.5000
v -0.1750 -0.3291 -1.5000
v -0.1350 -0.2425 -2.9000
v -0.0923 -0.2631 -2.9000
v -0.1129 -0.3289 -2.5000
v -0.1650 -0.3031 -2.5000
v -0.1100 -0.1905 -3.0800
v -0.0752 -0.2067 -3.0800
v -0.0923 -0.2631 -2.9000
v -0.1350 -0.2425 -2.9000
v -0.0800 -0.1386 -3.1400
v -0.0547 -0.1504 -3.1400
v -0.0752 -0.2067 -3.0800
v -0.1100 -0.1905 -3.0800
v -0.0500 -0.0866 -3.2000
v -0.0342 -0.0940 -3.2000
v -0.0547 -0.1504 -3.1400
v -0.0800 -0.1386 -3.1400
v -0.0350 -0.0606 -3.3400
v -0.0239 -0.0658 -3.3400
v -0.0342 -0.0940 -3.2000
v -0.0500 -0.0866 -3.2000
v 0.0000 0.0000 -3.5200
v 0.0000 0.0000 -3.5200
v -0.0239 -0.0658 -3.3400
v -0.0350 -0.0606 -3.3400
v -0.0342 -0.0940 3.5800
v -0.0174 -0.0985 3.5800
v 0.0000 0.0000 3.6200
v 0.0000 0.0000 3.6200
v -0.0684 -0.1973 3.4800
v -0.0347 -0.2068 3.4800
v -0.0174 -0.0985 3.5800
v -0.0342 -0.0940 3.5800
v -0.0958 -0.2819 3.3000
v -0.0486 -0.2954 3.3000
v -0.0347 -0.2068 3.4800
v -0.0684 -0.1973 3.4800
v -0.1129 -0.3383 3.0000
v -0.0573 -0.3545 3.0000
v -0.0486 -0.2954 3.3000
v -0.0958 -0.2819 3.3000
v -0.1180 -0.3524 2.6000
v -0.0599 -0.3693 2.6000
v -0.0573 -0.3545 3.0000
v -0.1129 -0.3383 3.0000
v -0.1197 -0.3571 1.0000
v -0.0608 -0.3742 1.0000
v -0.0599 -0.3693 2.6000
v -0.1180 -0.3524 2.6000
v -0.1197 -0.3571 -1.5000
v -0.0608 -0.3742 -1.5000
v -0.0608 -0.3742 1.0000
v -0.1197 -0.3571 1.0000
v -0.1129 -0.3289 -2.5000
v -0.0573 -0.3447 -2.5000
v -0.0608 -0.3742 -1.5000
v -0.1197 -0.3571 -1.5000
v -0.0923 -0.2631 -2.9000
v -0.0469 -0.2757 -2.9000
v -0.0573 -0.3447 -2.5000
v -0.1129 -0.3289 -2.5000
v -0.0752 -0.2067 -3.0800
v -0.0382 -0.2167 -3.0800
v -0.0469 -0.2757 -2.9000
v -0.0923 -0.2631 -2.9000
v -0.0547 -0.1504 -3.1400
v -0.0278 -0.1576 -3.1400
v -0.0382 -0.2167 -3.0800
v -0.0752 -0.2067 -3.0800
v -0.0342 -0.0940 -3.2000
v -0.0174 -0.0985 -3.2000
v -0.0278 -0.1576 -3.1400
v -0.0547 -0.1504 -3.1400
v -0.0239 -0.0658 -3.3400
v -0.0122 -0.0689 -3.3400
v -0.0174 -0.0985 -3.2000
v -0.0342 -0.0940 -3.2000
v 0.0000 0.0000 -3.5200
v 0.0000 0.0000 -3.5200
v -0.0122 -0.0689 -3.3400
v -0.0239 -0.0658 -3.3400
v -0.0174 -0.0985 3.5800
v -0.0000 -0.1000 3.5800
v 0.0000 0.0000 3.6200
v 0.0000 0.0000 3.6200
v -0.0347 -0.2068 3.4800
v -0.0000 -0.2100 3.4800
v -0.0000 -0.1000 3.5800
v -0.0174 -0.0985 3.5800
v -0.0486 -0.2954 3.3000
v -0.0000 -0.3000 3.3000
v -0.0000 -0.2100 3.4800
v -0.0347 -0.2068 3.4800
v -0.0573 -0.3545 3.0000
v -0.0000 -0.3600 3.0000
v -0.0000 -0.3000 3.3000
v -0.0486 -0.2954 3.3000
v -0.0599 -0.3693 2.6000
v -0.0000 -0.3750 2.6000
v -0.0000 -0.3600 3.0000
v -0.0573 -0.3545 3.0000
v -0.0608 -0.3742 1.0000
v -0.0000 -0.3800 1.0000
v -0.0000 -0.3750 2.6000
v -0.0599 -0.3693 2.6000
v -0.0608 -0.3742 -1.5000
v -0.0000 -0.3800 -1.5000
v -0.0000 -0.3800 1.0000
v -0.0608 -0.3742 1.0000
v -0.0573 -0.3447 -2.5000
v -0.0000 -0.3500 -2.5000
v -0.0000 -0.3800 -1.5000
v -0.0608 -0.3742 -1.5000
v -0.0469 -0.2757 -2.9000
v -0.0000 -0.2800 -2.9000
v -0.0000 -0.3500 -2.5000
v -0.0573 -0.3447 -2.5000
v -0.0382 -0.2167 -3.0800
v -0.0000 -0.2200 -3.0800
v -0.0000 -0.2800 -2.9000
v -0.0469 -0.2757 -2.9000
v -0.0278 -0.1576 -3.1400
v -0.0000 -0.1600 -3.1400
v -0.0000 -0.2200 -3.0800
v -0.0382 -0.2167 -3.0800
v -0.0174 -0.0985 -3.2000
v -0.0000 -0.1000 -3.2000
v -0.0000 -0.1600 -3.1400
v -0.0278 -0.1576 -3.1400
v -0.0122 -0.0689 -3.3400
v -0.0000 -0.0700 -3.3400
v -0.0000 -0.1000 -3.2000
v -0.0174 -0.0985 -3.2000
v 0.0000 0.0000 -3.5200
v 0.0000 0.0000 -3.5200
v -0.0000 -0.0700 -3.3400
v -0.0122 -0.0689 -3.3400
v 0.2500 -0.1200 1.4500
v 0.5375 -0.1200 1.0187
v 0.5375 -0.0828 0.9487
v 0.2500 -0.0798 1.3725
v 0.2500 -0.0798 1.3725
v 0.5375 -0.0828 0.9487
v 0.5375 -0.0518 0.7433
v 0.2500 -0.0464 1.1452
v 0.2500 -0.0464 1.1452
v 0.5375 -0.0518 0.7433
v 0.5375 -0.0299 0.4165
v 0.2500 -0.0227 0.7837
v 0.2500 -0.0227 0.7837
v 0.5375 -0.0299 0.4165
v 0.5375 -0.0191 -0.0094
v 0.2500 -0.0111 0.3125
v 0.2500 -0.0111 0.3125
v 0.5375 -0.0191 -0.0094
v 0.5375 -0.0199 -0.5053
v 0.2500 -0.0119 -0.2362
v 0.2500 -0.0119 -0.2362
v 0.5375 -0.0199 -0.5053
v 0.5375 -0.0302 -1.0375
v 0.2500 -0.0231 -0.8250
v 0.2500 -0.0231 -0.8250
v 0.5375 -0.0302 -1.0375
v 0.5375 -0.0471 -1.5697
v 0.2500 -0.0413 -1.4138
v 0.2500 -0.0413 -1.4138
v 0.5375 -0.0471 -1.5697
v 0.5375 -0.0670 -2.0656
v 0.2500 -0.0628 -1.9625
v 0.2500 -0.0628 -1.9625
v 0.5375 -0.0670 -2.0656
v 0.5375 -0.0870 -2.4915
v 0.2500 -0.0844 -2.4337
v 0.2500 -0.0844 -2.4337
v 0.5375 -0.0870 -2.4915
v 0.5375 -0.1042 -2.8183
v 0.2500 -0.1029 -2.7952
v 0.2500 -0.1029 -2.7952
v 0.5375 -0.1042 -2.8183
v 0.5375 -0.1158 -3.0237
v 0.2500 -0.1155 -3.0225
v 0.2500 -0.1155 -3.0225
v 0.5375 -0.1158 -3.0237
v 0.5375 -0.1200 -3.0938
v 0.2500 -0.1200 -3.1000
v 0.5375 -0.1200 1.0187
v 0.8250 -0.1200 0.5875
v 0.8250 -0.0858 0.5249
v 0.5375 -0.0828 0.9487
v 0.5375 -0.0828 0.9487
v 0.8250 -0.0858 0.5249
v 0.8250 -0.0573 0.3413
v 0.5375 -0.0518 0.7433
v 0.5375 -0.0518 0.7433
v 0.8250 -0.0573 0.3413
v 0.8250 -0.0371 0.0493
v 0.5375 -0.0299 0.4165
v 0.5375 -0.0299 0.4165
v 0.8250 -0.0371 0.0493
v 0.8250 -0.0272 -0.3312
v 0.5375 -0.0191 -0.0094
v 0.5375 -0.0191 -0.0094
v 0.8250 -0.0272 -0.3312
v 0.8250 -0.0279 -0.7744
v 0.5375 -0.0199 -0.5053
v 0.5375 -0.0199 -0.5053
v 0.8250 -0.0279 -0.7744
v 0.8250 -0.0374 -1.2500
v 0.5375 -0.0302 -1.0375
v 0.5375 -0.0302 -1.0375
v 0.8250 -0.0374 -1.2500
v 0.8250 -0.0529 -1.7256
v 0.5375 -0.0471 -1.5697
v 0.5375 -0.0471 -1.5697
v 0.8250 -0.0529 -1.7256
v 0.8250 -0.0712 -2.1687
v 0.5375 -0.0670 -2.0656
v 0.5375 -0.0670 -2.0656
v 0.8250 -0.0712 -2.1687
v 0.8250 -0.0896 -2.5493
v 0.5375 -0.0870 -2.4915
v 0.5375 -0.0870 -2.4915
v 0.8250 -0.0896 -2.5493
v 0.8250 -0.1054 -2.8413
v 0.5375 -0.1042 -2.8183
v 0.5375 -0.1042 -2.8183
v 0.8250 -0.1054 -2.8413
v 0.8250 -0.1162 -3.0249
v 0.5375 -0.1158 -3.0237
v 0.5375 -0.1158 -3.0237
v 0.8250 -0.1162 -3.0249
v 0.8250 -0.1200 -3.0875
v 0.5375 -0.1200 -3.0938
v 0.8250 -0.1200 0.5875
v 1.1125 -0.1200 0.1562
v 1.1125 -0.0887 0.1011
v 0.8250 -0.0858 0.5249
v 0.8250 -0.0858 0.5249
v 1.1125 -0.0887 0.1011
v 1.1125 -0.0627 -0.0606
v 0.8250 -0.0573 0.3413
v 0.8250 -0.0573 0.3413
v 1.1125 -0.0627 -0.0606
v 1.1125 -0.0442 -0.3179
v 0.8250 -0.0371 0.0493
v 0.8250 -0.0371 0.0493
v 1.1125 -0.0442 -0.3179
v 1.1125 -0.0352 -0.6531
v 0.8250 -0.0272 -0.3312
v 0.8250 -0.0272 -0.3312
v 1.1125 -0.0352 -0.6531
v 1.1125 -0.0359 -1.0435
v 0.8250 -0.0279 -0.7744
v 0.8250 -0.0279 -0.7744
v 1.1125 -0.0359 -1.0435
v 1.1125 -0.0446 -1.4625
v 0.8250 -0.0374 -1.2500
v 0.8250 -0.0374 -1.2500
v 1.1125 -0.0446 -1.4625
v 1.1125 -0.0587 -1.8815
v 0.8250 -0.0529 -1.7256
v 0.8250 -0.0529 -1.7256
v 1.1125 -0.0587 -1.8815
v 1.1125 -0.0755 -2.2719
v 0.8250 -0.0712 -2.1687
v 0.8250 -0.0712 -2.1687
v 1.1125 -0.0755 -2.2719
v 1.1125 -0.0923 -2.6071
v 0.8250 -0.0896 -2.5493
v 0.8250 -0.0896 -2.5493
v 1.1125 -0.0923 -2.6071
v 1.1125 -0.1067 -2.8644
v 0.8250 -0.1054 -2.8413
v 0.8250 -0.1054 -2.8413
v 1.1125 -0.1067 -2.8644
v 1.1125 -0.1165 -3.0261
v 0.8250 -0.1162 -3.0249
v 0.8250 -0.1162 -3.0249
v 1.1125 -0.1165 -3.0261
v 1.1125 -0.1200 -3.0812
v 0.8250 -0.1200 -3.0875
v 1.1125 -0.1200 0.1562
v 1.4000 -0.1200 -0.2750
v 1.4000 -0.0917 -0.3227
v 1.1125 -0.0887 0.1011
v 1.1125 -0.0887 0.1011
v 1.4000 -0.0917 -0.3227
v 1.4000 -0.0681 -0.4626
v 1.1125 -0.0627 -0.0606
v 1.1125 -0.0627 -0.0606
v 1.4000 -0.0681 -0.4626
v 1.4000 -0.0514 -0.6851
v 1.1125 -0.0442 -0.3179
v 1.1125 -0.0442 -0.3179
v 1.4000 -0.0514 -0.6851
v 1.4000 -0.0433 -0.9750
v 1.1125 -0.0352 -0.6531
v 1.1125 -0.0352 -0.6531
v 1.4000 -0.0433 -0.9750
v 1.4000 -0.0438 -1.3127
v 1.1125 -0.0359 -1.0435
v 1.1125 -0.0359 -1.0435
v 1.4000 -0.0438 -1.3127
v 1.4000 -0.0517 -1.6750
v 1.1125 -0.0446 -1.4625
v 1.1125 -0.0446 -1.4625
v 1.4000 -0.0517 -1.6750
v 1.4000 -0.0645 -2.0373
v 1.1125 -0.0587 -1.8815
v 1.1125 -0.0587 -1.8815
v 1.4000 -0.0645 -2.0373
v 1.4000 -0.0797 -2.3750
v 1.1125 -0.0755 -2.2719
v 1.1125 -0.0755 -2.2719
v 1.4000 -0.0797 -2.3750
v 1.4000 -0.0949 -2.6649
v 1.1125 -0.0923 -2.6071
v 1.1125 -0.0923 -2.6071
v 1.4000 -0.0949 -2.6649
v 1.4000 -0.1079 -2.8874
v 1.1125 -0.1067 -2.8644
v 1.1125 -0.1067 -2.8644
v 1.4000 -0.1079 -2.8874
v 1.4000 -0.1168 -3.0273
v 1.1125 -0.1165 -3.0261
v 1.1125 -0.1165 -3.0261
v 1.4000 -0.1168 -3.0273
v 1.4000 -0.1200 -3.0750
v 1.1125 -0.1200 -3.0812
v 1.4000 -0.1200 -0.2750
v 1.6875 -0.1200 -0.7063
v 1.6875 -0.0947 -0.7465
v 1.4000 -0.0917 -0.3227
v 1.4000 -0.0917 -0.3227
v 1.6875 -0.0947 -0.7465
v 1.6875 -0.0736 -0.8645
v 1.4000 -0.0681 -0.4626
v 1.4000 -0.0681 -0.4626
v 1.6875 -0.0736 -0.8645
v 1.6875 -0.0586 -1.0522
v 1.4000 -0.0514 -0.6851
v 1.4000 -0.0514 -0.6851
v 1.6875 -0.0586 -1.0522
v 1.6875 -0.0513 -1.2969
v 1.4000 -0.0433 -0.9750
v 1.4000 -0.0433 -0.9750
v 1.6875 -0.0513 -1.2969
v 1.6875 -0.0518 -1.5818
v 1.4000 -0.0438 -1.3127
v 1.4000 -0.0438 -1.3127
v 1.6875 -0.0518 -1.5818
v 1.6875 -0.0589 -1.8875
v 1.4000 -0.0517 -1.6750
v 1.4000 -0.0517 -1.6750
v 1.6875 -0.0589 -1.8875
v 1.6875 -0.0703 -2.1932
v 1.4000 -0.0645 -2.0373
v 1.4000 -0.0645 -2.0373
v 1.6875 -0.0703 -2.1932
v 1.6875 -0.0839 -2.4781
v 1.4000 -0.0797 -2.3750
v 1.4000 -0.0797 -2.3750
v 1.6875 -0.0839 -2.4781
v 1.6875 -0.0975 -2.7228
v 1.4000 -0.0949 -2.6649
v 1.4000 -0.0949 -2.6649
v 1.6875 -0.0975 -2.7228
v 1.6875 -0.1092 -2.9105
v 1.4000 -0.1079 -2.8874
v 1.4000 -0.1079 -2.8874
v 1.6875 -0.1092 -2.9105
v 1.6875 -0.1172 -3.0285
v 1.4000 -0.1168 -3.0273
v 1.4000 -0.1168 -3.0273
v 1.6875 -0.1172 -3.0285
v 1.6875 -0.1200 -3.0687
v 1.4000 -0.1200 -3.0750
v 1.6875 -0.1200 -0.7063
v 1.9750 -0.1200 -1.1375
v 1.9750 -0.0976 -1.1703
v 1.6875 -0.0947 -0.7465
v 1.6875 -0.0947 -0.7465
v 1.9750 -0.0976 -1.1703
v 1.9750 -0.0790 -1.2665
v 1.6875 -0.0736 -0.8645
v 1.6875 -0.0736 -0.8645
v 1.9750 -0.0790 -1.2665
v 1.9750 -0.0658 -1.4194
v 1.6875 -0.0586 -1.0522
v 1.6875 -0.0586 -1.0522
v 1.9750 -0.0658 -1.4194
v 1.9750 -0.0594 -1.6188
v 1.6875 -0.0513 -1.2969
v 1.6875 -0.0513 -1.2969
v 1.9750 -0.0594 -1.6188
v 1.9750 -0.0598 -1.8509
v 1.6875 -0.0518 -1.5818
v 1.6875 -0.0518 -1.5818
v 1.9750 -0.0598 -1.8509
v 1.9750 -0.0660 -2.1000
v 1.6875 -0.0589 -1.8875
v 1.6875 -0.0589 -1.8875
v 1.9750 -0.0660 -2.1000
v 1.9750 -0.0762 -2.3491
v 1.6875 -0.0703 -2.1932
v 1.6875 -0.0703 -2.1932
v 1.9750 -0.0762 -2.3491
v 1.9750 -0.0881 -2.5812
v 1.6875 -0.0839 -2.4781
v 1.6875 -0.0839 -2.4781
v 1.9750 -0.0881 -2.5812
v 1.9750 -0.1002 -2.7806
v 1.6875 -0.0975 -2.7228
v 1.6875 -0.0975 -2.7228
v 1.9750 -0.1002 -2.7806
v 1.9750 -0.1105 -2.9335
v 1.6875 -0.1092 -2.9105
v 1.6875 -0.1092 -2.9105
v 1.9750 -0.1105 -2.9335
v 1.9750 -0.1175 -3.0297
v 1.6875 -0.1172 -3.0285
v 1.6875 -0.1172 -3.0285
v 1.9750 -0.1175 -3.0297
v 1.9750 -0.1200 -3.0625
v 1.6875 -0.1200 -3.0687
v 1.9750 -0.1200 -1.1375
v 2.2625 -0.1200 -1.5688
v 2.2625 -0.1006 -1.5941
v 1.9750 -0.0976 -1.1703
v 1.9750 -0.0976 -1.1703
v 2.2625 -0.1006 -1.5941
v 2.2625 -0.0845 -1.6684
v 1.9750 -0.0790 -1.2665
v 1.9750 -0.0790 -1.2665
v 2.2625 -0.0845 -1.6684
v 2.2625 -0.0730 -1.7866
v 1.9750 -0.0658 -1.4194
v 1.9750 -0.0658 -1.4194
v 2.2625 -0.0730 -1.7866
v 2.2625 -0.0674 -1.9406
v 1.9750 -0.0594 -1.6188
v 1.9750 -0.0594 -1.6188
v 2.2625 -0.0674 -1.9406
v 2.2625 -0.0678 -2.1200
v 1.9750 -0.0598 -1.8509
v 1.9750 -0.0598 -1.8509
v 2.2625 -0.0678 -2.1200
v 2.2625 -0.0732 -2.3125
v 1.9750 -0.0660 -2.1000
v 1.9750 -0.0660 -2.1000
v 2.2625 -0.0732 -2.3125
v 2.2625 -0.0820 -2.5050
v 1.9750 -0.0762 -2.3491
v 1.9750 -0.0762 -2.3491
v 2.2625 -0.0820 -2.5050
v 2.2625 -0.0924 -2.6844
v 1.9750 -0.0881 -2.5812
v 1.9750 -0.0881 -2.5812
v 2.2625 -0.0924 -2.6844
v 2.2625 -0.1028 -2.8384
v 1.9750 -0.1002 -2.7806
v 1.9750 -0.1002 -2.7806
v 2.2625 -0.1028 -2.8384
v 2.2625 -0.1117 -2.9566
v 1.9750 -0.1105 -2.9335
v 1.9750 -0.1105 -2.9335
v 2.2625 -0.1117 -2.9566
v 2.2625 -0.1178 -3.0309
v 1.9750 -0.1175 -3.0297
v 1.9750 -0.1175 -3.0297
v 2.2625 -0.1178 -3.0309
v 2.2625 -0.1200 -3.0563
v 1.9750 -0.1200 -3.0625
v 2.2625 -0.1200 -1.5688
v 2.5500 -0.1200 -2.0000
v 2.5500 -0.1036 -2.0179
v 2.2625 -0.1006 -1.5941
v 2.2625 -0.1006 -1.5941
v 2.5500 -0.1036 -2.0179
v 2.5500 -0.0899 -2.0703
v 2.2625 -0.0845 -1.6684
v 2.2625 -0.0845 -1.6684
v 2.5500 -0.0899 -2.0703
v 2.5500 -0.0802 -2.1538
v 2.2625 -0.0730 -1.7866
v 2.2625 -0.0730 -1.7866
v 2.5500 -0.0802 -2.1538
v 2.5500 -0.0754 -2.2625
v 2.2625 -0.0674 -1.9406
v 2.2625 -0.0674 -1.9406
v 2.5500 -0.0754 -2.2625
v 2.5500 -0.0758 -2.3891
v 2.2625 -0.0678 -2.1200
v 2.2625 -0.0678 -2.1200
v 2.5500 -0.0758 -2.3891
v 2.5500 -0.0804 -2.5250
v 2.2625 -0.0732 -2.3125
v 2.2625 -0.0732 -2.3125
v 2.5500 -0.0804 -2.5250
v 2.5500 -0.0878 -2.6609
v 2.2625 -0.0820 -2.5050
v 2.2625 -0.0820 -2.5050
v 2.5500 -0.0878 -2.6609
v 2.5500 -0.0966 -2.7875
v 2.2625 -0.0924 -2.6844
v 2.2625 -0.0924 -2.6844
v 2.5500 -0.0966 -2.7875
v 2.5500 -0.1054 -2.8962
v 2.2625 -0.1028 -2.8384
v 2.2625 -0.1028 -2.8384
v 2.5500 -0.1054 -2.8962
v 2.5500 -0.1130 -2.9797
v 2.2625 -0.1117 -2.9566
v 2.2625 -0.1117 -2.9566
v 2.5500 -0.1130 -2.9797
v 2.5500 -0.1182 -3.0321
v 2.2625 -0.1178 -3.0309
v 2.2625 -0.1178 -3.0309
v 2.5500 -0.1182 -3.0321
v 2.5500 -0.1200 -3.0500
v 2.2625 -0.1200 -3.0563
v 0.2500 -0.1602 1.3725
v 0.5375 -0.1572 0.9487
v 0.5375 -0.1200 1.0187
v 0.2500 -0.1200 1.4500
v 0.2500 -0.1936 1.1452
v 0.5375 -0.1882 0.7433
v 0.5375 -0.1572 0.9487
v 0.2500 -0.1602 1.3725
v 0.2500 -0.2173 0.7837
v 0.5375 -0.2101 0.4165
v 0.5375 -0.1882 0.7433
v 0.2500 -0.1936 1.1452
v 0.2500 -0.2289 0.3125
v 0.5375 -0.2209 -0.0094
v 0.5375 -0.2101 0.4165
v 0.2500 -0.2173 0.7837
v 0.2500 -0.2281 -0.2362
v 0.5375 -0.2201 -0.5053
v 0.5375 -0.2209 -0.0094
v 0.2500 -0.2289 0.3125
v 0.2500 -0.2169 -0.8250
v 0.5375 -0.2098 -1.0375
v 0.5375 -0.2201 -0.5053
v 0.2500 -0.2281 -0.2362
v 0.2500 -0.1987 -1.4138
v 0.5375 -0.1929 -1.5697
v 0.5375 -0.2098 -1.0375
v 0.2500 -0.2169 -0.8250
v 0.2500 -0.1772 -1.9625
v 0.5375 -0.1730 -2.0656
v 0.5375 -0.1929 -1.5697
v 0.2500 -0.1987 -1.4138
v 0.2500 -0.1556 -2.4337
v 0.5375 -0.1530 -2.4915
v 0.5375 -0.1730 -2.0656
v 0.2500 -0.1772 -1.9625
v 0.2500 -0.1371 -2.7952
v 0.5375 -0.1358 -2.8183
v 0.5375 -0.1530 -2.4915
v 0.2500 -0.1556 -2.4337
v 0.2500 -0.1245 -3.0225
v 0.5375 -0.1242 -3.0237
v 0.5375 -0.1358 -2.8183
v 0.2500 -0.1371 -2.7952
v 0.2500 -0.1200 -3.1000
v 0.5375 -0.1200 -3.0938
v 0.5375 -0.1242 -3.0237
v 0.2500 -0.1245 -3.0225
v 0.5375 -0.1572 0.9487
v 0.8250 -0.1542 0.5249
v 0.8250 -0.1200 0.5875
v 0.5375 -0.1200 1.0187
v 0.5375 -0.1882 0.7433
v 0.8250 -0.1827 0.3413
v 0.8250 -0.1542 0.5249
v 0.5375 -0.1572 0.9487
v 0.5375 -0.2101 0.4165
v 0.8250 -0.2029 0.0493
v 0.8250 -0.1827 0.3413
v 0.5375 -0.1882 0.7433
v 0.5375 -0.2209 -0.0094
v 0.8250 -0.2128 -0.3312
v 0.8250 -0.2029 0.0493
v 0.5375 -0.2101 0.4165
v 0.5375 -0.2201 -0.5053
v 0.8250 -0.2121 -0.7744
v 0.8250 -0.2128 -0.3312
v 0.5375 -0.2209 -0.0094
v 0.5375 -0.2098 -1.0375
v 0.8250 -0.2026 -1.2500
v 0.8250 -0.2121 -0.7744
v 0.5375 -0.2201 -0.5053
v 0.5375 -0.1929 -1.5697
v 0.8250 -0.1871 -1.7256
v 0.8250 -0.2026 -1.2500
v 0.5375 -0.2098 -1.0375
v 0.5375 -0.1730 -2.0656
v 0.8250 -0.1688 -2.1687
v 0.8250 -0.1871 -1.7256
v 0.5375 -0.1929 -1.5697
v 0.5375 -0.1530 -2.4915
v 0.8250 -0.1504 -2.5493
v 0.8250 -0.1688 -2.1687
v 0.5375 -0.1730 -2.0656
v 0.5375 -0.1358 -2.8183
v 0.8250 -0.1346 -2.8413
v 0.8250 -0.1504 -2.5493
v 0.5375 -0.1530 -2.4915
v 0.5375 -0.1242 -3.0237
v 0.8250 -0.1238 -3.0249
v 0.8250 -0.1346 -2.8413
v 0.5375 -0.1358 -2.8183
v 0.5375 -0.1200 -3.0938
v 0.8250 -0.1200 -3.0875
v 0.8250 -0.1238 -3.0249
v 0.5375 -0.1242 -3.0237
v 0.8250 -0.1542 0.5249
v 1.1125 -0.1513 0.1011
v 1.1125 -0.1200 0.1562
v 0.8250 -0.1200 0.5875
v 0.8250 -0.1827 0.3413
v 1.1125 -0.1773 -0.0606
v 1.1125 -0.1513 0.1011
v 0.8250 -0.1542 0.5249
v 0.8250 -0.2029 0.0493
v 1.1125 -0.1958 -0.3179
v 1.1125 -0.1773 -0.0606
v 0.8250 -0.1827 0.3413
v 0.8250 -0.2128 -0.3312
v 1.1125 -0.2048 -0.6531
v 1.1125 -0.1958 -0.3179
v 0.8250 -0.2029 0.0493
v 0.8250 -0.2121 -0.7744
v 1.1125 -0.2041 -1.0435
v 1.1125 -0.2048 -0.6531
v 0.8250 -0.2128 -0.3312
v 0.8250 -0.2026 -1.2500
v 1.1125 -0.1954 -1.4625
v 1.1125 -0.2041 -1.0435
v 0.8250 -0.2121 -0.7744
v 0.8250 -0.1871 -1.7256
v 1.1125 -0.1813 -1.8815
v 1.1125 -0.1954 -1.4625
v 0.8250 -0.2026 -1.2500
v 0.8250 -0.1688 -2.1687
v 1.1125 -0.1645 -2.2719
v 1.1125 -0.1813 -1.8815
v 0.8250 -0.1871 -1.7256
v 0.8250 -0.1504 -2.5493
v 1.1125 -0.1477 -2.6071
v 1.1125 -0.1645 -2.2719
v 0.8250 -0.1688 -2.1687
v 0.8250 -0.1346 -2.8413
v 1.1125 -0.1333 -2.8644
v 1.1125 -0.1477 -2.6071
v 0.8250 -0.1504 -2.5493
v 0.8250 -0.1238 -3.0249
v 1.1125 -0.1235 -3.0261
v 1.1125 -0.1333 -2.8644
v 0.8250 -0.1346 -2.8413
v 0.8250 -0.1200 -3.0875
v 1.1125 -0.1200 -3.0812
v 1.1125 -0.1235 -3.0261
v 0.8250 -0.1238 -3.0249
v 1.1125 -0.1513 0.1011
v 1.4000 -0.1483 -0.3227
v 1.4000 -0.1200 -0.2750
v 1.1125 -0.1200 0.1562
v 1.1125 -0.1773 -0.0606
v 1.4000 -0.1719 -0.4626
v 1.4000 -0.1483 -0.3227
v 1.1125 -0.1513 0.1011
v 1.1125 -0.1958 -0.3179
v 1.4000 -0.1886 -0.6851
v 1.4000 -0.1719 -0.4626
v 1.1125 -0.1773 -0.0606
v 1.1125 -0.2048 -0.6531
v 1.4000 -0.1967 -0.9750
v 1.4000 -0.1886 -0.6851
v 1.1125 -0.1958 -0.3179
v 1.1125 -0.2041 -1.0435
v 1.4000 -0.1962 -1.3127
v 1.4000 -0.1967 -0.9750
v 1.1125 -0.2048 -0.6531
v 1.1125 -0.1954 -1.4625
v 1.4000 -0.1883 -1.6750
v 1.4000 -0.1962 -1.3127
v 1.1125 -0.2041 -1.0435
v 1.1125 -0.1813 -1.8815
v 1.4000 -0.1755 -2.0373
v 1.4000 -0.1883 -1.6750
v 1.1125 -0.1954 -1.4625
v 1.1125 -0.1645 -2.2719
v 1.4000 -0.1603 -2.3750
v 1.4000 -0.1755 -2.0373
v 1.1125 -0.1813 -1.8815
v 1.1125 -0.1477 -2.6071
v 1.4000 -0.1451 -2.6649
v 1.4000 -0.1603 -2.3750
v 1.1125 -0.1645 -2.2719
v 1.1125 -0.1333 -2.8644
v 1.4000 -0.1321 -2.8874
v 1.4000 -0.1451 -2.6649
v 1.1125 -0.1477 -2.6071
v 1.1125 -0.1235 -3.0261
v 1.4000 -0.1232 -3.0273
v 1.4000 -0.1321 -2.8874
v 1.1125 -0.1333 -2.8644
v 1.1125 -0.1200 -3.0812
v 1.4000 -0.1200 -3.0750
v 1.4000 -0.1232 -3.0273
v 1.1125 -0.1235 -3.0261
v 1.4000 -0.1483 -0.3227
v 1.6875 -0.1453 -0.7465
v 1.6875 -0.1200 -0.7063
v 1.4000 -0.1200 -0.2750
v 1.4000 -0.1719 -0.4626
v 1.6875 -0.1664 -0.8645
v 1.6875 -0.1453 -0.7465
v 1.4000 -0.1483 -0.3227
v 1.4000 -0.1886 -0.6851
v 1.6875 -0.1814 -1.0522
v 1.6875 -0.1664 -0.8645
v 1.4000 -0.1719 -0.4626
v 1.4000 -0.1967 -0.9750
v 1.6875 -0.1887 -1.2969
v 1.6875 -0.1814 -1.0522
v 1.4000 -0.1886 -0.6851
v 1.4000 -0.1962 -1.3127
v 1.6875 -0.1882 -1.5818
v 1.6875 -0.1887 -1.2969
v 1.4000 -0.1967 -0.9750
v 1.4000 -0.1883 -1.6750
v 1.6875 -0.1811 -1.8875
v 1.6875 -0.1882 -1.5818
v 1.4000 -0.1962 -1.3127
v 1.4000 -0.1755 -2.0373
v 1.6875 -0.1697 -2.1932
v 1.6875 -0.1811 -1.8875
v 1.4000 -0.1883 -1.6750
v 1.4000 -0.1603 -2.3750
v 1.6875 -0.1561 -2.4781
v 1.6875 -0.1697 -2.1932
v 1.4000 -0.1755 -2.0373
v 1.4000 -0.1451 -2.6649
v 1.6875 -0.1425 -2.7228
v 1.6875 -0.1561 -2.4781
v 1.4000 -0.1603 -2.3750
v 1.4000 -0.1321 -2.8874
v 1.6875 -0.1308 -2.9105
v 1.6875 -0.1425 -2.7228
v 1.4000 -0.1451 -2.6649
v 1.4000 -0.1232 -3.0273
v 1.6875 -0.1228 -3.0285
v 1.6875 -0.1308 -2.9105
v 1.4000 -0.1321 -2.8874
v 1.4000 -0.1200 -3.0750
v 1.6875 -0.1200 -3.0687
v 1.6875 -0.1228 -3.0285
v 1.4000 -0.1232 -3.0273
v 1.6875 -0.1453 -0.7465
v 1.9750 -0.1424 -1.1703
v 1.9750 -0.1200 -1.1375
v 1.6875 -0.1200 -0.7063
v 1.6875 -0.1664 -0.8645
v 1.9750 -0.1610 -1.2665
v 1.9750 -0.1424 -1.1703
v 1.6875 -0.1453 -0.7465
v 1.6875 -0.1814 -1.0522
v 1.9750 -0.1742 -1.4194
v 1.9750 -0.1610 -1.2665
v 1.6875 -0.1664 -0.8645
v 1.6875 -0.1887 -1.2969
v 1.9750 -0.1806 -1.6188
v 1.9750 -0.1742 -1.4194
v 1.6875 -0.1814 -1.0522
v 1.6875 -0.1882 -1.5818
v 1.9750 -0.1802 -1.8509
v 1.9750 -0.1806 -1.6188
v 1.6875 -0.1887 -1.2969
v 1.6875 -0.1811 -1.8875
v 1.9750 -0.1740 -2.1000
v 1.9750 -0.1802 -1.8509
v 1.6875 -0.1882 -1.5818
v 1.6875 -0.1697 -2.1932
v 1.9750 -0.1638 -2.3491
v 1.9750 -0.1740 -2.1000
v 1.6875 -0.1811 -1.8875
v 1.6875 -0.1561 -2.4781
v 1.9750 -0.1519 -2.5812
v 1.9750 -0.1638 -2.3491
v 1.6875 -0.1697 -2.1932
v 1.6875 -0.1425 -2.7228
v 1.9750 -0.1398 -2.7806
v 1.9750 -0.1519 -2.5812
v 1.6875 -0.1561 -2.4781
v 1.6875 -0.1308 -2.9105
v 1.9750 -0.1295 -2.9335
v 1.9750 -0.1398 -2.7806
v 1.6875 -0.1425 -2.7228
v 1.6875 -0.1228 -3.0285
v 1.9750 -0.1225 -3.0297
v 1.9750 -0.1295 -2.9335
v 1.6875 -0.1308 -2.9105
v 1.6875 -0.1200 -3.0687
v 1.9750 -0.1200 -3.0625
v 1.9750 -0.1225 -3.0297
v 1.6875 -0.1228 -3.0285
v 1.9750 -0.1424 -1.1703
v 2.2625 -0.1394 -1.5941
v 2.2625 -0.1200 -1.5688
v 1.9750 -0.1200 -1.1375
v 1.9750 -0.1610 -1.2665
v 2.2625 -0.1555 -1.6684
v 2.2625 -0.1394 -1.5941
v 1.9750 -0.1424 -1.1703
v 1.9750 -0.1742 -1.4194
v 2.2625 -0.1670 -1.7866
v 2.2625 -0.1555 -1.6684
v 1.9750 -0.1610 -1.2665
v 1.9750 -0.1806 -1.6188
v 2.2625 -0.1726 -1.9406
v 2.2625 -0.1670 -1.7866
v 1.9750 -0.1742 -1.4194
v 1.9750 -0.1802 -1.8509
v 2.2625 -0.1722 -2.1200
v 2.2625 -0.1726 -1.9406
v 1.9750 -0.1806 -1.6188
v 1.9750 -0.1740 -2.1000
v 2.2625 -0.1668 -2.3125
v 2.2625 -0.1722 -2.1200
v 1.9750 -0.1802 -1.8509
v 1.9750 -0.1638 -2.3491
v 2.2625 -0.1580 -2.5050
v 2.2625 -0.1668 -2.3125
v 1.9750 -0.1740 -2.1000
v 1.9750 -0.1519 -2.5812
v 2.2625 -0.1476 -2.6844
v 2.2625 -0.1580 -2.5050
v 1.9750 -0.1638 -2.3491
v 1.9750 -0.1398 -2.7806
v 2.2625 -0.1372 -2.8384
v 2.2625 -0.1476 -2.6844
v 1.9750 -0.1519 -2.5812
v 1.9750 -0.1295 -2.9335
v 2.2625 -0.1283 -2.9566
v 2.2625 -0.1372 -2.8384
v 1.9750 -0.1398 -2.7806
v 1.9750 -0.1225 -3.0297
v 2.2625 -0.1222 -3.0309
v 2.2625 -0.1283 -2.9566
v 1.9750 -0.1295 -2.9335
v 1.9750 -0.1200 -3.0625
v 2.2625 -0.1200 -3.0563
v 2.2625 -0.1222 -3.0309
v 1.9750 -0.1225 -3.0297
v 2.2625 -0.1394 -1.5941
v 2.5500 -0.1364 -2.0179
v 2.5500 -0.1200 -2.0000
v 2.2625 -0.1200 -1.5688
v 2.2625 -0.1555 -1.6684
v 2.5500 -0.1501 -2.0703
v 2.5500 -0.1364 -2.0179
v 2.2625 -0.1394 -1.5941
v 2.2625 -0.1670 -1.7866
v 2.5500 -0.1598 -2.1538
v 2.5500 -0.1501 -2.0703
v 2.2625 -0.1555 -1.6684
v 2.2625 -0.1726 -1.9406
v 2.5500 -0.1646 -2.2625
v 2.5500 -0.1598 -2.1538
v 2.2625 -0.1670 -1.7866
v 2.2625 -0.1722 -2.1200
v 2.5500 -0.1642 -2.3891
v 2.5500 -0.1646 -2.2625
v 2.2625 -0.1726 -1.9406
v 2.2625 -0.1668 -2.3125
v 2.5500 -0.1596 -2.5250
v 2.5500 -0.1642 -2.3891
v 2.2625 -0.1722 -2.1200
v 2.2625 -0.1580 -2.5050
v 2.5500 -0.1522 -2.6609
v 2.5500 -0.1596 -2.5250
v 2.2625 -0.1668 -2.3125
v 2.2625 -0.1476 -2.6844
v 2.5500 -0.1434 -2.7875
v 2.5500 -0.1522 -2.6609
v 2.2625 -0.1580 -2.5050
v 2.2625 -0.1372 -2.8384
v 2.5500 -0.1346 -2.8962
v 2.5500 -0.1434 -2.7875
v 2.2625 -0.1476 -2.6844
v 2.2625 -0.1283 -2.9566
v 2.5500 -0.1270 -2.9797
v 2.5500 -0.1346 -2.8962
v 2.2625 -0.1372 -2.8384
v 2.2625 -0.1222 -3.0309
v 2.5500 -0.1218 -3.0321
v 2.5500 -0.1270 -2.9797
v 2.2625 -0.1283 -2.9566
v 2.2625 -0.1200 -3.0563
v 2.5500 -0.1200 -3.0500
v 2.5500 -0.1218 -3.0321
v 2.2625 -0.1222 -3.0309
v 2.5500 -0.1200 -2.0000
v 2.5500 -0.1200 -2.0000
v 2.5500 -0.1364 -2.0179
v 2.5500 -0.1036 -2.0179
v 2.5500 -0.1036 -2.0179
v 2.5500 -0.1364 -2.0179
v 2.5500 -0.1501 -2.0703
v 2.5500 -0.0899 -2.0703
v 2.5500 -0.0899 -2.0703
v 2.5500 -0.1501 -2.0703
v 2.5500 -0.1598 -2.1538
v 2.5500 -0.0802 -2.1538
v 2.5500 -0.0802 -2.1538
v 2.5500 -0.1598 -2.1538
v 2.5500 -0.1646 -2.2625
v 2.5500 -0.0754 -2.2625
v 2.5500 -0.0754 -2.2625
v 2.5500 -0.1646 -2.2625
v 2.5500 -0.1642 -2.3891
v 2.5500 -0.0758 -2.3891
v 2.5500 -0.0758 -2.3891
v 2.5500 -0.1642 -2.3891
v 2.5500 -0.1596 -2.5250
v 2.5500 -0.0804 -2.5250
v 2.5500 -0.0804 -2.5250
v 2.5500 -0.1596 -2.5250
v 2.5500 -0.1522 -2.6609
v 2.5500 -0.0878 -2.6609
v 2.5500 -0.0878 -2.6609
v 2.5500 -0.1522 -2.6609
v 2.5500 -0.1434 -2.7875
v 2.5500 -0.0966 -2.7875
v 2.5500 -0.0966 -2.7875
v 2.5500 -0.1434 -2.7875
v 2.5500 -0.1346 -2.8962
v 2.5500 -0.1054 -2.8962
v 2.5500 -0.1054 -2.8962
v 2.5500 -0.1346 -2.8962
v 2.5500 -0.1270 -2.9797
v 2.5500 -0.1130 -2.9797
v 2.5500 -0.1130 -2.9797
v 2.5500 -0.1270 -2.9797
v 2.5500 -0.1218 -3.0321
v 2.5500 -0.1182 -3.0321
v 2.5500 -0.1182 -3.0321
v 2.5500 -0.1218 -3.0321
v 2.5500 -0.1200 -3.0500
v 2.5500 -0.1200 -3.0500
v -0.2500 -0.0798 1.3725
v -0.5375 -0.0828 0.9487
v -0.5375 -0.1200 1.0187
v -0.2500 -0.1200 1.4500
v -0.2500 -0.0464 1.1452
v -0.5375 -0.0518 0.7433
v -0.5375 -0.0828 0.9487
v -0.2500 -0.0798 1.3725
v -0.2500 -0.0227 0.7837
v -0.5375 -0.0299 0.4165
v -0.5375 -0.0518 0.7433
v -0.2500 -0.0464 1.1452
v -0.2500 -0.0111 0.3125
v -0.5375 -0.0191 -0.0094
v -0.5375 -0.0299 0.4165
v -0.2500 -0.0227 0.7837
v -0.2500 -0.0119 -0.2362
v -0.5375 -0.0199 -0.5053
v -0.5375 -0.0191 -0.0094
v -0.2500 -0.0111 0.3125
v -0.2500 -0.0231 -0.8250
v -0.5375 -0.0302 -1.0375
v -0.5375 -0.0199 -0.5053
v -0.2500 -0.0119 -0.2362
v -0.2500 -0.0413 -1.4138
v -0.5375 -0.0471 -1.5697
v -0.5375 -0.0302 -1.0375
v -0.2500 -0.0231 -0.8250
v -0.2500 -0.0628 -1.9625
v -0.5375 -0.0670 -2.0656
v -0.5375 -0.0471 -1.5697
v -0.2500 -0.0413 -1.4138
v -0.2500 -0.0844 -2.4337
v -0.5375 -0.0870 -2.4915
v -0.5375 -0.0670 -2.0656
v -0.2500 -0.0628 -1.9625
v -0.2500 -0.1029 -2.7952
v -0.5375 -0.1042 -2.8183
v -0.5375 -0.0870 -2.4915
v -0.2500 -0.0844 -2.4337
v -0.2500 -0.1155 -3.0225
v -0.5375 -0.1158 -3.0237
v -0.5375 -0.1042 -2.8183
v -0.2500 -0.1029 -2.7952
v -0.2500 -0.1200 -3.1000
v -0.5375 -0.1200 -3.0938
v -0.5375 -0.1158 -3.0237
v -0.2500 -0.1155 -3.0225
v -0.5375 -0.0828 0.9487
v -0.8250 -0.0858 0.5249
v -0.8250 -0.1200 0.5875
v -0.5375 -0.1200 1.0187
v -0.5375 -0.0518 0.7433
v -0.8250 -0.0573 0.3413
v -0.8250 -0.0858 0.5249
v -0.5375 -0.0828 0.9487
v -0.5375 -0.0299 0.4165
v -0.8250 -0.0371 0.0493
v -0.8250 -0.0573 0.3413
v -0.5375 -0.0518 0.7433
v -0.5375 -0.0191 -0.0094
v -0.8250 -0.0272 -0.3312
v -0.8250 -0.0371 0.0493
v -0.5375 -0.0299 0.4165
v -0.5375 -0.0199 -0.5053
v -0.8250 -0.0279 -0.7744
v -0.8250 -0.0272 -0.3312
v -0.5375 -0.0191 -0.0094
v -0.5375 -0.0302 -1.0375
v -0.8250 -0.0374 -1.2500
v -0.8250 -0.0279 -0.7744
v -0.5375 -0.0199 -0.5053
v -0.5375 -0.0471 -1.5697
v -0.8250 -0.0529 -1.7256
v -0.8250 -0.0374 -1.2500
v -0.5375 -0.0302 -1.0375
v -0.5375 -0.0670 -2.0656
v -0.8250 -0.0712 -2.1687
v -0.8250 -0.0529 -1.7256
v -0.5375 -0.0471 -1.5697
v -0.5375 -0.0870 -2.4915
v -0.8250 -0.0896 -2.5493
v -0.8250 -0.0712 -2.1687
v -0.5375 -0.0670 -2.0656
v -0.5375 -0.1042 -2.8183
v -0.8250 -0.1054 -2.8413
v -0.8250 -0.0896 -2.5493
v -0.5375 -0.0870 -2.4915
v -0.5375 -0.1158 -3.0237
v -0.8250 -0.1162 -3.0249
v -0.8250 -0.1054 -2.8413
v -0.5375 -0.1042 -2.8183
v -0.5375 -0.1200 -3.0938
v -0.8250 -0.1200 -3.0875
v -0.8250 -0.1162 -3.0249
v -0.5375 -0.1158 -3.0237
v -0.8250 -0.0858 0.5249
v -1.1125 -0.0887 0.1011
v -1.1125 -0.1200 0.1562
v -0.8250 -0.1200 0.5875
v -0.8250 -0.0573 0.3413
v -1.1125 -0.0627 -0.0606
v -1.1125 -0.0887 0.1011
v -0.8250 -0.0858 0.5249
v -0.8250 -0.0371 0.0493
v -1.1125 -0.0442 -0.3179
v -1.1125 -0.0627 -0.0606
v -0.8250 -0.0573 0.3413
v -0.8250 -0.0272 -0.3312
v -1.1125 -0.0352 -0.6531
v -1.1125 -0.0442 -0.3179
v -0.8250 -0.0371 0.0493
v -0.8250 -0.0279 -0.7744
v -1.1125 -0.0359 -1.0435
v -1.1125 -0.0352 -0.6531
v -0.8250 -0.0272 -0.3312
v -0.8250 -0.0374 -1.2500
v -1.1125 -0.0446 -1.4625
v -1.1125 -0.0359 -1.0435
v -0.8250 -0.0279 -0.7744
v -0.8250 -0.0529 -1.7256
v -1.1125 -0.0587 -1.8815
v -1.1125 -0.0446 -1.4625
v -0.8250 -0.0374 -1.2500
v -0.8250 -0.0712 -2.1687
v -1.1125 -0.0755 -2.2719
v -1.1125 -0.0587 -1.8815
v -0.8250 -0.0529 -1.7256
v -0.8250 -0.0896 -2.5493
v -1.1125 -0.0923 -2.6071
v -1.1125 -0.0755 -2.2719
v -0.8250 -0.0712 -2.1687
v -0.8250 -0.1054 -2.8413
v -1.1125 -0.1067 -2.8644
v -1.1125 -0.0923 -2.6071
v -0.8250 -0.0896 -2.5493
v -0.8250 -0.1162 -3.0249
v -1.1125 -0.1165 -3.0261
v -1.1125 -0.1067 -2.8644
v -0.8250 -0.1054 -2.8413
v -0.8250 -0.1200 -3.0875
v -1.1125 -0.1200 -3.0812
v -1.1125 -0.1165 -3.0261
v -0.8250 -0.1162 -3.0249
v -1.1125 -0.0887 0.1011
v -1.4000 -0.0917 -0.3227
v -1.4000 -0.1200 -0.2750
v -1.1125 -0.1200 0.1562
v -1.1125 -0.0627 -0.0606
v -1.4000 -0.0681 -0.4626
v -1.4000 -0.0917 -0.3227
v -1.1125 -0.0887 0.1011
v -1.1125 -0.0442 -0.3179
v -1.4000 -0.0514 -0.6851
v -1.4000 -0.0681 -0.4626
v -1.1125 -0.0627 -0.0606
v -1.1125 -0.0352 -0.6531
v -1.4000 -0.0433 -0.9750
v -1.4000 -0.0514 -0.6851
v -1.1125 -0.0442 -0.3179
v -1.1125 -0.0359 -1.0435
v -1.4000 -0.0438 -1.3127
v -1.4000 -0.0433 -0.9750
v -1.1125 -0.0352 -0.6531
v -1.1125 -0.0446 -1.4625
v -1.4000 -0.0517 -1.6750
v -1.4000 -0.0438 -1.3127
v -1.1125 -0.0359 -1.0435
v -1.1125 -0.0587 -1.8815
v -1.4000 -0.0645 -2.0373
v -1.4000 -0.0517 -1.6750
v -1.1125 -0.0446 -1.4625
v -1.1125 -0.0755 -2.2719
v -1.4000 -0.0797 -2.3750
v -1.4000 -0.0645 -2.0373
v -1.1125 -0.0587 -1.8815
v -1.1125 -0.0923 -2.6071
v -1.4000 -0.0949 -2.6649
v -1.4000 -0.0797 -2.3750
v -1.1125 -0.0755 -2.2719
v -1.1125 -0.1067 -2.8644
v -1.4000 -0.1079 -2.8874
v -1.4000 -0.0949 -2.6649
v -1.1125 -0.0923 -2.6071
v -1.1125 -0.1165 -3.0261
v -1.4000 -0.1168 -3.0273
v -1.4000 -0.1079 -2.8874
v -1.1125 -0.1067 -2.8644
v -1.1125 -0.1200 -3.0812
v -1.4000 -0.1200 -3.0750
v -1.4000 -0.1168 -3.0273
v -1.1125 -0.1165 -3.0261
v -1.4000 -0.0917 -0.3227
v -1.6875 -0.0947 -0.7465
v -1.6875 -0.1200 -0.7063
v -1.4000 -0.1200 -0.2750
v -1.4000 -0.0681 -0.4626
v -1.6875 -0.0736 -0.8645
v -1.6875 -0.0947 -0.7465
v -1.4000 -0.0917 -0.3227
v -1.4000 -0.0514 -0.6851
v -1.6875 -0.0586 -1.0522
v -1.6875 -0.0736 -0.8645
v -1.4000 -0.0681 -0.4626
v -1.4000 -0.0433 -0.9750
v -1.6875 -0.0513 -1.2969
v -1.6875 -0.0586 -1.0522
v -1.4000 -0.0514 -0.6851
v -1.4000 -0.0438 -1.3127
v -1.6875 -0.0518 -1.5818
v -1.6875 -0.0513 -1.2969
v -1.4000 -0.0433 -0.9750
v -1.4000 -0.0517 -1.6750
v -1.6875 -0.0589 -1.8875
v -1.6875 -0.0518 -1.5818
v -1.4000 -0.0438 -1.3127
v -1.4000 -0.0645 -2.0373
v -1.6875 -0.0703 -2.1932
v -1.6875 -0.0589 -1.8875
v -1.4000 -0.0517 -1.6750
v -1.4000 -0.0797 -2.3750
v -1.6875 -0.0839 -2.4781
v -1.6875 -0.0703 -2.1932
v -1.4000 -0.0645 -2.0373
v -1.4000 -0.0949 -2.6649
v -1.6875 -0.0975 -2.7228
v -1.6875 -0.0839 -2.4781
v -1.4000 -0.0797 -2.3750
v -1.4000 -0.1079 -2.8874
v -1.6875 -0.1092 -2.9105
v -1.6875 -0.0975 -2.7228
v -1.4000 -0.0949 -2.6649
v -1.4000 -0.1168 -3.0273
v -1.6875 -0.1172 -3.0285
v -1.6875 -0.1092 -2.9105
v -1.4000 -0.1079 -2.8874
v -1.4000 -0.1200 -3.0750
v -1.6875 -0.1200 -3.0687
v -1.6875 -0.1172 -3.0285
v -1.4000 -0.1168 -3.0273
v -1.6875 -0.0947 -0.7465
v -1.9750 -0.0976 -1.1703
v -1.9750 -0.1200 -1.1375
v -1.6875 -0.1200 -0.7063
v -1.6875 -0.0736 -0.8645
v -1.9750 -0.0790 -1.2665
v -1.9750 -0.0976 -1.1703
v -1.6875 -0.0947 -0.7465
v -1.6875 -0.0586 -1.0522
v -1.9750 -0.0658 -1.4194
v -1.9750 -0.0790 -1.2665
v -1.6875 -0.0736 -0.8645
v -1.6875 -0.0513 -1.2969
v -1.9750 -0.0594 -1.6188
v -1.9750 -0.0658 -1.4194
v -1.6875 -0.0586 -1.0522
v -1.6875 -0.0518 -1.5818
v -1.9750 -0.0598 -1.8509
v -1.9750 -0.0594 -1.6188
v -1.6875 -0.0513 -1.2969
v -1.6875 -0.0589 -1.8875
v -1.9750 -0.0660 -2.1000
v -1.9750 -0.0598 -1.8509
v -1.6875 -0.0518 -1.5818
v -1.6875 -0.0703 -2.1932
v -1.9750 -0.0762 -2.3491
v -1.9750 -0.0660 -2.1000
v -1.6875 -0.0589 -1.8875
v -1.6875 -0.0839 -2.4781
v -1.9750 -0.0881 -2.5812
v -1.9750 -0.0762 -2.3491
v -1.6875 -0.0703 -2.1932
v -1.6875 -0.0975 -2.7228
v -1.9750 -0.1002 -2.7806
v -1.9750 -0.0881 -2.5812
v -1.6875 -0.0839 -2.4781
v -1.6875 -0.1092 -2.9105
v -1.9750 -0.1105 -2.9335
v -1.9750 -0.1002 -2.7806
v -1.6875 -0.0975 -2.7228
v -1.6875 -0.1172 -3.0285
v -1.9750 -0.1175 -3.0297
v -1.9750 -0.1105 -2.9335
v -1.6875 -0.1092 -2.9105
v -1.6875 -0.1200 -3.0687
v -1.9750 -0.1200 -3.0625
v -1.9750 -0.1175 -3.0297
v -1.6875 -0.1172 -3.0285
v -1.9750 -0.0976 -1.1703
v -2.2625 -0.1006 -1.5941
v -2.2625 -0.1200 -1.5688
v -1.9750 -0.1200 -1.1375
v -1.9750 -0.0790 -1.2665
v -2.2625 -0.0845 -1.6684
v -2.2625 -0.1006 -1.5941
v -1.9750 -0.0976 -1.1703
v -1.9750 -0.0658 -1.4194
v -2.2625 -0.0730 -1.7866
v -2.2625 -0.0845 -1.6684
v -1.9750 -0.0790 -1.2665
v -1.9750 -0.0594 -1.6188
v -2.2625 -0.0674 -1.9406
v -2.2625 -0.0730 -1.7866
v -1.9750 -0.0658 -1.4194
v -1.9750 -0.0598 -1.8509
v -2.2625 -0.0678 -2.1200
v -2.2625 -0.0674 -1.9406
v -1.9750 -0.0594 -1.6188
v -1.9750 -0.0660 -2.1000
v -2.2625 -0.0732 -2.3125
v -2.2625 -0.0678 -2.1200
v -1.9750 -0.0598 -1.8509
v -1.9750 -0.0762 -2.3491
v -2.2625 -0.0820 -2.5050
v -2.2625 -0.0732 -2.3125
v -1.9750 -0.0660 -2.1000
v -1.9750 -0.0881 -2.5812
v -2.2625 -0.0924 -2.6844
v -2.2625 -0.0820 -2.5050
v -1.9750 -0.0762 -2.3491
v -1.9750 -0.1002 -2.7806
v -2.2625 -0.1028 -2.8384
v -2.2625 -0.0924 -2.6844
v -1.9750 -0.0881 -2.5812
v -1.9750 -0.1105 -2.9335
v -2.2625 -0.1117 -2.9566
v -2.2625 -0.1028 -2.8384
v -1.9750 -0.1002 -2.7806
v -1.9750 -0.1175 -3.0297
v -2.2625 -0.1178 -3.0309
v -2.2625 -0.1117 -2.9566
v -1.9750 -0.1105 -2.9335
v -1.9750 -0.1200 -3.0625
v -2.2625 -0.1200 -3.0563
v -2.2625 -0.1178 -3.0309
v -1.9750 -0.1175 -3.0297
v -2.2625 -0.1006 -1.5941
v -2.5500 -0.1036 -2.0179
v -2.5500 -0.1200 -2.0000
v -2.2625 -0.1200 -1.5688
v -2.2625 -0.0845 -1.6684
v -2.5500 -0.0899 -2.0703
v -2.5500 -0.1036 -2.0179
v -2.2625 -0.1006 -1.5941
v -2.2625 -0.0730 -1.7866
v -2.5500 -0.0802 -2.1538
v -2.5500 -0.0899 -2.0703
v -2.2625 -0.0845 -1.6684
v -2.2625 -0.0674 -1.9406
v -2.5500 -0.0754 -2.2625
v -2.5500 -0.0802 -2.1538
v -2.2625 -0.0730 -1.7866
v -2.2625 -0.0678 -2.1200
v -2.5500 -0.0758 -2.3891
v -2.5500 -0.0754 -2.2625
v -2.2625 -0.0674 -1.9406
v -2.2625 -0.0732 -2.3125
v -2.5500 -0.0804 -2.5250
v -2.5500 -0.0758 -2.3891
v -2.2625 -0.0678 -2.1200
v -2.2625 -0.0820 -2.5050
v -2.5500 -0.0878 -2.6609
v -2.5500 -0.0804 -2.5250
v -2.2625 -0.0732 -2.3125
v -2.2625 -0.0924 -2.6844
v -2.5500 -0.0966 -2.7875
v -2.5500 -0.0878 -2.6609
v -2.2625 -0.0820 -2.5050
v -2.2625 -0.1028 -2.8384
v -2.5500 -0.1054 -2.8962
v -2.5500 -0.0966 -2.7875
v -2.2625 -0.0924 -2.6844
v -2.2625 -0.1117 -2.9566
v -2.5500 -0.1130 -2.9797
v -2.5500 -0.1054 -2.8962
v -2.2625 -0.1028 -2.8384
v -2.2625 -0.1178 -3.0309
v -2.5500 -0.1182 -3.0321
v -2.5500 -0.1130 -2.9797
v -2.2625 -0.1117 -2.9566
v -2.2625 -0.1200 -3.0563
v -2.5500 -0.1200 -3.0500
v -2.5500 -0.1182 -3.0321
v -2.2625 -0.1178 -3.0309
v -0.2500 -0.1200 1.4500
v -0.5375 -0.1200 1.0187
v -0.5375 -0.1572 0.9487
v -0.2500 -0.1602 1.3725
v -0.2500 -0.1602 1.3725
v -0.5375 -0.1572 0.9487
v -0.5375 -0.1882 0.7433
v -0.2500 -0.1936 1.1452
v -0.2500 -0.1936 1.1452
v -0.5375 -0.1882 0.7433
v -0.5375 -0.2101 0.4165
v -0.2500 -0.2173 0.7837
v -0.2500 -0.2173 0.7837
v -0.5375 -0.2101 0.4165
v -0.5375 -0.2209 -0.0094
v -0.2500 -0.2289 0.3125
v -0.2500 -0.2289 0.3125
v -0.5375 -0.2209 -0.0094
v -0.5375 -0.2201 -0.5053
v -0.2500 -0.2281 -0.2362
v -0.2500 -0.2281 -0.2362
v -0.5375 -0.2201 -0.5053
v -0.5375 -0.2098 -1.0375
v -0.2500 -0.2169 -0.8250
v -0.2500 -0.2169 -0.8250
v -0.5375 -0.2098 -1.0375
v -0.5375 -0.1929 -1.5697
v -0.2500 -0.1987 -1.4138
v -0.2500 -0.1987 -1.4138
v -0.5375 -0.1929 -1.5697
v -0.5375 -0.1730 -2.0656
v -0.2500 -0.1772 -1.9625
v -0.2500 -0.1772 -1.9625
v -0.5375 -0.1730 -2.0656
v -0.5375 -0.1530 -2.4915
v -0.2500 -0.1556 -2.4337
v -0.2500 -0.1556 -2.4337
v -0.5375 -0.1530 -2.4915
v -0.5375 -0.1358 -2.8183
v -0.2500 -0.1371 -2.7952
v -0.2500 -0.1371 -2.7952
v -0.5375 -0.1358 -2.8183
v -0.5375 -0.1242 -3.0237
v -0.2500 -0.1245 -3.0225
v -0.2500 -0.1245 -3.0225
v -0.5375 -0.1242 -3.0237
v -0.5375 -0.1200 -3.0938
v -0.2500 -0.1200 -3.1000
v -0.5375 -0.1200 1.0187
v -0.8250 -0.1200 0.5875
v -0.8250 -0.1542 0.5249
v -0.5375 -0.1572 0.9487
v -0.5375 -0.1572 0.9487
v -0.8250 -0.1542 0.5249
v -0.8250 -0.1827 0.3413
v -0.5375 -0.1882 0.7433
v -0.5375 -0.1882 0.7433
v -0.8250 -0.1827 0.3413
v -0.8250 -0.2029 0.0493
v -0.5375 -0.2101 0.4165
v -0.5375 -0.2101 0.4165
v -0.8250 -0.2029 0.0493
v -0.8250 -0.2128 -0.3312
v -0.5375 -0.2209 -0.0094
v -0.5375 -0.2209 -0.0094
v -0.8250 -0.2128 -0.3312
v -0.8250 -0.2121 -0.7744
v -0.5375 -0.2201 -0.5053
v -0.5375 -0.2201 -0.5053
v -0.8250 -0.2121 -0.7744
v -0.8250 -0.2026 -1.2500
v -0.5375 -0.2098 -1.0375
v -0.5375 -0.2098 -1.0375
v -0.8250 -0.2026 -1.2500
v -0.8250 -0.1871 -1.7256
v -0.5375 -0.1929 -1.5697
v -0.5375 -0.1929 -1.5697
v -0.8250 -0.1871 -1.7256
v -0.8250 -0.1688 -2.1687
v -0.5375 -0.1730 -2.0656
v -0.5375 -0.1730 -2.0656
v -0.8250 -0.1688 -2.1687
v -0.8250 -0.1504 -2.5493
v -0.5375 -0.1530 -2.4915
v -0.5375 -0.1530 -2.4915
v -0.8250 -0.1504 -2.5493
v -0.8250 -0.1346 -2.8413
v -0.5375 -0.1358 -2.8183
v -0.5375 -0.1358 -2.8183
v -0.8250 -0.1346 -2.8413
v -0.8250 -0.1238 -3.0249
v -0.5375 -0.1242 -3.0237
v -0.5375 -0.1242 -3.0237
v -0.8250 -0.1238 -3.0249
v -0.8250 -0.1200 -3.0875
v -0.5375 -0.1200 -3.0938
v -0.8250 -0.1200 0.5875
v -1.1125 -0.1200 0.1562
v -1.1125 -0.1513 0.1011
v -0.8250 -0.1542 0.5249
v -0.8250 -0.1542 0.5249
v -1.1125 -0.1513 0.1011
v -1.1125 -0.1773 -0.0606
v -0.8250 -0.1827 0.3413
v -0.8250 -0.1827 0.3413
v -1.1125 -0.1773 -0.0606
v -1.1125 -0.1958 -0.3179
v -0.8250 -0.2029 0.0493
v -0.8250 -0.2029 0.0493
v -1.1125 -0.1958 -0.3179
v -1.1125 -0.2048 -0.6531
v -0.8250 -0.2128 -0.3312
v -0.8250 -0.2128 -0.3312
v -1.1125 -0.2048 -0.6531
v -1.1125 -0.2041 -1.0435
v -0.8250 -0.2121 -0.7744
v -0.8250 -0.2121 -0.7744
v -1.1125 -0.2041 -1.0435
v -1.1125 -0.1954 -1.4625
v -0.8250 -0.2026 -1.2500
v -0.8250 -0.2026 -1.2500
v -1.1125 -0.1954 -1.4625
v -1.1125 -0.1813 -1.8815
v -0.8250 -0.1871 -1.7256
v -0.8250 -0.1871 -1.7256
v -1.1125 -0.1813 -1.8815
v -1.1125 -0.1645 -2.2719
v -0.8250 -0.1688 -2.1687
v -0.8250 -0.1688 -2.1687
v -1.1125 -0.1645 -2.2719
v -1.1125 -0.1477 -2.6071
v -0.8250 -0.1504 -2.5493
v -0.8250 -0.1504 -2.5493
v -1.1125 -0.1477 -2.6071
v -1.1125 -0.1333 -2.8644
v -0.8250 -0.1346 -2.8413
v -0.8250 -0.1346 -2.8413
v -1.1125 -0.1333 -2.8644
v -1.1125 -0.1235 -3.0261
v -0.8250 -0.1238 -3.0249
v -0.8250 -0.1238 -3.0249
v -1.1125 -0.1235 -3.0261
v -1.1125 -0.1200 -3.0812
v -0.8250 -0.1200 -3.0875
v -1.1125 -0.1200 0.1562
v -1.4000 -0.1200 -0.2750
v -1.4000 -0.1483 -0.3227
v -1.1125 -0.1513 0.1011
v -1.1125 -0.1513 0.1011
v -1.4000 -0.1483 -0.3227
v -1.4000 -0.1719 -0.4626
v -1.1125 -0.1773 -0.0606
v -1.1125 -0.1773 -0.0606
v -1.4000 -0.1719 -0.4626
v -1.4000 -0.1886 -0.6851
v -1.1125 -0.1958 -0.3179
v -1.1125 -0.1958 -0.3179
v -1.4000 -0.1886 -0.6851
v -1.4000 -0.1967 -0.9750
v -1.1125 -0.2048 -0.6531
v -1.1125 -0.2048 -0.6531
v -1.4000 -0.1967 -0.9750
v -1.4000 -0.1962 -1.3127
v -1.1125 -0.2041 -1.0435
v -1.1125 -0.2041 -1.0435
v -1.4000 -0.1962 -1.3127
v -1.4000 -0.1883 -1.6750
v -1.1125 -0.1954 -1.4625
v -1.1125 -0.1954 -1.4625
v -1.4000 -0.1883 -1.6750
v -1.4000 -0.1755 -2.0373
v -1.1125 -0.1813 -1.8815
v -1.1125 -0.1813 -1.8815
v -1.4000 -0.1755 -2.0373
v -1.4000 -0.1603 -2.3750
v -1.1125 -0.1645 -2.2719
v -1.1125 -0.1645 -2.2719
v -1.4000 -0.1603 -2.3750
v -1.4000 -0.1451 -2.6649
v -1.1125 -0.1477 -2.6071
v -1.1125 -0.1477 -2.6071
v -1.4000 -0.1451 -2.6649
v -1.4000 -0.1321 -2.8874
v -1.1125 -0.1333 -2.8644
v -1.1125 -0.1333 -2.8644
v -1.4000 -0.1321 -2.8874
v -1.4000 -0.1232 -3.0273
v -1.1125 -0.1235 -3.0261
v -1.1125 -0.1235 -3.0261
v -1.4000 -0.1232 -3.0273
v -1.4000 -0.1200 -3.0750
v -1.1125 -0.1200 -3.0812
v -1.4000 -0.1200 -0.2750
v -1.6875 -0.1200 -0.7063
v -1.6875 -0.1453 -0.7465
v -1.4000 -0.1483 -0.3227
v -1.4000 -0.1483 -0.3227
v -1.6875 -0.1453 -0.7465
v -1.6875 -0.1664 -0.8645
v -1.4000 -0.1719 -0.4626
v -1.4000 -0.1719 -0.4626
v -1.6875 -0.1664 -0.8645
v -1.6875 -0.1814 -1.0522
v -1.4000 -0.1886 -0.6851
v -1.4000 -0.1886 -0.6851
v -1.6875 -0.1814 -1.0522
v -1.6875 -0.1887 -1.2969
v -1.4000 -0.1967 -0.9750
v -1.4000 -0.1967 -0.9750
v -1.6875 -0.1887 -1.2969
v -1.6875 -0.1882 -1.5818
v -1.4000 -0.1962 -1.3127
v -1.4000 -0.1962 -1.3127
v -1.6875 -0.1882 -1.5818
v -1.6875 -0.1811 -1.8875
v -1.4000 -0.1883 -1.6750
v -1.4000 -0.1883 -1.6750
v -1.6875 -0.1811 -1.8875
v -1.6875 -0.1697 -2.1932
v -1.4000 -0.1755 -2.0373
v -1.4000 -0.1755 -2.0373
v -1.6875 -0.1697 -2.1932
v -1.6875 -0.1561 -2.4781
v -1.4000 -0.1603 -2.3750
v -1.4000 -0.1603 -2.3750
v -1.6875 -0.1561 -2.4781
v -1.6875 -0.1425 -2.7228
v -1.4000 -0.1451 -2.6649
v -1.4000 -0.1451 -2.6649
v -1.6875 -0.1425 -2.7228
v -1.6875 -0.1308 -2.9105
v -1.4000 -0.1321 -2.8874
v -1.4000 -0.1321 -2.8874
v -1.6875 -0.1308 -2.9105
v -1.6875 -0.1228 -3.0285
v -1.4000 -0.1232 -3.0273
v -1.4000 -0.1232 -3.0273
v -1.6875 -0.1228 -3.0285
v -1.6875 -0.1200 -3.0687
v -1.4000 -0.1200 -3.0750
v -1.6875 -0.1200 -0.7063
v -1.9750 -0.1200 -1.1375
v -1.9750 -0.1424 -1.1703
v -1.6875 -0.1453 -0.7465
v -1.6875 -0.1453 -0.7465
v -1.9750 -0.1424 -1.1703
v -1.9750 -0.1610 -1.2665
v -1.6875 -0.1664 -0.8645
v -1.6875 -0.1664 -0.8645
v -1.9750 -0.1610 -1.2665
v -1.9750 -0.1742 -1.4194
v -1.6875 -0.1814 -1.0522
v -1.6875 -0.1814 -1.0522
v -1.9750 -0.1742 -1.4194
v -1.9750 -0.1806 -1.6188
v -1.6875 -0.1887 -1.2969
v -1.6875 -0.1887 -1.2969
v -1.9750 -0.1806 -1.6188
v -1.9750 -0.1802 -1.8509
v -1.6875 -0.1882 -1.5818
v -1.6875 -0.1882 -1.5818
v -1.9750 -0.1802 -1.8509
v -1.9750 -0.1740 -2.1000
v -1.6875 -0.1811 -1.8875
v -1.6875 -0.1811 -1.8875
v -1.9750 -0.1740 -2.1000
v -1.9750 -0.1638 -2.3491
v -1.6875 -0.1697 -2.1932
v -1.6875 -0.1697 -2.1932
v -1.9750 -0.1638 -2.3491
v -1.9750 -0.1519 -2.5812
v -1.6875 -0.1561 -2.4781
v -1.6875 -0.1561 -2.4781
v -1.9750 -0.1519 -2.5812
v -1.9750 -0.1398 -2.7806
v -1.6875 -0.1425 -2.7228
v -1.6875 -0.1425 -2.7228
v -1.9750 -0.1398 -2.7806
v -1.9750 -0.1295 -2.9335
v -1.6875 -0.1308 -2.9105
v -1.6875 -0.1308 -2.9105
v -1.9750 -0.1295 -2.9335
v -1.9750 -0.1225 -3.0297
v -1.6875 -0.1228 -3.0285
v -1.6875 -0.1228 -3.0285
v -1.9750 -0.1225 -3.0297
v -1.9750 -0.1200 -3.0625
v -1.6875 -0.1200 -3.0687
v -1.9750 -0.1200 -1.1375
v -2.2625 -0.1200 -1.5688
v -2.2625 -0.1394 -1.5941
v -1.9750 -0.1424 -1.1703
v -1.9750 -0.1424 -1.1703
v -2.2625 -0.1394 -1.5941
v -2.2625 -0.1555 -1.6684
v -1.9750 -0.1610 -1.2665
v -1.9750 -0.1610 -1.2665
v -2.2625 -0.1555 -1.6684
v -2.2625 -0.1670 -1.7866
v -1.9750 -0.1742 -1.4194
v -1.9750 -0.1742 -1.4194
v -2.2625 -0.1670 -1.7866
v -2.2625 -0.1726 -1.9406
v -1.9750 -0.1806 -1.6188
v -1.9750 -0.1806 -1.6188
v -2.2625 -0.1726 -1.9406
v -2.2625 -0.1722 -2.1200
v -1.9750 -0.1802 -1.8509
v -1.9750 -0.1802 -1.8509
v -2.2625 -0.1722 -2.1200
v -2.2625 -0.1668 -2.3125
v -1.9750 -0.1740 -2.1000
v -1.9750 -0.1740 -2.1000
v -2.2625 -0.1668 -2.3125
v -2.2625 -0.1580 -2.5050
v -1.9750 -0.1638 -2.3491
v -1.9750 -0.1638 -2.3491
v -2.2625 -0.1580 -2.5050
v -2.2625 -0.1476 -2.6844
v -1.9750 -0.1519 -2.5812
v -1.9750 -0.1519 -2.5812
v -2.2625 -0.1476 -2.6844
v -2.2625 -0.1372 -2.8384
v -1.9750 -0.1398 -2.7806
v -1.9750 -0.1398 -2.7806
v -2.2625 -0.1372 -2.8384
v -2.2625 -0.1283 -2.9566
v -1.9750 -0.1295 -2.9335
v -1.9750 -0.1295 -2.9335
v -2.2625 -0.1283 -2.9566
v -2.2625 -0.1222 -3.0309
v -1.9750 -0.1225 -3.0297
v -1.9750 -0.1225 -3.0297
v -2.2625 -0.1222 -3.0309
v -2.2625 -0.1200 -3.0563
v -1.9750 -0.1200 -3.0625
v -2.2625 -0.1200 -1.5688
v -2.5500 -0.1200 -2.0000
v -2.5500 -0.1364 -2.0179
v -2.2625 -0.1394 -1.5941
v -2.2625 -0.1394 -1.5941
v -2.5500 -0.1364 -2.0179
v -2.5500 -0.1501 -2.0703
v -2.2625 -0.1555 -1.6684
v -2.2625 -0.1555 -1.6684
v -2.5500 -0.1501 -2.0703
v -2.5500 -0.1598 -2.1538
v -2.2625 -0.1670 -1.7866
v -2.2625 -0.1670 -1.7866
v -2.5500 -0.1598 -2.1538
v -2.5500 -0.1646 -2.2625
v -2.2625 -0.1726 -1.9406
v -2.2625 -0.1726 -1.9406
v -2.5500 -0.1646 -2.2625
v -2.5500 -0.1642 -2.3891
v -2.2625 -0.1722 -2.1200
v -2.2625 -0.1722 -2.1200
v -2.5500 -0.1642 -2.3891
v -2.5500 -0.1596 -2.5250
v -2.2625 -0.1668 -2.3125
v -2.2625 -0.1668 -2.3125
v -2.5500 -0.1596 -2.5250
v -2.5500 -0.1522 -2.6609
v -2.2625 -0.1580 -2.5050
v -2.2625 -0.1580 -2.5050
v -2.5500 -0.1522 -2.6609
v -2.5500 -0.1434 -2.7875
v -2.2625 -0.1476 -2.6844
v -2.2625 -0.1476 -2.6844
v -2.5500 -0.1434 -2.7875
v -2.5500 -0.1346 -2.8962
v -2.2625 -0.1372 -2.8384
v -2.2625 -0.1372 -2.8384
v -2.5500 -0.1346 -2.8962
v -2.5500 -0.1270 -2.9797
v -2.2625 -0.1283 -2.9566
v -2.2625 -0.1283 -2.9566
v -2.5500 -0.1270 -2.9797
v -2.5500 -0.1218 -3.0321
v -2.2625 -0.1222 -3.0309
v -2.2625 -0.1222 -3.0309
v -2.5500 -0.1218 -3.0321
v -2.5500 -0.1200 -3.0500
v -2.2625 -0.1200 -3.0563
v -2.5500 -0.1036 -2.0179
v -2.5500 -0.1364 -2.0179
v -2.5500 -0.1200 -2.0000
v -2.5500 -0.1200 -2.0000
v -2.5500 -0.0899 -2.0703
v -2.5500 -0.1501 -2.0703
v -2.5500 -0.1364 -2.0179
v -2.5500 -0.1036 -2.0179
v -2.5500 -0.0802 -2.1538
v -2.5500 -0.1598 -2.1538
v -2.5500 -0.1501 -2.0703
v -2.5500 -0.0899 -2.0703
v -2.5500 -0.0754 -2.2625
v -2.5500 -0.1646 -2.2625
v -2.5500 -0.1598 -2.1538
v -2.5500 -0.0802 -2.1538
v -2.5500 -0.0758 -2.3891
v -2.5500 -0.1642 -2.3891
v -2.5500 -0.1646 -2.2625
v -2.5500 -0.0754 -2.2625
v -2.5500 -0.0804 -2.5250
v -2.5500 -0.1596 -2.5250
v -2.5500 -0.1642 -2.3891
v -2.5500 -0.0758 -2.3891
v -2.5500 -0.0878 -2.6609
v -2.5500 -0.1522 -2.6609
v -2.5500 -0.1596 -2.5250
v -2.5500 -0.0804 -2.5250
v -2.5500 -0.0966 -2.7875
v -2.5500 -0.1434 -2.7875
v -2.5500 -0.1522 -2.6609
v -2.5500 -0.0878 -2.6609
v -2.5500 -0.1054 -2.8962
v -2.5500 -0.1346 -2.8962
v -2.5500 -0.1434 -2.7875
v -2.5500 -0.0966 -2.7875
v -2.5500 -0.1130 -2.9797
v -2.5500 -0.1270 -2.9797
v -2.5500 -0.1346 -2.8962
v -2.5500 -0.1054 -2.8962
v -2.5500 -0.1182 -3.0321
v -2.5500 -0.1218 -3.0321
v -2.5500 -0.1270 -2.9797
v -2.5500 -0.1130 -2.9797
v -2.5500 -0.1200 -3.0500
v -2.5500 -0.1200 -3.0500
v -2.5500 -0.1218 -3.0321
v -2.5500 -0.1182 -3.0321
v 2.5963 -0.5800 -1.9926
v 2.5943 -0.2500 -2.0744
v 2.5700 -0.2500 -2.0350
v 2.5700 -0.5800 -1.9500
v 2.6142 -0.5800 -2.1140
v 2.6109 -0.2500 -2.1866
v 2.5943 -0.2500 -2.0744
v 2.5963 -0.5800 -1.9926
v 2.6200 -0.5800 -2.2957
v 2.6162 -0.2500 -2.3545
v 2.6109 -0.2500 -2.1866
v 2.6142 -0.5800 -2.1140
v 2.6141 -0.5800 -2.5100
v 2.6107 -0.2500 -2.5525
v 2.6162 -0.2500 -2.3545
v 2.6200 -0.5800 -2.2957
v 2.6010 -0.5800 -2.7243
v 2.5987 -0.2500 -2.7505
v 2.6107 -0.2500 -2.5525
v 2.6141 -0.5800 -2.5100
v 2.5862 -0.5800 -2.9060
v 2.5850 -0.2500 -2.9184
v 2.5987 -0.2500 -2.7505
v 2.6010 -0.5800 -2.7243
v 2.5745 -0.5800 -3.0274
v 2.5742 -0.2500 -3.0306
v 2.5850 -0.2500 -2.9184
v 2.5862 -0.5800 -2.9060
v 2.5700 -0.5800 -3.0700
v 2.5700 -0.2500 -3.0700
v 2.5742 -0.2500 -3.0306
v 2.5745 -0.5800 -3.0274
v 2.5943 -0.2500 -2.0744
v 2.5924 0.0800 -2.1562
v 2.5700 0.0800 -2.1200
v 2.5700 -0.2500 -2.0350
v 2.6109 -0.2500 -2.1866
v 2.6076 0.0800 -2.2591
v 2.5924 0.0800 -2.1562
v 2.5943 -0.2500 -2.0744
v 2.6162 -0.2500 -2.3545
v 2.6125 0.0800 -2.4132
v 2.6076 0.0800 -2.2591
v 2.6109 -0.2500 -2.1866
v 2.6107 -0.2500 -2.5525
v 2.6074 0.0800 -2.5950
v 2.6125 0.0800 -2.4132
v 2.6162 -0.2500 -2.3545
v 2.5987 -0.2500 -2.7505
v 2.5963 0.0800 -2.7768
v 2.6074 0.0800 -2.5950
v 2.6107 -0.2500 -2.5525
v 2.5850 -0.2500 -2.9184
v 2.5838 0.0800 -2.9309
v 2.5963 0.0800 -2.7768
v 2.5987 -0.2500 -2.7505
v 2.5742 -0.2500 -3.0306
v 2.5738 0.0800 -3.0338
v 2.5838 0.0800 -2.9309
v 2.5850 -0.2500 -2.9184
v 2.5700 -0.2500 -3.0700
v 2.5700 0.0800 -3.0700
v 2.5738 0.0800 -3.0338
v 2.5742 -0.2500 -3.0306
v 2.5924 0.0800 -2.1562
v 2.5904 0.4100 -2.2379
v 2.5700 0.4100 -2.2050
v 2.5700 0.0800 -2.1200
v 2.6076 0.0800 -2.2591
v 2.6043 0.4100 -2.3317
v 2.5904 0.4100 -2.2379
v 2.5924 0.0800 -2.1562
v 2.6125 0.0800 -2.4132
v 2.6087 0.4100 -2.4720
v 2.6043 0.4100 -2.3317
v 2.6076 0.0800 -2.2591
v 2.6074 0.0800 -2.5950
v 2.6041 0.4100 -2.6375
v 2.6087 0.4100 -2.4720
v 2.6125 0.0800 -2.4132
v 2.5963 0.0800 -2.7768
v 2.5940 0.4100 -2.8030
v 2.6041 0.4100 -2.6375
v 2.6074 0.0800 -2.5950
v 2.5838 0.0800 -2.9309
v 2.5826 0.4100 -2.9433
v 2.5940 0.4100 -2.8030
v 2.5963 0.0800 -2.7768
v 2.5738 0.0800 -3.0338
v 2.5735 0.4100 -3.0371
v 2.5826 0.4100 -2.9433
v 2.5838 0.0800 -2.9309
v 2.5700 0.0800 -3.0700
v 2.5700 0.4100 -3.0700
v 2.5735 0.4100 -3.0371
v 2.5738 0.0800 -3.0338
v 2.5904 0.4100 -2.2379
v 2.5884 0.7400 -2.3197
v 2.5700 0.7400 -2.2900
v 2.5700 0.4100 -2.2050
v 2.6043 0.4100 -2.3317
v 2.6010 0.7400 -2.4042
v 2.5884 0.7400 -2.3197
v 2.5904 0.4100 -2.2379
v 2.6087 0.4100 -2.4720
v 2.6050 0.7400 -2.5308
v 2.6010 0.7400 -2.4042
v 2.6043 0.4100 -2.3317
v 2.6041 0.4100 -2.6375
v 2.6008 0.7400 -2.6800
v 2.6050 0.7400 -2.5308
v 2.6087 0.4100 -2.4720
v 2.5940 0.4100 -2.8030
v 2.5917 0.7400 -2.8292
v 2.6008 0.7400 -2.6800
v 2.6041 0.4100 -2.6375
v 2.5826 0.4100 -2.9433
v 2.5813 0.7400 -2.9558
v 2.5917 0.7400 -2.8292
v 2.5940 0.4100 -2.8030
v 2.5735 0.4100 -3.0371
v 2.5731 0.7400 -3.0403
v 2.5813 0.7400 -2.9558
v 2.5826 0.4100 -2.9433
v 2.5700 0.4100 -3.0700
v 2.5700 0.7400 -3.0700
v 2.5731 0.7400 -3.0403
v 2.5735 0.4100 -3.0371
v 2.5700 -0.5800 -1.9500
v 2.5700 -0.2500 -2.0350
v 2.5457 -0.2500 -2.0744
v 2.5437 -0.5800 -1.9926
v 2.5437 -0.5800 -1.9926
v 2.5457 -0.2500 -2.0744
v 2.5291 -0.2500 -2.1866
v 2.5258 -0.5800 -2.1140
v 2.5258 -0.5800 -2.1140
v 2.5291 -0.2500 -2.1866
v 2.5238 -0.2500 -2.3545
v 2.5200 -0.5800 -2.2957
v 2.5200 -0.5800 -2.2957
v 2.5238 -0.2500 -2.3545
v 2.5293 -0.2500 -2.5525
v 2.5259 -0.5800 -2.5100
v 2.5259 -0.5800 -2.5100
v 2.5293 -0.2500 -2.5525
v 2.5413 -0.2500 -2.7505
v 2.5390 -0.5800 -2.7243
v 2.5390 -0.5800 -2.7243
v 2.5413 -0.2500 -2.7505
v 2.5550 -0.2500 -2.9184
v 2.5538 -0.5800 -2.9060
v 2.5538 -0.5800 -2.9060
v 2.5550 -0.2500 -2.9184
v 2.5658 -0.2500 -3.0306
v 2.5655 -0.5800 -3.0274
v 2.5655 -0.5800 -3.0274
v 2.5658 -0.2500 -3.0306
v 2.5700 -0.2500 -3.0700
v 2.5700 -0.5800 -3.0700
v 2.5700 -0.2500 -2.0350
v 2.5700 0.0800 -2.1200
v 2.5476 0.0800 -2.1562
v 2.5457 -0.2500 -2.0744
v 2.5457 -0.2500 -2.0744
v 2.5476 0.0800 -2.1562
v 2.5324 0.0800 -2.2591
v 2.5291 -0.2500 -2.1866
v 2.5291 -0.2500 -2.1866
v 2.5324 0.0800 -2.2591
v 2.5275 0.0800 -2.4132
v 2.5238 -0.2500 -2.3545
v 2.5238 -0.2500 -2.3545
v 2.5275 0.0800 -2.4132
v 2.5326 0.0800 -2.5950
v 2.5293 -0.2500 -2.5525
v 2.5293 -0.2500 -2.5525
v 2.5326 0.0800 -2.5950
v 2.5437 0.0800 -2.7768
v 2.5413 -0.2500 -2.7505
v 2.5413 -0.2500 -2.7505
v 2.5437 0.0800 -2.7768
v 2.5562 0.0800 -2.9309
v 2.5550 -0.2500 -2.9184
v 2.5550 -0.2500 -2.9184
v 2.5562 0.0800 -2.9309
v 2.5662 0.0800 -3.0338
v 2.5658 -0.2500 -3.0306
v 2.5658 -0.2500 -3.0306
v 2.5662 0.0800 -3.0338
v 2.5700 0.0800 -3.0700
v 2.5700 -0.2500 -3.0700
v 2.5700 0.0800 -2.1200
v 2.5700 0.4100 -2.2050
v 2.5496 0.4100 -2.2379
v 2.5476 0.0800 -2.1562
v 2.5476 0.0800 -2.1562
v 2.5496 0.4100 -2.2379
v 2.5357 0.4100 -2.3317
v 2.5324 0.0800 -2.2591
v 2.5324 0.0800 -2.2591
v 2.5357 0.4100 -2.3317
v 2.5313 0.4100 -2.4720
v 2.5275 0.0800 -2.4132
v 2.5275 0.0800 -2.4132
v 2.5313 0.4100 -2.4720
v 2.5359 0.4100 -2.6375
v 2.5326 0.0800 -2.5950
v 2.5326 0.0800 -2.5950
v 2.5359 0.4100 -2.6375
v 2.5460 0.4100 -2.8030
v 2.5437 0.0800 -2.7768
v 2.5437 0.0800 -2.7768
v 2.5460 0.4100 -2.8030
v 2.5574 0.4100 -2.9433
v 2.5562 0.0800 -2.9309
v 2.5562 0.0800 -2.9309
v 2.5574 0.4100 -2.9433
v 2.5665 0.4100 -3.0371
v 2.5662 0.0800 -3.0338
v 2.5662 0.0800 -3.0338
v 2.5665 0.4100 -3.0371
v 2.5700 0.4100 -3.0700
v 2.5700 0.0800 -3.0700
v 2.5700 0.4100 -2.2050
v 2.5700 0.7400 -2.2900
v 2.5516 0.7400 -2.3197
v 2.5496 0.4100 -2.2379
v 2.5496 0.4100 -2.2379
v 2.5516 0.7400 -2.3197
v 2.5390 0.7400 -2.4042
v 2.5357 0.4100 -2.3317
v 2.5357 0.4100 -2.3317
v 2.5390 0.7400 -2.4042
v 2.5350 0.7400 -2.5308
v 2.5313 0.4100 -2.4720
v 2.5313 0.4100 -2.4720
v 2.5350 0.7400 -2.5308
v 2.5392 0.7400 -2.6800
v 2.5359 0.4100 -2.6375
v 2.5359 0.4100 -2.6375
v 2.5392 0.7400 -2.6800
v 2.5483 0.7400 -2.8292
v 2.5460 0.4100 -2.8030
v 2.5460 0.4100 -2.8030
v 2.5483 0.7400 -2.8292
v 2.5587 0.7400 -2.9558
v 2.5574 0.4100 -2.9433
v 2.5574 0.4100 -2.9433
v 2.5587 0.7400 -2.9558
v 2.5669 0.7400 -3.0403
v 2.5665 0.4100 -3.0371
v 2.5665 0.4100 -3.0371
v 2.5669 0.7400 -3.0403
v 2.5700 0.7400 -3.0700
v 2.5700 0.4100 -3.0700
v 2.5884 0.7400 -2.3197
v 2.5516 0.7400 -2.3197
v 2.5700 0.7400 -2.2900
v 2.5700 0.7400 -2.2900
v 2.6010 0.7400 -2.4042
v 2.5390 0.7400 -2.4042
v 2.5516 0.7400 -2.3197
v 2.5884 0.7400 -2.3197
v 2.6050 0.7400 -2.5308
v 2.5350 0.7400 -2.5308
v 2.5390 0.7400 -2.4042
v 2.6010 0.7400 -2.4042
v 2.6008 0.7400 -2.6800
v 2.5392 0.7400 -2.6800
v 2.5350 0.7400 -2.5308
v 2.6050 0.7400 -2.5308
v 2.5917 0.7400 -2.8292
v 2.5483 0.7400 -2.8292
v 2.5392 0.7400 -2.6800
v 2.6008 0.7400 -2.6800
v 2.5813 0.7400 -2.9558
v 2.5587 0.7400 -2.9558
v 2.5483 0.7400 -2.8292
v 2.5917 0.7400 -2.8292
v 2.5731 0.7400 -3.0403
v 2.5669 0.7400 -3.0403
v 2.5587 0.7400 -2.9558
v 2.5813 0.7400 -2.9558
v 2.5700 0.7400 -3.0700
v 2.5700 0.7400 -3.0700
v 2.5669 0.7400 -3.0403
v 2.5731 0.7400 -3.0403
v -2.5700 -0.5800 -1.9500
v -2.5700 -0.2500 -2.0350
v -2.5943 -0.2500 -2.0744
v -2.5963 -0.5800 -1.9926
v -2.5963 -0.5800 -1.9926
v -2.5943 -0.2500 -2.0744
v -2.6109 -0.2500 -2.1866
v -2.6142 -0.5800 -2.1140
v -2.6142 -0.5800 -2.1140
v -2.6109 -0.2500 -2.1866
v -2.6162 -0.2500 -2.3545
v -2.6200 -0.5800 -2.2957
v -2.6200 -0.5800 -2.2957
v -2.6162 -0.2500 -2.3545
v -2.6107 -0.2500 -2.5525
v -2.6141 -0.5800 -2.5100
v -2.6141 -0.5800 -2.5100
v -2.6107 -0.2500 -2.5525
v -2.5987 -0.2500 -2.7505
v -2.6010 -0.5800 -2.7243
v -2.6010 -0.5800 -2.7243
v -2.5987 -0.2500 -2.7505
v -2.5850 -0.2500 -2.9184
v -2.5862 -0.5800 -2.9060
v -2.5862 -0.5800 -2.9060
v -2.5850 -0.2500 -2.9184
v -2.5742 -0.2500 -3.0306
v -2.5745 -0.5800 -3.0274
v -2.5745 -0.5800 -3.0274
v -2.5742 -0.2500 -3.0306
v -2.5700 -0.2500 -3.0700
v -2.5700 -0.5800 -3.0700
v -2.5700 -0.2500 -2.0350
v -2.5700 0.0800 -2.1200
v -2.5924 0.0800 -2.1562
v -2.5943 -0.2500 -2.0744
v -2.5943 -0.2500 -2.0744
v -2.5924 0.0800 -2.1562
v -2.6076 0.0800 -2.2591
v -2.6109 -0.2500 -2.1866
v -2.6109 -0.2500 -2.1866
v -2.6076 0.0800 -2.2591
v -2.6125 0.0800 -2.4132
v -2.6162 -0.2500 -2.3545
v -2.6162 -0.2500 -2.3545
v -2.6125 0.0800 -2.4132
v -2.6074 0.0800 -2.5950
v -2.6107 -0.2500 -2.5525
v -2.6107 -0.2500 -2.5525
v -2.6074 0.0800 -2.5950
v -2.5963 0.0800 -2.7768
v -2.5987 -0.2500 -2.7505
v -2.5987 -0.2500 -2.7505
v -2.5963 0.0800 -2.7768
v -2.5838 0.0800 -2.9309
v -2.5850 -0.2500 -2.9184
v -2.5850 -0.2500 -2.9184
v -2.5838 0.0800 -2.9309
v -2.5738 0.0800 -3.0338
v -2.5742 -0.2500 -3.0306
v -2.5742 -0.2500 -3.0306
v -2.5738 0.0800 -3.0338
v -2.5700 0.0800 -3.0700
v -2.5700 -0.2500 -3.0700
v -2.5700 0.0800 -2.1200
v -2.5700 0.4100 -2.2050
v -2.5904 0.4100 -2.2379
v -2.5924 0.0800 -2.1562
v -2.5924 0.0800 -2.1562
v -2.5904 0.4100 -2.2379
v -2.6043 0.4100 -2.3317
v -2.6076 0.0800 -2.2591
v -2.6076 0.0800 -2.2591
v -2.6043 0.4100 -2.3317
v -2.6087 0.4100 -2.4720
v -2.6125 0.0800 -2.4132
v -2.6125 0.0800 -2.4132
v -2.6087 0.4100 -2.4720
v -2.6041 0.4100 -2.6375
v -2.6074 0.0800 -2.5950
v -2.6074 0.0800 -2.5950
v -2.6041 0.4100 -2.6375
v -2.5940 0.4100 -2.8030
v -2.5963 0.0800 -2.7768
v -2.5963 0.0800 -2.7768
v -2.5940 0.4100 -2.8030
v -2.5826 0.4100 -2.9433
v -2.5838 0.0800 -2.9309
v -2.5838 0.0800 -2.9309
v -2.5826 0.4100 -2.9433
v -2.5735 0.4100 -3.0371
v -2.5738 0.0800 -3.0338
v -2.5738 0.0800 -3.0338
v -2.5735 0.4100 -3.0371
v -2.5700 0.4100 -3.0700
v -2.5700 0.0800 -3.0700
v -2.5700 0.4100 -2.2050
v -2.5700 0.7400 -2.2900
v -2.5884 0.7400 -2.3197
v -2.5904 0.4100 -2.2379
v -2.5904 0.4100 -2.2379
v -2.5884 0.7400 -2.3197
v -2.6010 0.7400 -2.4042
v -2.6043 0.4100 -2.3317
v -2.6043 0.4100 -2.3317
v -2.6010 0.7400 -2.4042
v -2.6050 0.7400 -2.5308
v -2.6087 0.4100 -2.4720
v -2.6087 0.4100 -2.4720
v -2.6050 0.7400 -2.5308
v -2.6008 0.7400 -2.6800
v -2.6041 0.4100 -2.6375
v -2.6041 0.4100 -2.6375
v -2.6008 0.7400 -2.6800
v -2.5917 0.7400 -2.8292
v -2.5940 0.4100 -2.8030
v -2.5940 0.4100 -2.8030
v -2.5917 0.7400 -2.8292
v -2.5813 0.7400 -2.9558
v -2.5826 0.4100 -2.9433
v -2.5826 0.4100 -2.9433
v -2.5813 0.7400 -2.9558
v -2.5731 0.7400 -3.0403
v -2.5735 0.4100 -3.0371
v -2.5735 0.4100 -3.0371
v -2.5731 0.7400 -3.0403
v -2.5700 0.7400 -3.0700
v -2.5700 0.4100 -3.0700
v -2.5437 -0.5800 -1.9926
v -2.5457 -0.2500 -2.0744
v -2.5700 -0.2500 -2.0350
v -2.5700 -0.5800 -1.9500
v -2.5258 -0.5800 -2.1140
v -2.5291 -0.2500 -2.1866
v -2.5457 -0.2500 -2.0744
v -2.5437 -0.5800 -1.9926
v -2.5200 -0.5800 -2.2957
v -2.5238 -0.2500 -2.3545
v -2.5291 -0.2500 -2.1866
v -2.5258 -0.5800 -2.1140
v -2.5259 -0.5800 -2.5100
v -2.5293 -0.2500 -2.5525
v -2.5238 -0.2500 -2.3545
v -2.5200 -0.5800 -2.2957
v -2.5390 -0.5800 -2.7243
v -2.5413 -0.2500 -2.7505
v -2.5293 -0.2500 -2.5525
v -2.5259 -0.5800 -2.5100
v -2.5538 -0.5800 -2.9060
v -2.5550 -0.2500 -2.9184
v -2.5413 -0.2500 -2.7505
v -2.5390 -0.5800 -2.7243
v -2.5655 -0.5800 -3.0274
v -2.5658 -0.2500 -3.0306
v -2.5550 -0.2500 -2.9184
v -2.5538 -0.5800 -2.9060
v -2.5700 -0.5800 -3.0700
v -2.5700 -0.2500 -3.0700
v -2.5658 -0.2500 -3.0306
v -2.5655 -0.5800 -3.0274
v -2.5457 -0.2500 -2.0744
v -2.5476 0.0800 -2.1562
v -2.5700 0.0800 -2.1200
v -2.5700 -0.2500 -2.0350
v -2.5291 -0.2500 -2.1866
v -2.5324 0.0800 -2.2591
v -2.5476 0.0800 -2.1562
v -2.5457 -0.2500 -2.0744
v -2.5238 -0.2500 -2.3545
v -2.5275 0.0800 -2.4132
v -2.5324 0.0800 -2.2591
v -2.5291 -0.2500 -2.1866
v -2.5293 -0.2500 -2.5525
v -2.5326 0.0800 -2.5950
v -2.5275 0.0800 -2.4132
v -2.5238 -0.2500 -2.3545
v -2.5413 -0.2500 -2.7505
v -2.5437 0.0800 -2.7768
v -2.5326 0.0800 -2.5950
v -2.5293 -0.2500 -2.5525
v -2.5550 -0.2500 -2.9184
v -2.5562 0.0800 -2.9309
v -2.5437 0.0800 -2.7768
v -2.5413 -0.2500 -2.7505
v -2.5658 -0.2500 -3.0306
v -2.5662 0.0800 -3.0338
v -2.5562 0.0800 -2.9309
v -2.5550 -0.2500 -2.9184
v -2.5700 -0.2500 -3.0700
v -2.5700 0.0800 -3.0700
v -2.5662 0.0800 -3.0338
v -2.5658 -0.2500 -3.0306
v -2.5476 0.0800 -2.1562
v -2.5496 0.4100 -2.2379
v -2.5700 0.4100 -2.2050
v -2.5700 0.0800 -2.1200
v -2.5324 0.0800 -2.2591
v -2.5357 0.4100 -2.3317
v -2.5496 0.4100 -2.2379
v -2.5476 0.0800 -2.1562
v -2.5275 0.0800 -2.4132
v -2.5313 0.4100 -2.4720
v -2.5357 0.4100 -2.3317
v -2.5324 0.0800 -2.2591
v -2.5326 0.0800 -2.5950
v -2.5359 0.4100 -2.6375
v -2.5313 0.4100 -2.4720
v -2.5275 0.0800 -2.4132
v -2.5437 0.0800 -2.7768
v -2.5460 0.4100 -2.8030
v -2.5359 0.4100 -2.6375
v -2.5326 0.0800 -2.5950
v -2.5562 0.0800 -2.9309
v -2.5574 0.4100 -2.9433
v -2.5460 0.4100 -2.8030
v -2.5437 0.0800 -2.7768
v -2.5662 0.0800 -3.0338
v -2.5665 0.4100 -3.0371
v -2.5574 0.4100 -2.9433
v -2.5562 0.0800 -2.9309
v -2.5700 0.0800 -3.0700
v -2.5700 0.4100 -3.0700
v -2.5665 0.4100 -3.0371
v -2.5662 0.0800 -3.0338
v -2.5496 0.4100 -2.2379
v -2.5516 0.7400 -2.3197
v -2.5700 0.7400 -2.2900
v -2.5700 0.4100 -2.2050
v -2.5357 0.4100 -2.3317
v -2.5390 0.7400 -2.4042
v -2.5516 0.7400 -2.3197
v -2.5496 0.4100 -2.2379
v -2.5313 0.4100 -2.4720
v -2.5350 0.7400 -2.5308
v -2.5390 0.7400 -2.4042
v -2.5357 0.4100 -2.3317
v -2.5359 0.4100 -2.6375
v -2.5392 0.7400 -2.6800
v -2.5350 0.7400 -2.5308
v -2.5313 0.4100 -2.4720
v -2.5460 0.4100 -2.8030
v -2.5483 0.7400 -2.8292
v -2.5392 0.7400 -2.6800
v -2.5359 0.4100 -2.6375
v -2.5574 0.4100 -2.9433
v -2.5587 0.7400 -2.9558
v -2.5483 0.7400 -2.8292
v -2.5460 0.4100 -2.8030
v -2.5665 0.4100 -3.0371
v -2.5669 0.7400 -3.0403
v -2.5587 0.7400 -2.9558
v -2.5574 0.4100 -2.9433
v -2.5700 0.4100 -3.0700
v -2.5700 0.7400 -3.0700
v -2.5669 0.7400 -3.0403
v -2.5665 0.4100 -3.0371
v -2.5700 0.7400 -2.2900
v -2.5700 0.7400 -2.2900
v -2.5516 0.7400 -2.3197
v -2.5884 0.7400 -2.3197
v -2.5884 0.7400 -2.3197
v -2.5516 0.7400 -2.3197
v -2.5390 0.7400 -2.4042
v -2.6010 0.7400 -2.4042
v -2.6010 0.7400 -2.4042
v -2.5390 0.7400 -2.4042
v -2.5350 0.7400 -2.5308
v -2.6050 0.7400 -2.5308
v -2.6050 0.7400 -2.5308
v -2.5350 0.7400 -2.5308
v -2.5392 0.7400 -2.6800
v -2.6008 0.7400 -2.6800
v -2.6008 0.7400 -2.6800
v -2.5392 0.7400 -2.6800
v -2.5483 0.7400 -2.8292
v -2.5917 0.7400 -2.8292
v -2.5917 0.7400 -2.8292
v -2.5483 0.7400 -2.8292
v -2.5587 0.7400 -2.9558
v -2.5813 0.7400 -2.9558
v -2.5813 0.7400 -2.9558
v -2.5587 0.7400 -2.9558
v -2.5669 0.7400 -3.0403
v -2.5731 0.7400 -3.0403
v -2.5731 0.7400 -3.0403
v -2.5669 0.7400 -3.0403
v -2.5700 0.7400 -3.0700
v -2.5700 0.7400 -3.0700
vt 0.00098 0.00673
vt 0.01481 0.00673
vt 0.01481 0.00065
vt 0.00098 0.00065
vt 0.00098 0.01492
vt 0.01481 0.01492
vt 0.01481 0.00673
vt 0.00098 0.00673
vt 0.00098 0.02616
vt 0.01481 0.02616
vt 0.01481 0.01492
vt 0.00098 0.01492
vt 0.00098 0.04338
vt 0.01481 0.04338
vt 0.01481 0.02616
vt 0.00098 0.02616
vt 0.00098 0.06598
vt 0.01481 0.06598
vt 0.01481 0.04338
vt 0.00098 0.04338
vt 0.00098 0.15631
vt 0.01481 0.15631
vt 0.01481 0.06598
vt 0.00098 0.06598
vt 0.00098 0.29746
vt 0.01481 0.29746
vt 0.01481 0.15631
vt 0.00098 0.15631
vt 0.00098 0.35394
vt 0.01481 0.35394
vt 0.01481 0.29746
vt 0.00098 0.29746
vt 0.00098 0.37682
vt 0.01481 0.37682
vt 0.01481 0.35394
vt 0.00098 0.35394
vt 0.00098 0.38745
vt 0.01481 0.38745
vt 0.01481 0.37682
vt 0.00098 0.37682
vt 0.00098 0.39224
vt 0.01481 0.39224
vt 0.01481 0.38745
vt 0.00098 0.38745
vt 0.00098 0.39703
vt 0.01481 0.39703
vt 0.01481 0.39224
vt 0.00098 0.39224
vt 0.00098 0.40511
vt 0.01481 0.40511
vt 0.01481 0.39703
vt 0.00098 0.39703
vt 0.00098 0.41602
vt 0.01481 0.41602
vt 0.01481 0.40511
vt 0.00098 0.40511
vt 0.01481 0.00673
vt 0.02865 0.00673
vt 0.02865 0.00065
vt 0.01481 0.00065
vt 0.01481 0.01492
vt 0.02865 0.01492
vt 0.02865 0.00673
vt 0.01481 0.00673
vt 0.01481 0.02616
vt 0.02865 0.02616
vt 0.02865 0.01492
vt 0.01481 0.01492
vt 0.01481 0.04338
vt 0.02865 0.04338
vt 0.02865 0.02616
vt 0.01481 0.02616
vt 0.01481 0.06598
vt 0.02865 0.06598
vt 0.02865 0.04338
vt 0.01481 0.04338
vt 0.01481 0.15631
vt 0.02865 0.15631
vt 0.02865 0.06598
vt 0.01481 0.06598
vt 0.01481 0.29746
vt 0.02865 0.29746
vt 0.02865 0.15631
vt 0.01481 0.15631
vt 0.01481 0.35394
vt 0.02865 0.35394
vt 0.02865 0.29746
vt 0.01481 0.29746
vt 0.01481 0.37682
vt 0.02865 0.37682
vt 0.02865 0.35394
vt 0.01481 0.35394
vt 0.01481 0.38745
vt 0.02865 0.38745
vt 0.02865 0.37682
vt 0.01481 0.37682
vt 0.01481 0.39224
vt 0.02865 0.39224
vt 0.02865 0.38745
vt 0.01481 0.38745
vt 0.01481 0.39703
vt 0.02865 0.39703
vt 0.02865 0.39224
vt 0.01481 0.39224
vt 0.01481 0.40511
vt 0.02865 0.40511
vt 0.02865 0.39703
vt 0.01481 0.39703
vt 0.01481 0.41602
vt 0.02865 0.41602
vt 0.02865 0.40511
vt 0.01481 0.40511
vt 0.02865 0.00673
vt 0.04248 0.00673
vt 0.04248 0.00065
vt 0.02865 0.00065
vt 0.02865 0.01492
vt 0.04248 0.01492
vt 0.04248 0.00673
vt 0.02865 0.00673
vt 0.02865 0.02616
vt 0.04248 0.02616
vt 0.04248 0.01492
vt 0.02865 0.01492
vt 0.02865 0.04338
vt 0.04248 0.04338
vt 0.04248 0.02616
vt 0.02865 0.02616
vt 0.02865 0.06598
vt 0.04248 0.06598
vt 0.04248 0.04338
vt 0.02865 0.04338
vt 0.02865 0.15631
vt 0.04248 0.15631
vt 0.04248 0.06598
vt 0.02865 0.06598
vt 0.02865 0.29746
vt 0.04248 0.29746
vt 0.04248 0.15631
vt 0.02865 0.15631
vt 0.02865 0.35394
vt 0.04248 0.35394
vt 0.04248 0.29746
vt 0.02865 0.29746
vt 0.02865 0.37682
vt 0.04248 0.37682
vt 0.04248 0.35394
vt 0.02865 0.35394
vt 0.02865 0.38745
vt 0.04248 0.38745
vt 0.04248 0.37682
vt 0.02865 0.37682
vt 0.02865 0.39224
vt 0.04248 0.39224
vt 0.04248 0.38745
vt 0.02865 0.38745
vt 0.02865 0.39703
vt 0.04248 0.39703
vt 0.04248 0.39224
vt 0.02865 0.39224
vt 0.02865 0.40511
vt 0.04248 0.40511
vt 0.04248 0.39703
vt 0.02865 0.39703
vt 0.02865 0.41602
vt 0.04248 0.41602
vt 0.04248 0.40511
vt 0.02865 0.40511
vt 0.04248 0.00673
vt 0.05632 0.00673
vt 0.05632 0.00065
vt 0.04248 0.00065
vt 0.04248 0.01492
vt 0.05632 0.01492
vt 0.05632 0.00673
vt 0.04248 0.00673
vt 0.04248 0.02616
vt 0.05632 0.02616
vt 0.05632 0.01492
vt 0.04248 0.01492
vt 0.04248 0.04338
vt 0.05632 0.04338
vt 0.05632 0.02616
vt 0.04248 0.02616
vt 0.04248 0.06598
vt 0.05632 0.06598
vt 0.05632 0.04338
vt 0.04248 0.04338
vt 0.04248 0.15631
vt 0.05632 0.15631
vt 0.05632 0.06598
vt 0.04248 0.06598
vt 0.04248 0.29746
vt 0.05632 0.29746
vt 0.05632 0.15631
vt 0.04248 0.15631
vt 0.04248 0.35394
vt 0.05632 0.35394
vt 0.05632 0.29746
vt 0.04248 0.29746
vt 0.04248 0.37682
vt 0.05632 0.37682
vt 0.05632 0.35394
vt 0.04248 0.35394
vt 0.04248 0.38745
vt 0.05632 0.38745
vt 0.05632 0.37682
vt 0.04248 0.37682
vt 0.04248 0.39224
vt 0.05632 0.39224
vt 0.05632 0.38745
vt 0.04248 0.38745
vt 0.04248 0.39703
vt 0.05632 0.39703
vt 0.05632 0.39224
vt 0.04248 0.39224
vt 0.04248 0.40511
vt 0.05632 0.40511
vt 0.05632 0.39703
vt 0.04248 0.39703
vt 0.04248 0.41602
vt 0.05632 0.41602
vt 0.05632 0.40511
vt 0.04248 0.40511
vt 0.05632 0.00673
vt 0.07015 0.00673
vt 0.07015 0.00065
vt 0.05632 0.00065
vt 0.05632 0.01492
vt 0.07015 0.01492
vt 0.07015 0.00673
vt 0.05632 0.00673
vt 0.05632 0.02616
vt 0.07015 0.02616
vt 0.07015 0.01492
vt 0.05632 0.01492
vt 0.05632 0.04338
vt 0.07015 0.04338
vt 0.07015 0.02616
vt 0.05632 0.02616
vt 0.05632 0.06598
vt 0.07015 0.06598
vt 0.07015 0.04338
vt 0.05632 0.04338
vt 0.05632 0.15631
vt 0.07015 0.15631
vt 0.07015 0.06598
vt 0.05632 0.06598
vt 0.05632 0.29746
vt 0.07015 0.29746
vt 0.07015 0.15631
vt 0.05632 0.15631
vt 0.05632 0.35394
vt 0.07015 0.35394
vt 0.07015 0.29746
vt 0.05632 0.29746
vt 0.05632 0.37682
vt 0.07015 0.37682
vt 0.07015 0.35394
vt 0.05632 0.35394
vt 0.05632 0.38745
vt 0.07015 0.38745
vt 0.07015 0.37682
vt 0.05632 0.37682
vt 0.05632 0.39224
vt 0.07015 0.39224
vt 0.07015 0.38745
vt 0.05632 0.38745
vt 0.05632 0.39703
vt 0.07015 0.39703
vt 0.07015 0.39224
vt 0.05632 0.39224
vt 0.05632 0.40511
vt 0.07015 0.40511
vt 0.07015 0.39703
vt 0.05632 0.39703
vt 0.05632 0.41602
vt 0.07015 0.41602
vt 0.07015 0.40511
vt 0.05632 0.40511
vt 0.07015 0.00673
vt 0.08398 0.00673
vt 0.08398 0.00065
vt 0.07015 0.00065
vt 0.07015 0.01492
vt 0.08398 0.01492
vt 0.08398 0.00673
vt 0.07015 0.00673
vt 0.07015 0.02616
vt 0.08398 0.02616
vt 0.08398 0.01492
vt 0.07015 0.01492
vt 0.07015 0.04338
vt 0.08398 0.04338
vt 0.08398 0.02616
vt 0.07015 0.02616
vt 0.07015 0.06598
vt 0.08398 0.06598
vt 0.08398 0.04338
vt 0.07015 0.04338
vt 0.07015 0.15631
vt 0.08398 0.15631
vt 0.08398 0.06598
vt 0.07015 0.06598
vt 0.07015 0.29746
vt 0.08398 0.29746
vt 0.08398 0.15631
vt 0.07015 0.15631
vt 0.07015 0.35394
vt 0.08398 0.35394
vt 0.08398 0.29746
vt 0.07015 0.29746
vt 0.07015 0.37682
vt 0.08398 0.37682
vt 0.08398 0.35394
vt 0.07015 0.35394
vt 0.07015 0.38745
vt 0.08398 0.38745
vt 0.08398 0.37682
vt 0.07015 0.37682
vt 0.07015 0.39224
vt 0.08398 0.39224
vt 0.08398 0.38745
vt 0.07015 0.38745
vt 0.07015 0.39703
vt 0.08398 0.39703
vt 0.08398 0.39224
vt 0.07015 0.39224
vt 0.07015 0.40511
vt 0.08398 0.40511
vt 0.08398 0.39703
vt 0.07015 0.39703
vt 0.07015 0.41602
vt 0.08398 0.41602
vt 0.08398 0.40511
vt 0.07015 0.40511
vt 0.08398 0.00673
vt 0.09782 0.00673
vt 0.09782 0.00065
vt 0.08398 0.00065
vt 0.08398 0.01492
vt 0.09782 0.01492
vt 0.09782 0.00673
vt 0.08398 0.00673
vt 0.08398 0.02616
vt 0.09782 0.02616
vt 0.09782 0.01492
vt 0.08398 0.01492
vt 0.08398 0.04338
vt 0.09782 0.04338
vt 0.09782 0.02616
vt 0.08398 0.02616
vt 0.08398 0.06598
vt 0.09782 0.06598
vt 0.09782 0.04338
vt 0.08398 0.04338
vt 0.08398 0.15631
vt 0.09782 0.15631
vt 0.09782 0.06598
vt 0.08398 0.06598
vt 0.08398 0.29746
vt 0.09782 0.29746
vt 0.09782 0.15631
vt 0.08398 0.15631
vt 0.08398 0.35394
vt 0.09782 0.35394
vt 0.09782 0.29746
vt 0.08398 0.29746
vt 0.08398 0.37682
vt 0.09782 0.37682
vt 0.09782 0.35394
vt 0.08398 0.35394
vt 0.08398 0.38745
vt 0.09782 0.38745
vt 0.09782 0.37682
vt 0.08398 0.37682
vt 0.08398 0.39224
vt 0.09782 0.39224
vt 0.09782 0.38745
vt 0.08398 0.38745
vt 0.08398 0.39703
vt 0.09782 0.39703
vt 0.09782 0.39224
vt 0.08398 0.39224
vt 0.08398 0.40511
vt 0.09782 0.40511
vt 0.09782 0.39703
vt 0.08398 0.39703
vt 0.08398 0.41602
vt 0.09782 0.41602
vt 0.09782 0.40511
vt 0.08398 0.40511
vt 0.09782 0.00673
vt 0.11165 0.00673
vt 0.11165 0.00065
vt 0.09782 0.00065
vt 0.09782 0.01492
vt 0.11165 0.01492
vt 0.11165 0.00673
vt 0.09782 0.00673
vt 0.09782 0.02616
vt 0.11165 0.02616
vt 0.11165 0.01492
vt 0.09782 0.01492
vt 0.09782 0.04338
vt 0.11165 0.04338
vt 0.11165 0.02616
vt 0.09782 0.02616
vt 0.09782 0.06598
vt 0.11165 0.06598
vt 0.11165 0.04338
vt 0.09782 0.04338
vt 0.09782 0.15631
vt 0.11165 0.15631
vt 0.11165 0.06598
vt 0.09782 0.06598
vt 0.09782 0.29746
vt 0.11165 0.29746
vt 0.11165 0.15631
vt 0.09782 0.15631
vt 0.09782 0.35394
vt 0.11165 0.35394
vt 0.11165 0.29746
vt 0.09782 0.29746
vt 0.09782 0.37682
vt 0.11165 0.37682
vt 0.11165 0.35394
vt 0.09782 0.35394
vt 0.09782 0.38745
vt 0.11165 0.38745
vt 0.11165 0.37682
vt 0.09782 0.37682
vt 0.09782 0.39224
vt 0.11165 0.39224
vt 0.11165 0.38745
vt 0.09782 0.38745
vt 0.09782 0.39703
vt 0.11165 0.39703
vt 0.11165 0.39224
vt 0.09782 0.39224
vt 0.09782 0.40511
vt 0.11165 0.40511
vt 0.11165 0.39703
vt 0.09782 0.39703
vt 0.09782 0.41602
vt 0.11165 0.41602
vt 0.11165 0.40511
vt 0.09782 0.40511
vt 0.11165 0.00673
vt 0.12549 0.00673
vt 0.12549 0.00065
vt 0.11165 0.00065
vt 0.11165 0.01492
vt 0.12549 0.01492
vt 0.12549 0.00673
vt 0.11165 0.00673
vt 0.11165 0.02616
vt 0.12549 0.02616
vt 0.12549 0.01492
vt 0.11165 0.01492
vt 0.11165 0.04338
vt 0.12549 0.04338
vt 0.12549 0.02616
vt 0.11165 0.02616
vt 0.11165 0.06598
vt 0.12549 0.06598
vt 0.12549 0.04338
vt 0.11165 0.04338
vt 0.11165 0.15631
vt 0.12549 0.15631
vt 0.12549 0.06598
vt 0.11165 0.06598
vt 0.11165 0.29746
vt 0.12549 0.29746
vt 0.12549 0.15631
vt 0.11165 0.15631
vt 0.11165 0.35394
vt 0.12549 0.35394
vt 0.12549 0.29746
vt 0.11165 0.29746
vt 0.11165 0.37682
vt 0.12549 0.37682
vt 0.12549 0.35394
vt 0.11165 0.35394
vt 0.11165 0.38745
vt 0.12549 0.38745
vt 0.12549 0.37682
vt 0.11165 0.37682
vt 0.11165 0.39224
vt 0.12549 0.39224
vt 0.12549 0.38745
vt 0.11165 0.38745
vt 0.11165 0.39703
vt 0.12549 0.39703
vt 0.12549 0.39224
vt 0.11165 0.39224
vt 0.11165 0.40511
vt 0.12549 0.40511
vt 0.12549 0.39703
vt 0.11165 0.39703
vt 0.11165 0.41602
vt 0.12549 0.41602
vt 0.12549 0.40511
vt 0.11165 0.40511
vt 0.12549 0.00673
vt 0.13932 0.00673
vt 0.13932 0.00065
vt 0.12549 0.00065
vt 0.12549 0.01492
vt 0.13932 0.01492
vt 0.13932 0.00673
vt 0.12549 0.00673
vt 0.12549 0.02616
vt 0.13932 0.02616
vt 0.13932 0.01492
vt 0.12549 0.01492
vt 0.12549 0.04338
vt 0.13932 0.04338
vt 0.13932 0.02616
vt 0.12549 0.02616
vt 0.12549 0.06598
vt 0.13932 0.06598
vt 0.13932 0.04338
vt 0.12549 0.04338
vt 0.12549 0.15631
vt 0.13932 0.15631
vt 0.13932 0.06598
vt 0.12549 0.06598
vt 0.12549 0.29746
vt 0.13932 0.29746
vt 0.13932 0.15631
vt 0.12549 0.15631
vt 0.12549 0.35394
vt 0.13932 0.35394
vt 0.13932 0.29746
vt 0.12549 0.29746
vt 0.12549 0.37682
vt 0.13932 0.37682
vt 0.13932 0.35394
vt 0.12549 0.35394
vt 0.12549 0.38745
vt 0.13932 0.38745
vt 0.13932 0.37682
vt 0.12549 0.37682
vt 0.12549 0.39224
vt 0.13932 0.39224
vt 0.13932 0.38745
vt 0.12549 0.38745
vt 0.12549 0.39703
vt 0.13932 0.39703
vt 0.13932 0.39224
vt 0.12549 0.39224
vt 0.12549 0.40511
vt 0.13932 0.40511
vt 0.13932 0.39703
vt 0.12549 0.39703
vt 0.12549 0.41602
vt 0.13932 0.41602
vt 0.13932 0.40511
vt 0.12549 0.40511
vt 0.13932 0.00673
vt 0.15316 0.00673
vt 0.15316 0.00065
vt 0.13932 0.00065
vt 0.13932 0.01492
vt 0.15316 0.01492
vt 0.15316 0.00673
vt 0.13932 0.00673
vt 0.13932 0.02616
vt 0.15316 0.02616
vt 0.15316 0.01492
vt 0.13932 0.01492
vt 0.13932 0.04338
vt 0.15316 0.04338
vt 0.15316 0.02616
vt 0.13932 0.02616
vt 0.13932 0.06598
vt 0.15316 0.06598
vt 0.15316 0.04338
vt 0.13932 0.04338
vt 0.13932 0.15631
vt 0.15316 0.15631
vt 0.15316 0.06598
vt 0.13932 0.06598
vt 0.13932 0.29746
vt 0.15316 0.29746
vt 0.15316 0.15631
vt 0.13932 0.15631
vt 0.13932 0.35394
vt 0.15316 0.35394
vt 0.15316 0.29746
vt 0.13932 0.29746
vt 0.13932 0.37682
vt 0.15316 0.37682
vt 0.15316 0.35394
vt 0.13932 0.35394
vt 0.13932 0.38745
vt 0.15316 0.38745
vt 0.15316 0.37682
vt 0.13932 0.37682
vt 0.13932 0.39224
vt 0.15316 0.39224
vt 0.15316 0.38745
vt 0.13932 0.38745
vt 0.13932 0.39703
vt 0.15316 0.39703
vt 0.15316 0.39224
vt 0.13932 0.39224
vt 0.13932 0.40511
vt 0.15316 0.40511
vt 0.15316 0.39703
vt 0.13932 0.39703
vt 0.13932 0.41602
vt 0.15316 0.41602
vt 0.15316 0.40511
vt 0.13932 0.40511
vt 0.15316 0.00673
vt 0.16699 0.00673
vt 0.16699 0.00065
vt 0.15316 0.00065
vt 0.15316 0.01492
vt 0.16699 0.01492
vt 0.16699 0.00673
vt 0.15316 0.00673
vt 0.15316 0.02616
vt 0.16699 0.02616
vt 0.16699 0.01492
vt 0.15316 0.01492
vt 0.15316 0.04338
vt 0.16699 0.04338
vt 0.16699 0.02616
vt 0.15316 0.02616
vt 0.15316 0.06598
vt 0.16699 0.06598
vt 0.16699 0.04338
vt 0.15316 0.04338
vt 0.15316 0.15631
vt 0.16699 0.15631
vt 0.16699 0.06598
vt 0.15316 0.06598
vt 0.15316 0.29746
vt 0.16699 0.29746
vt 0.16699 0.15631
vt 0.15316 0.15631
vt 0.15316 0.35394
vt 0.16699 0.35394
vt 0.16699 0.29746
vt 0.15316 0.29746
vt 0.15316 0.37682
vt 0.16699 0.37682
vt 0.16699 0.35394
vt 0.15316 0.35394
vt 0.15316 0.38745
vt 0.16699 0.38745
vt 0.16699 0.37682
vt 0.15316 0.37682
vt 0.15316 0.39224
vt 0.16699 0.39224
vt 0.16699 0.38745
vt 0.15316 0.38745
vt 0.15316 0.39703
vt 0.16699 0.39703
vt 0.16699 0.39224
vt 0.15316 0.39224
vt 0.15316 0.40511
vt 0.16699 0.40511
vt 0.16699 0.39703
vt 0.15316 0.39703
vt 0.15316 0.41602
vt 0.16699 0.41602
vt 0.16699 0.40511
vt 0.15316 0.40511
vt 0.16699 0.00673
vt 0.18083 0.00673
vt 0.18083 0.00065
vt 0.16699 0.00065
vt 0.16699 0.01492
vt 0.18083 0.01492
vt 0.18083 0.00673
vt 0.16699 0.00673
vt 0.16699 0.02616
vt 0.18083 0.02616
vt 0.18083 0.01492
vt 0.16699 0.01492
vt 0.16699 0.04338
vt 0.18083 0.04338
vt 0.18083 0.02616
vt 0.16699 0.02616
vt 0.16699 0.06598
vt 0.18083 0.06598
vt 0.18083 0.04338
vt 0.16699 0.04338
vt 0.16699 0.15631
vt 0.18083 0.15631
vt 0.18083 0.06598
vt 0.16699 0.06598
vt 0.16699 0.29746
vt 0.18083 0.29746
vt 0.18083 0.15631
vt 0.16699 0.15631
vt 0.16699 0.35394
vt 0.18083 0.35394
vt 0.18083 0.29746
vt 0.16699 0.29746
vt 0.16699 0.37682
vt 0.18083 0.37682
vt 0.18083 0.35394
vt 0.16699 0.35394
vt 0.16699 0.38745
vt 0.18083 0.38745
vt 0.18083 0.37682
vt 0.16699 0.37682
vt 0.16699 0.39224
vt 0.18083 0.39224
vt 0.18083 0.38745
vt 0.16699 0.38745
vt 0.16699 0.39703
vt 0.18083 0.39703
vt 0.18083 0.39224
vt 0.16699 0.39224
vt 0.16699 0.40511
vt 0.18083 0.40511
vt 0.18083 0.39703
vt 0.16699 0.39703
vt 0.16699 0.41602
vt 0.18083 0.41602
vt 0.18083 0.40511
vt 0.16699 0.40511
vt 0.18083 0.00673
vt 0.19466 0.00673
vt 0.19466 0.00065
vt 0.18083 0.00065
vt 0.18083 0.01492
vt 0.19466 0.01492
vt 0.19466 0.00673
vt 0.18083 0.00673
vt 0.18083 0.02616
vt 0.19466 0.02616
vt 0.19466 0.01492
vt 0.18083 0.01492
vt 0.18083 0.04338
vt 0.19466 0.04338
vt 0.19466 0.02616
vt 0.18083 0.02616
vt 0.18083 0.06598
vt 0.19466 0.06598
vt 0.19466 0.04338
vt 0.18083 0.04338
vt 0.18083 0.15631
vt 0.19466 0.15631
vt 0.19466 0.06598
vt 0.18083 0.06598
vt 0.18083 0.29746
vt 0.19466 0.29746
vt 0.19466 0.15631
vt 0.18083 0.15631
vt 0.18083 0.35394
vt 0.19466 0.35394
vt 0.19466 0.29746
vt 0.18083 0.29746
vt 0.18083 0.37682
vt 0.19466 0.37682
vt 0.19466 0.35394
vt 0.18083 0.35394
vt 0.18083 0.38745
vt 0.19466 0.38745
vt 0.19466 0.37682
vt 0.18083 0.37682
vt 0.18083 0.39224
vt 0.19466 0.39224
vt 0.19466 0.38745
vt 0.18083 0.38745
vt 0.18083 0.39703
vt 0.19466 0.39703
vt 0.19466 0.39224
vt 0.18083 0.39224
vt 0.18083 0.40511
vt 0.19466 0.40511
vt 0.19466 0.39703
vt 0.18083 0.39703
vt 0.18083 0.41602
vt 0.19466 0.41602
vt 0.19466 0.40511
vt 0.18083 0.40511
vt 0.19466 0.00673
vt 0.20850 0.00673
vt 0.20850 0.00065
vt 0.19466 0.00065
vt 0.19466 0.01492
vt 0.20850 0.01492
vt 0.20850 0.00673
vt 0.19466 0.00673
vt 0.19466 0.02616
vt 0.20850 0.02616
vt 0.20850 0.01492
vt 0.19466 0.01492
vt 0.19466 0.04338
vt 0.20850 0.04338
vt 0.20850 0.02616
vt 0.19466 0.02616
vt 0.19466 0.06598
vt 0.20850 0.06598
vt 0.20850 0.04338
vt 0.19466 0.04338
vt 0.19466 0.15631
vt 0.20850 0.15631
vt 0.20850 0.06598
vt 0.19466 0.06598
vt 0.19466 0.29746
vt 0.20850 0.29746
vt 0.20850 0.15631
vt 0.19466 0.15631
vt 0.19466 0.35394
vt 0.20850 0.35394
vt 0.20850 0.29746
vt 0.19466 0.29746
vt 0.19466 0.37682
vt 0.20850 0.37682
vt 0.20850 0.35394
vt 0.19466 0.35394
vt 0.19466 0.38745
vt 0.20850 0.38745
vt 0.20850 0.37682
vt 0.19466 0.37682
vt 0.19466 0.39224
vt 0.20850 0.39224
vt 0.20850 0.38745
vt 0.19466 0.38745
vt 0.19466 0.39703
vt 0.20850 0.39703
vt 0.20850 0.39224
vt 0.19466 0.39224
vt 0.19466 0.40511
vt 0.20850 0.40511
vt 0.20850 0.39703
vt 0.19466 0.39703
vt 0.19466 0.41602
vt 0.20850 0.41602
vt 0.20850 0.40511
vt 0.19466 0.40511
vt 0.20850 0.00673
vt 0.22233 0.00673
vt 0.22233 0.00065
vt 0.20850 0.00065
vt 0.20850 0.01492
vt 0.22233 0.01492
vt 0.22233 0.00673
vt 0.20850 0.00673
vt 0.20850 0.02616
vt 0.22233 0.02616
vt 0.22233 0.01492
vt 0.20850 0.01492
vt 0.20850 0.04338
vt 0.22233 0.04338
vt 0.22233 0.02616
vt 0.20850 0.02616
vt 0.20850 0.06598
vt 0.22233 0.06598
vt 0.22233 0.04338
vt 0.20850 0.04338
vt 0.20850 0.15631
vt 0.22233 0.15631
vt 0.22233 0.06598
vt 0.20850 0.06598
vt 0.20850 0.29746
vt 0.22233 0.29746
vt 0.22233 0.15631
vt 0.20850 0.15631
vt 0.20850 0.35394
vt 0.22233 0.35394
vt 0.22233 0.29746
vt 0.20850 0.29746
vt 0.20850 0.37682
vt 0.22233 0.37682
vt 0.22233 0.35394
vt 0.20850 0.35394
vt 0.20850 0.38745
vt 0.22233 0.38745
vt 0.22233 0.37682
vt 0.20850 0.37682
vt 0.20850 0.39224
vt 0.22233 0.39224
vt 0.22233 0.38745
vt 0.20850 0.38745
vt 0.20850 0.39703
vt 0.22233 0.39703
vt 0.22233 0.39224
vt 0.20850 0.39224
vt 0.20850 0.40511
vt 0.22233 0.40511
vt 0.22233 0.39703
vt 0.20850 0.39703
vt 0.20850 0.41602
vt 0.22233 0.41602
vt 0.22233 0.40511
vt 0.20850 0.40511
vt 0.22233 0.00673
vt 0.23617 0.00673
vt 0.23617 0.00065
vt 0.22233 0.00065
vt 0.22233 0.01492
vt 0.23617 0.01492
vt 0.23617 0.00673
vt 0.22233 0.00673
vt 0.22233 0.02616
vt 0.23617 0.02616
vt 0.23617 0.01492
vt 0.22233 0.01492
vt 0.22233 0.04338
vt 0.23617 0.04338
vt 0.23617 0.02616
vt 0.22233 0.02616
vt 0.22233 0.06598
vt 0.23617 0.06598
vt 0.23617 0.04338
vt 0.22233 0.04338
vt 0.22233 0.15631
vt 0.23617 0.15631
vt 0.23617 0.06598
vt 0.22233 0.06598
vt 0.22233 0.29746
vt 0.23617 0.29746
vt 0.23617 0.15631
vt 0.22233 0.15631
vt 0.22233 0.35394
vt 0.23617 0.35394
vt 0.23617 0.29746
vt 0.22233 0.29746
vt 0.22233 0.37682
vt 0.23617 0.37682
vt 0.23617 0.35394
vt 0.22233 0.35394
vt 0.22233 0.38745
vt 0.23617 0.38745
vt 0.23617 0.37682
vt 0.22233 0.37682
vt 0.22233 0.39224
vt 0.23617 0.39224
vt 0.23617 0.38745
vt 0.22233 0.38745
vt 0.22233 0.39703
vt 0.23617 0.39703
vt 0.23617 0.39224
vt 0.22233 0.39224
vt 0.22233 0.40511
vt 0.23617 0.40511
vt 0.23617 0.39703
vt 0.22233 0.39703
vt 0.22233 0.41602
vt 0.23617 0.41602
vt 0.23617 0.40511
vt 0.22233 0.40511
vt 0.23617 0.00673
vt 0.25000 0.00673
vt 0.25000 0.00065
vt 0.23617 0.00065
vt 0.23617 0.01492
vt 0.25000 0.01492
vt 0.25000 0.00673
vt 0.23617 0.00673
vt 0.23617 0.02616
vt 0.25000 0.02616
vt 0.25000 0.01492
vt 0.23617 0.01492
vt 0.23617 0.04338
vt 0.25000 0.04338
vt 0.25000 0.02616
vt 0.23617 0.02616
vt 0.23617 0.06598
vt 0.25000 0.06598
vt 0.25000 0.04338
vt 0.23617 0.04338
vt 0.23617 0.15631
vt 0.25000 0.15631
vt 0.25000 0.06598
vt 0.23617 0.06598
vt 0.23617 0.29746
vt 0.25000 0.29746
vt 0.25000 0.15631
vt 0.23617 0.15631
vt 0.23617 0.35394
vt 0.25000 0.35394
vt 0.25000 0.29746
vt 0.23617 0.29746
vt 0.23617 0.37682
vt 0.25000 0.37682
vt 0.25000 0.35394
vt 0.23617 0.35394
vt 0.23617 0.38745
vt 0.25000 0.38745
vt 0.25000 0.37682
vt 0.23617 0.37682
vt 0.23617 0.39224
vt 0.25000 0.39224
vt 0.25000 0.38745
vt 0.23617 0.38745
vt 0.23617 0.39703
vt 0.25000 0.39703
vt 0.25000 0.39224
vt 0.23617 0.39224
vt 0.23617 0.40511
vt 0.25000 0.40511
vt 0.25000 0.39703
vt 0.23617 0.39703
vt 0.23617 0.41602
vt 0.25000 0.41602
vt 0.25000 0.40511
vt 0.23617 0.40511
vt 0.25000 0.00673
vt 0.26383 0.00673
vt 0.26383 0.00065
vt 0.25000 0.00065
vt 0.25000 0.01492
vt 0.26383 0.01492
vt 0.26383 0.00673
vt 0.25000 0.00673
vt 0.25000 0.02616
vt 0.26383 0.02616
vt 0.26383 0.01492
vt 0.25000 0.01492
vt 0.25000 0.04338
vt 0.26383 0.04338
vt 0.26383 0.02616
vt 0.25000 0.02616
vt 0.25000 0.06598
vt 0.26383 0.06598
vt 0.26383 0.04338
vt 0.25000 0.04338
vt 0.25000 0.15631
vt 0.26383 0.15631
vt 0.26383 0.06598
vt 0.25000 0.06598
vt 0.25000 0.29746
vt 0.26383 0.29746
vt 0.26383 0.15631
vt 0.25000 0.15631
vt 0.25000 0.35394
vt 0.26383 0.35394
vt 0.26383 0.29746
vt 0.25000 0.29746
vt 0.25000 0.37682
vt 0.26383 0.37682
vt 0.26383 0.35394
vt 0.25000 0.35394
vt 0.25000 0.38745
vt 0.26383 0.38745
vt 0.26383 0.37682
vt 0.25000 0.37682
vt 0.25000 0.39224
vt 0.26383 0.39224
vt 0.26383 0.38745
vt 0.25000 0.38745
vt 0.25000 0.39703
vt 0.26383 0.39703
vt 0.26383 0.39224
vt 0.25000 0.39224
vt 0.25000 0.40511
vt 0.26383 0.40511
vt 0.26383 0.39703
vt 0.25000 0.39703
vt 0.25000 0.41602
vt 0.26383 0.41602
vt 0.26383 0.40511
vt 0.25000 0.40511
vt 0.26383 0.00673
vt 0.27767 0.00673
vt 0.27767 0.00065
vt 0.26383 0.00065
vt 0.26383 0.01492
vt 0.27767 0.01492
vt 0.27767 0.00673
vt 0.26383 0.00673
vt 0.26383 0.02616
vt 0.27767 0.02616
vt 0.27767 0.01492
vt 0.26383 0.01492
vt 0.26383 0.04338
vt 0.27767 0.04338
vt 0.27767 0.02616
vt 0.26383 0.02616
vt 0.26383 0.06598
vt 0.27767 0.06598
vt 0.27767 0.04338
vt 0.26383 0.04338
vt 0.26383 0.15631
vt 0.27767 0.15631
vt 0.27767 0.06598
vt 0.26383 0.06598
vt 0.26383 0.29746
vt 0.27767 0.29746
vt 0.27767 0.15631
vt 0.26383 0.15631
vt 0.26383 0.35394
vt 0.27767 0.35394
vt 0.27767 0.29746
vt 0.26383 0.29746
vt 0.26383 0.37682
vt 0.27767 0.37682
vt 0.27767 0.35394
vt 0.26383 0.35394
vt 0.26383 0.38745
vt 0.27767 0.38745
vt 0.27767 0.37682
vt 0.26383 0.37682
vt 0.26383 0.39224
vt 0.27767 0.39224
vt 0.27767 0.38745
vt 0.26383 0.38745
vt 0.26383 0.39703
vt 0.27767 0.39703
vt 0.27767 0.39224
vt 0.26383 0.39224
vt 0.26383 0.40511
vt 0.27767 0.40511
vt 0.27767 0.39703
vt 0.26383 0.39703
vt 0.26383 0.41602
vt 0.27767 0.41602
vt 0.27767 0.40511
vt 0.26383 0.40511
vt 0.27767 0.00673
vt 0.29150 0.00673
vt 0.29150 0.00065
vt 0.27767 0.00065
vt 0.27767 0.01492
vt 0.29150 0.01492
vt 0.29150 0.00673
vt 0.27767 0.00673
vt 0.27767 0.02616
vt 0.29150 0.02616
vt 0.29150 0.01492
vt 0.27767 0.01492
vt 0.27767 0.04338
vt 0.29150 0.04338
vt 0.29150 0.02616
vt 0.27767 0.02616
vt 0.27767 0.06598
vt 0.29150 0.06598
vt 0.29150 0.04338
vt 0.27767 0.04338
vt 0.27767 0.15631
vt 0.29150 0.15631
vt 0.29150 0.06598
vt 0.27767 0.06598
vt 0.27767 0.29746
vt 0.29150 0.29746
vt 0.29150 0.15631
vt 0.27767 0.15631
vt 0.27767 0.35394
vt 0.29150 0.35394
vt 0.29150 0.29746
vt 0.27767 0.29746
vt 0.27767 0.37682
vt 0.29150 0.37682
vt 0.29150 0.35394
vt 0.27767 0.35394
vt 0.27767 0.38745
vt 0.29150 0.38745
vt 0.29150 0.37682
vt 0.27767 0.37682
vt 0.27767 0.39224
vt 0.29150 0.39224
vt 0.29150 0.38745
vt 0.27767 0.38745
vt 0.27767 0.39703
vt 0.29150 0.39703
vt 0.29150 0.39224
vt 0.27767 0.39224
vt 0.27767 0.40511
vt 0.29150 0.40511
vt 0.29150 0.39703
vt 0.27767 0.39703
vt 0.27767 0.41602
vt 0.29150 0.41602
vt 0.29150 0.40511
vt 0.27767 0.40511
vt 0.29150 0.00673
vt 0.30534 0.00673
vt 0.30534 0.00065
vt 0.29150 0.00065
vt 0.29150 0.01492
vt 0.30534 0.01492
vt 0.30534 0.00673
vt 0.29150 0.00673
vt 0.29150 0.02616
vt 0.30534 0.02616
vt 0.30534 0.01492
vt 0.29150 0.01492
vt 0.29150 0.04338
vt 0.30534 0.04338
vt 0.30534 0.02616
vt 0.29150 0.02616
vt 0.29150 0.06598
vt 0.30534 0.06598
vt 0.30534 0.04338
vt 0.29150 0.04338
vt 0.29150 0.15631
vt 0.30534 0.15631
vt 0.30534 0.06598
vt 0.29150 0.06598
vt 0.29150 0.29746
vt 0.30534 0.29746
vt 0.30534 0.15631
vt 0.29150 0.15631
vt 0.29150 0.35394
vt 0.30534 0.35394
vt 0.30534 0.29746
vt 0.29150 0.29746
vt 0.29150 0.37682
vt 0.30534 0.37682
vt 0.30534 0.35394
vt 0.29150 0.35394
vt 0.29150 0.38745
vt 0.30534 0.38745
vt 0.30534 0.37682
vt 0.29150 0.37682
vt 0.29150 0.39224
vt 0.30534 0.39224
vt 0.30534 0.38745
vt 0.29150 0.38745
vt 0.29150 0.39703
vt 0.30534 0.39703
vt 0.30534 0.39224
vt 0.29150 0.39224
vt 0.29150 0.40511
vt 0.30534 0.40511
vt 0.30534 0.39703
vt 0.29150 0.39703
vt 0.29150 0.41602
vt 0.30534 0.41602
vt 0.30534 0.40511
vt 0.29150 0.40511
vt 0.30534 0.00673
vt 0.31917 0.00673
vt 0.31917 0.00065
vt 0.30534 0.00065
vt 0.30534 0.01492
vt 0.31917 0.01492
vt 0.31917 0.00673
vt 0.30534 0.00673
vt 0.30534 0.02616
vt 0.31917 0.02616
vt 0.31917 0.01492
vt 0.30534 0.01492
vt 0.30534 0.04338
vt 0.31917 0.04338
vt 0.31917 0.02616
vt 0.30534 0.02616
vt 0.30534 0.06598
vt 0.31917 0.06598
vt 0.31917 0.04338
vt 0.30534 0.04338
vt 0.30534 0.15631
vt 0.31917 0.15631
vt 0.31917 0.06598
vt 0.30534 0.06598
vt 0.30534 0.29746
vt 0.31917 0.29746
vt 0.31917 0.15631
vt 0.30534 0.15631
vt 0.30534 0.35394
vt 0.31917 0.35394
vt 0.31917 0.29746
vt 0.30534 0.29746
vt 0.30534 0.37682
vt 0.31917 0.37682
vt 0.31917 0.35394
vt 0.30534 0.35394
vt 0.30534 0.38745
vt 0.31917 0.38745
vt 0.31917 0.37682
vt 0.30534 0.37682
vt 0.30534 0.39224
vt 0.31917 0.39224
vt 0.31917 0.38745
vt 0.30534 0.38745
vt 0.30534 0.39703
vt 0.31917 0.39703
vt 0.31917 0.39224
vt 0.30534 0.39224
vt 0.30534 0.40511
vt 0.31917 0.40511
vt 0.31917 0.39703
vt 0.30534 0.39703
vt 0.30534 0.41602
vt 0.31917 0.41602
vt 0.31917 0.40511
vt 0.30534 0.40511
vt 0.31917 0.00673
vt 0.33301 0.00673
vt 0.33301 0.00065
vt 0.31917 0.00065
vt 0.31917 0.01492
vt 0.33301 0.01492
vt 0.33301 0.00673
vt 0.31917 0.00673
vt 0.31917 0.02616
vt 0.33301 0.02616
vt 0.33301 0.01492
vt 0.31917 0.01492
vt 0.31917 0.04338
vt 0.33301 0.04338
vt 0.33301 0.02616
vt 0.31917 0.02616
vt 0.31917 0.06598
vt 0.33301 0.06598
vt 0.33301 0.04338
vt 0.31917 0.04338
vt 0.31917 0.15631
vt 0.33301 0.15631
vt 0.33301 0.06598
vt 0.31917 0.06598
vt 0.31917 0.29746
vt 0.33301 0.29746
vt 0.33301 0.15631
vt 0.31917 0.15631
vt 0.31917 0.35394
vt 0.33301 0.35394
vt 0.33301 0.29746
vt 0.31917 0.29746
vt 0.31917 0.37682
vt 0.33301 0.37682
vt 0.33301 0.35394
vt 0.31917 0.35394
vt 0.31917 0.38745
vt 0.33301 0.38745
vt 0.33301 0.37682
vt 0.31917 0.37682
vt 0.31917 0.39224
vt 0.33301 0.39224
vt 0.33301 0.38745
vt 0.31917 0.38745
vt 0.31917 0.39703
vt 0.33301 0.39703
vt 0.33301 0.39224
vt 0.31917 0.39224
vt 0.31917 0.40511
vt 0.33301 0.40511
vt 0.33301 0.39703
vt 0.31917 0.39703
vt 0.31917 0.41602
vt 0.33301 0.41602
vt 0.33301 0.40511
vt 0.31917 0.40511
vt 0.33301 0.00673
vt 0.34684 0.00673
vt 0.34684 0.00065
vt 0.33301 0.00065
vt 0.33301 0.01492
vt 0.34684 0.01492
vt 0.34684 0.00673
vt 0.33301 0.00673
vt 0.33301 0.02616
vt 0.34684 0.02616
vt 0.34684 0.01492
vt 0.33301 0.01492
vt 0.33301 0.04338
vt 0.34684 0.04338
vt 0.34684 0.02616
vt 0.33301 0.02616
vt 0.33301 0.06598
vt 0.34684 0.06598
vt 0.34684 0.04338
vt 0.33301 0.04338
vt 0.33301 0.15631
vt 0.34684 0.15631
vt 0.34684 0.06598
vt 0.33301 0.06598
vt 0.33301 0.29746
vt 0.34684 0.29746
vt 0.34684 0.15631
vt 0.33301 0.15631
vt 0.33301 0.35394
vt 0.34684 0.35394
vt 0.34684 0.29746
vt 0.33301 0.29746
vt 0.33301 0.37682
vt 0.34684 0.37682
vt 0.34684 0.35394
vt 0.33301 0.35394
vt 0.33301 0.38745
vt 0.34684 0.38745
vt 0.34684 0.37682
vt 0.33301 0.37682
vt 0.33301 0.39224
vt 0.34684 0.39224
vt 0.34684 0.38745
vt 0.33301 0.38745
vt 0.33301 0.39703
vt 0.34684 0.39703
vt 0.34684 0.39224
vt 0.33301 0.39224
vt 0.33301 0.40511
vt 0.34684 0.40511
vt 0.34684 0.39703
vt 0.33301 0.39703
vt 0.33301 0.41602
vt 0.34684 0.41602
vt 0.34684 0.40511
vt 0.33301 0.40511
vt 0.34684 0.00673
vt 0.36068 0.00673
vt 0.36068 0.00065
vt 0.34684 0.00065
vt 0.34684 0.01492
vt 0.36068 0.01492
vt 0.36068 0.00673
vt 0.34684 0.00673
vt 0.34684 0.02616
vt 0.36068 0.02616
vt 0.36068 0.01492
vt 0.34684 0.01492
vt 0.34684 0.04338
vt 0.36068 0.04338
vt 0.36068 0.02616
vt 0.34684 0.02616
vt 0.34684 0.06598
vt 0.36068 0.06598
vt 0.36068 0.04338
vt 0.34684 0.04338
vt 0.34684 0.15631
vt 0.36068 0.15631
vt 0.36068 0.06598
vt 0.34684 0.06598
vt 0.34684 0.29746
vt 0.36068 0.29746
vt 0.36068 0.15631
vt 0.34684 0.15631
vt 0.34684 0.35394
vt 0.36068 0.35394
vt 0.36068 0.29746
vt 0.34684 0.29746
vt 0.34684 0.37682
vt 0.36068 0.37682
vt 0.36068 0.35394
vt 0.34684 0.35394
vt 0.34684 0.38745
vt 0.36068 0.38745
vt 0.36068 0.37682
vt 0.34684 0.37682
vt 0.34684 0.39224
vt 0.36068 0.39224
vt 0.36068 0.38745
vt 0.34684 0.38745
vt 0.34684 0.39703
vt 0.36068 0.39703
vt 0.36068 0.39224
vt 0.34684 0.39224
vt 0.34684 0.40511
vt 0.36068 0.40511
vt 0.36068 0.39703
vt 0.34684 0.39703
vt 0.34684 0.41602
vt 0.36068 0.41602
vt 0.36068 0.40511
vt 0.34684 0.40511
vt 0.36068 0.00673
vt 0.37451 0.00673
vt 0.37451 0.00065
vt 0.36068 0.00065
vt 0.36068 0.01492
vt 0.37451 0.01492
vt 0.37451 0.00673
vt 0.36068 0.00673
vt 0.36068 0.02616
vt 0.37451 0.02616
vt 0.37451 0.01492
vt 0.36068 0.01492
vt 0.36068 0.04338
vt 0.37451 0.04338
vt 0.37451 0.02616
vt 0.36068 0.02616
vt 0.36068 0.06598
vt 0.37451 0.06598
vt 0.37451 0.04338
vt 0.36068 0.04338
vt 0.36068 0.15631
vt 0.37451 0.15631
vt 0.37451 0.06598
vt 0.36068 0.06598
vt 0.36068 0.29746
vt 0.37451 0.29746
vt 0.37451 0.15631
vt 0.36068 0.15631
vt 0.36068 0.35394
vt 0.37451 0.35394
vt 0.37451 0.29746
vt 0.36068 0.29746
vt 0.36068 0.37682
vt 0.37451 0.37682
vt 0.37451 0.35394
vt 0.36068 0.35394
vt 0.36068 0.38745
vt 0.37451 0.38745
vt 0.37451 0.37682
vt 0.36068 0.37682
vt 0.36068 0.39224
vt 0.37451 0.39224
vt 0.37451 0.38745
vt 0.36068 0.38745
vt 0.36068 0.39703
vt 0.37451 0.39703
vt 0.37451 0.39224
vt 0.36068 0.39224
vt 0.36068 0.40511
vt 0.37451 0.40511
vt 0.37451 0.39703
vt 0.36068 0.39703
vt 0.36068 0.41602
vt 0.37451 0.41602
vt 0.37451 0.40511
vt 0.36068 0.40511
vt 0.37451 0.00673
vt 0.38835 0.00673
vt 0.38835 0.00065
vt 0.37451 0.00065
vt 0.37451 0.01492
vt 0.38835 0.01492
vt 0.38835 0.00673
vt 0.37451 0.00673
vt 0.37451 0.02616
vt 0.38835 0.02616
vt 0.38835 0.01492
vt 0.37451 0.01492
vt 0.37451 0.04338
vt 0.38835 0.04338
vt 0.38835 0.02616
vt 0.37451 0.02616
vt 0.37451 0.06598
vt 0.38835 0.06598
vt 0.38835 0.04338
vt 0.37451 0.04338
vt 0.37451 0.15631
vt 0.38835 0.15631
vt 0.38835 0.06598
vt 0.37451 0.06598
vt 0.37451 0.29746
vt 0.38835 0.29746
vt 0.38835 0.15631
vt 0.37451 0.15631
vt 0.37451 0.35394
vt 0.38835 0.35394
vt 0.38835 0.29746
vt 0.37451 0.29746
vt 0.37451 0.37682
vt 0.38835 0.37682
vt 0.38835 0.35394
vt 0.37451 0.35394
vt 0.37451 0.38745
vt 0.38835 0.38745
vt 0.38835 0.37682
vt 0.37451 0.37682
vt 0.37451 0.39224
vt 0.38835 0.39224
vt 0.38835 0.38745
vt 0.37451 0.38745
vt 0.37451 0.39703
vt 0.38835 0.39703
vt 0.38835 0.39224
vt 0.37451 0.39224
vt 0.37451 0.40511
vt 0.38835 0.40511
vt 0.38835 0.39703
vt 0.37451 0.39703
vt 0.37451 0.41602
vt 0.38835 0.41602
vt 0.38835 0.40511
vt 0.37451 0.40511
vt 0.38835 0.00673
vt 0.40218 0.00673
vt 0.40218 0.00065
vt 0.38835 0.00065
vt 0.38835 0.01492
vt 0.40218 0.01492
vt 0.40218 0.00673
vt 0.38835 0.00673
vt 0.38835 0.02616
vt 0.40218 0.02616
vt 0.40218 0.01492
vt 0.38835 0.01492
vt 0.38835 0.04338
vt 0.40218 0.04338
vt 0.40218 0.02616
vt 0.38835 0.02616
vt 0.38835 0.06598
vt 0.40218 0.06598
vt 0.40218 0.04338
vt 0.38835 0.04338
vt 0.38835 0.15631
vt 0.40218 0.15631
vt 0.40218 0.06598
vt 0.38835 0.06598
vt 0.38835 0.29746
vt 0.40218 0.29746
vt 0.40218 0.15631
vt 0.38835 0.15631
vt 0.38835 0.35394
vt 0.40218 0.35394
vt 0.40218 0.29746
vt 0.38835 0.29746
vt 0.38835 0.37682
vt 0.40218 0.37682
vt 0.40218 0.35394
vt 0.38835 0.35394
vt 0.38835 0.38745
vt 0.40218 0.38745
vt 0.40218 0.37682
vt 0.38835 0.37682
vt 0.38835 0.39224
vt 0.40218 0.39224
vt 0.40218 0.38745
vt 0.38835 0.38745
vt 0.38835 0.39703
vt 0.40218 0.39703
vt 0.40218 0.39224
vt 0.38835 0.39224
vt 0.38835 0.40511
vt 0.40218 0.40511
vt 0.40218 0.39703
vt 0.38835 0.39703
vt 0.38835 0.41602
vt 0.40218 0.41602
vt 0.40218 0.40511
vt 0.38835 0.40511
vt 0.40218 0.00673
vt 0.41602 0.00673
vt 0.41602 0.00065
vt 0.40218 0.00065
vt 0.40218 0.01492
vt 0.41602 0.01492
vt 0.41602 0.00673
vt 0.40218 0.00673
vt 0.40218 0.02616
vt 0.41602 0.02616
vt 0.41602 0.01492
vt 0.40218 0.01492
vt 0.40218 0.04338
vt 0.41602 0.04338
vt 0.41602 0.02616
vt 0.40218 0.02616
vt 0.40218 0.06598
vt 0.41602 0.06598
vt 0.41602 0.04338
vt 0.40218 0.04338
vt 0.40218 0.15631
vt 0.41602 0.15631
vt 0.41602 0.06598
vt 0.40218 0.06598
vt 0.40218 0.29746
vt 0.41602 0.29746
vt 0.41602 0.15631
vt 0.40218 0.15631
vt 0.40218 0.35394
vt 0.41602 0.35394
vt 0.41602 0.29746
vt 0.40218 0.29746
vt 0.40218 0.37682
vt 0.41602 0.37682
vt 0.41602 0.35394
vt 0.40218 0.35394
vt 0.40218 0.38745
vt 0.41602 0.38745
vt 0.41602 0.37682
vt 0.40218 0.37682
vt 0.40218 0.39224
vt 0.41602 0.39224
vt 0.41602 0.38745
vt 0.40218 0.38745
vt 0.40218 0.39703
vt 0.41602 0.39703
vt 0.41602 0.39224
vt 0.40218 0.39224
vt 0.40218 0.40511
vt 0.41602 0.40511
vt 0.41602 0.39703
vt 0.40218 0.39703
vt 0.40218 0.41602
vt 0.41602 0.41602
vt 0.41602 0.40511
vt 0.40218 0.40511
vt 0.41602 0.00673
vt 0.42985 0.00673
vt 0.42985 0.00065
vt 0.41602 0.00065
vt 0.41602 0.01492
vt 0.42985 0.01492
vt 0.42985 0.00673
vt 0.41602 0.00673
vt 0.41602 0.02616
vt 0.42985 0.02616
vt 0.42985 0.01492
vt 0.41602 0.01492
vt 0.41602 0.04338
vt 0.42985 0.04338
vt 0.42985 0.02616
vt 0.41602 0.02616
vt 0.41602 0.06598
vt 0.42985 0.06598
vt 0.42985 0.04338
vt 0.41602 0.04338
vt 0.41602 0.15631
vt 0.42985 0.15631
vt 0.42985 0.06598
vt 0.41602 0.06598
vt 0.41602 0.29746
vt 0.42985 0.29746
vt 0.42985 0.15631
vt 0.41602 0.15631
vt 0.41602 0.35394
vt 0.42985 0.35394
vt 0.42985 0.29746
vt 0.41602 0.29746
vt 0.41602 0.37682
vt 0.42985 0.37682
vt 0.42985 0.35394
vt 0.41602 0.35394
vt 0.41602 0.38745
vt 0.42985 0.38745
vt 0.42985 0.37682
vt 0.41602 0.37682
vt 0.41602 0.39224
vt 0.42985 0.39224
vt 0.42985 0.38745
vt 0.41602 0.38745
vt 0.41602 0.39703
vt 0.42985 0.39703
vt 0.42985 0.39224
vt 0.41602 0.39224
vt 0.41602 0.40511
vt 0.42985 0.40511
vt 0.42985 0.39703
vt 0.41602 0.39703
vt 0.41602 0.41602
vt 0.42985 0.41602
vt 0.42985 0.40511
vt 0.41602 0.40511
vt 0.42985 0.00673
vt 0.44368 0.00673
vt 0.44368 0.00065
vt 0.42985 0.00065
vt 0.42985 0.01492
vt 0.44368 0.01492
vt 0.44368 0.00673
vt 0.42985 0.00673
vt 0.42985 0.02616
vt 0.44368 0.02616
vt 0.44368 0.01492
vt 0.42985 0.01492
vt 0.42985 0.04338
vt 0.44368 0.04338
vt 0.44368 0.02616
vt 0.42985 0.02616
vt 0.42985 0.06598
vt 0.44368 0.06598
vt 0.44368 0.04338
vt 0.42985 0.04338
vt 0.42985 0.15631
vt 0.44368 0.15631
vt 0.44368 0.06598
vt 0.42985 0.06598
vt 0.42985 0.29746
vt 0.44368 0.29746
vt 0.44368 0.15631
vt 0.42985 0.15631
vt 0.42985 0.35394
vt 0.44368 0.35394
vt 0.44368 0.29746
vt 0.42985 0.29746
vt 0.42985 0.37682
vt 0.44368 0.37682
vt 0.44368 0.35394
vt 0.42985 0.35394
vt 0.42985 0.38745
vt 0.44368 0.38745
vt 0.44368 0.37682
vt 0.42985 0.37682
vt 0.42985 0.39224
vt 0.44368 0.39224
vt 0.44368 0.38745
vt 0.42985 0.38745
vt 0.42985 0.39703
vt 0.44368 0.39703
vt 0.44368 0.39224
vt 0.42985 0.39224
vt 0.42985 0.40511
vt 0.44368 0.40511
vt 0.44368 0.39703
vt 0.42985 0.39703
vt 0.42985 0.41602
vt 0.44368 0.41602
vt 0.44368 0.40511
vt 0.42985 0.40511
vt 0.44368 0.00673
vt 0.45752 0.00673
vt 0.45752 0.00065
vt 0.44368 0.00065
vt 0.44368 0.01492
vt 0.45752 0.01492
vt 0.45752 0.00673
vt 0.44368 0.00673
vt 0.44368 0.02616
vt 0.45752 0.02616
vt 0.45752 0.01492
vt 0.44368 0.01492
vt 0.44368 0.04338
vt 0.45752 0.04338
vt 0.45752 0.02616
vt 0.44368 0.02616
vt 0.44368 0.06598
vt 0.45752 0.06598
vt 0.45752 0.04338
vt 0.44368 0.04338
vt 0.44368 0.15631
vt 0.45752 0.15631
vt 0.45752 0.06598
vt 0.44368 0.06598
vt 0.44368 0.29746
vt 0.45752 0.29746
vt 0.45752 0.15631
vt 0.44368 0.15631
vt 0.44368 0.35394
vt 0.45752 0.35394
vt 0.45752 0.29746
vt 0.44368 0.29746
vt 0.44368 0.37682
vt 0.45752 0.37682
vt 0.45752 0.35394
vt 0.44368 0.35394
vt 0.44368 0.38745
vt 0.45752 0.38745
vt 0.45752 0.37682
vt 0.44368 0.37682
vt 0.44368 0.39224
vt 0.45752 0.39224
vt 0.45752 0.38745
vt 0.44368 0.38745
vt 0.44368 0.39703
vt 0.45752 0.39703
vt 0.45752 0.39224
vt 0.44368 0.39224
vt 0.44368 0.40511
vt 0.45752 0.40511
vt 0.45752 0.39703
vt 0.44368 0.39703
vt 0.44368 0.41602
vt 0.45752 0.41602
vt 0.45752 0.40511
vt 0.44368 0.40511
vt 0.45752 0.00673
vt 0.47135 0.00673
vt 0.47135 0.00065
vt 0.45752 0.00065
vt 0.45752 0.01492
vt 0.47135 0.01492
vt 0.47135 0.00673
vt 0.45752 0.00673
vt 0.45752 0.02616
vt 0.47135 0.02616
vt 0.47135 0.01492
vt 0.45752 0.01492
vt 0.45752 0.04338
vt 0.47135 0.04338
vt 0.47135 0.02616
vt 0.45752 0.02616
vt 0.45752 0.06598
vt 0.47135 0.06598
vt 0.47135 0.04338
vt 0.45752 0.04338
vt 0.45752 0.15631
vt 0.47135 0.15631
vt 0.47135 0.06598
vt 0.45752 0.06598
vt 0.45752 0.29746
vt 0.47135 0.29746
vt 0.47135 0.15631
vt 0.45752 0.15631
vt 0.45752 0.35394
vt 0.47135 0.35394
vt 0.47135 0.29746
vt 0.45752 0.29746
vt 0.45752 0.37682
vt 0.47135 0.37682
vt 0.47135 0.35394
vt 0.45752 0.35394
vt 0.45752 0.38745
vt 0.47135 0.38745
vt 0.47135 0.37682
vt 0.45752 0.37682
vt 0.45752 0.39224
vt 0.47135 0.39224
vt 0.47135 0.38745
vt 0.45752 0.38745
vt 0.45752 0.39703
vt 0.47135 0.39703
vt 0.47135 0.39224
vt 0.45752 0.39224
vt 0.45752 0.40511
vt 0.47135 0.40511
vt 0.47135 0.39703
vt 0.45752 0.39703
vt 0.45752 0.41602
vt 0.47135 0.41602
vt 0.47135 0.40511
vt 0.45752 0.40511
vt 0.47135 0.00673
vt 0.48519 0.00673
vt 0.48519 0.00065
vt 0.47135 0.00065
vt 0.47135 0.01492
vt 0.48519 0.01492
vt 0.48519 0.00673
vt 0.47135 0.00673
vt 0.47135 0.02616
vt 0.48519 0.02616
vt 0.48519 0.01492
vt 0.47135 0.01492
vt 0.47135 0.04338
vt 0.48519 0.04338
vt 0.48519 0.02616
vt 0.47135 0.02616
vt 0.47135 0.06598
vt 0.48519 0.06598
vt 0.48519 0.04338
vt 0.47135 0.04338
vt 0.47135 0.15631
vt 0.48519 0.15631
vt 0.48519 0.06598
vt 0.47135 0.06598
vt 0.47135 0.29746
vt 0.48519 0.29746
vt 0.48519 0.15631
vt 0.47135 0.15631
vt 0.47135 0.35394
vt 0.48519 0.35394
vt 0.48519 0.29746
vt 0.47135 0.29746
vt 0.47135 0.37682
vt 0.48519 0.37682
vt 0.48519 0.35394
vt 0.47135 0.35394
vt 0.47135 0.38745
vt 0.48519 0.38745
vt 0.48519 0.37682
vt 0.47135 0.37682
vt 0.47135 0.39224
vt 0.48519 0.39224
vt 0.48519 0.38745
vt 0.47135 0.38745
vt 0.47135 0.39703
vt 0.48519 0.39703
vt 0.48519 0.39224
vt 0.47135 0.39224
vt 0.47135 0.40511
vt 0.48519 0.40511
vt 0.48519 0.39703
vt 0.47135 0.39703
vt 0.47135 0.41602
vt 0.48519 0.41602
vt 0.48519 0.40511
vt 0.47135 0.40511
vt 0.48519 0.00673
vt 0.49902 0.00673
vt 0.49902 0.00065
vt 0.48519 0.00065
vt 0.48519 0.01492
vt 0.49902 0.01492
vt 0.49902 0.00673
vt 0.48519 0.00673
vt 0.48519 0.02616
vt 0.49902 0.02616
vt 0.49902 0.01492
vt 0.48519 0.01492
vt 0.48519 0.04338
vt 0.49902 0.04338
vt 0.49902 0.02616
vt 0.48519 0.02616
vt 0.48519 0.06598
vt 0.49902 0.06598
vt 0.49902 0.04338
vt 0.48519 0.04338
vt 0.48519 0.15631
vt 0.49902 0.15631
vt 0.49902 0.06598
vt 0.48519 0.06598
vt 0.48519 0.29746
vt 0.49902 0.29746
vt 0.49902 0.15631
vt 0.48519 0.15631
vt 0.48519 0.35394
vt 0.49902 0.35394
vt 0.49902 0.29746
vt 0.48519 0.29746
vt 0.48519 0.37682
vt 0.49902 0.37682
vt 0.49902 0.35394
vt 0.48519 0.35394
vt 0.48519 0.38745
vt 0.49902 0.38745
vt 0.49902 0.37682
vt 0.48519 0.37682
vt 0.48519 0.39224
vt 0.49902 0.39224
vt 0.49902 0.38745
vt 0.48519 0.38745
vt 0.48519 0.39703
vt 0.49902 0.39703
vt 0.49902 0.39224
vt 0.48519 0.39224
vt 0.48519 0.40511
vt 0.49902 0.40511
vt 0.49902 0.39703
vt 0.48519 0.39703
vt 0.48519 0.41602
vt 0.49902 0.41602
vt 0.49902 0.40511
vt 0.48519 0.40511
vt 0.00098 0.41992
vt 0.06323 0.41992
vt 0.06323 0.42275
vt 0.00098 0.42275
vt 0.00098 0.42275
vt 0.06323 0.42275
vt 0.06323 0.43104
vt 0.00098 0.43104
vt 0.00098 0.43104
vt 0.06323 0.43104
vt 0.06323 0.44423
vt 0.00098 0.44423
vt 0.00098 0.44423
vt 0.06323 0.44423
vt 0.06323 0.46143
vt 0.00098 0.46143
vt 0.00098 0.46143
vt 0.06323 0.46143
vt 0.06323 0.48145
vt 0.00098 0.48145
vt 0.00098 0.48145
vt 0.06323 0.48145
vt 0.06323 0.50293
vt 0.00098 0.50293
vt 0.00098 0.50293
vt 0.06323 0.50293
vt 0.06323 0.52441
vt 0.00098 0.52441
vt 0.00098 0.52441
vt 0.06323 0.52441
vt 0.06323 0.54443
vt 0.00098 0.54443
vt 0.00098 0.54443
vt 0.06323 0.54443
vt 0.06323 0.56163
vt 0.00098 0.56163
vt 0.00098 0.56163
vt 0.06323 0.56163
vt 0.06323 0.57482
vt 0.00098 0.57482
vt 0.00098 0.57482
vt 0.06323 0.57482
vt 0.06323 0.58311
vt 0.00098 0.58311
vt 0.00098 0.58311
vt 0.06323 0.58311
vt 0.06323 0.58594
vt 0.00098 0.58594
vt 0.06323 0.41992
vt 0.12549 0.41992
vt 0.12549 0.42275
vt 0.06323 0.42275
vt 0.06323 0.42275
vt 0.12549 0.42275
vt 0.12549 0.43104
vt 0.06323 0.43104
vt 0.06323 0.43104
vt 0.12549 0.43104
vt 0.12549 0.44423
vt 0.06323 0.44423
vt 0.06323 0.44423
vt 0.12549 0.44423
vt 0.12549 0.46143
vt 0.06323 0.46143
vt 0.06323 0.46143
vt 0.12549 0.46143
vt 0.12549 0.48145
vt 0.06323 0.48145
vt 0.06323 0.48145
vt 0.12549 0.48145
vt 0.12549 0.50293
vt 0.06323 0.50293
vt 0.06323 0.50293
vt 0.12549 0.50293
vt 0.12549 0.52441
vt 0.06323 0.52441
vt 0.06323 0.52441
vt 0.12549 0.52441
vt 0.12549 0.54443
vt 0.06323 0.54443
vt 0.06323 0.54443
vt 0.12549 0.54443
vt 0.12549 0.56163
vt 0.06323 0.56163
vt 0.06323 0.56163
vt 0.12549 0.56163
vt 0.12549 0.57482
vt 0.06323 0.57482
vt 0.06323 0.57482
vt 0.12549 0.57482
vt 0.12549 0.58311
vt 0.06323 0.58311
vt 0.06323 0.58311
vt 0.12549 0.58311
vt 0.12549 0.58594
vt 0.06323 0.58594
vt 0.12549 0.41992
vt 0.18774 0.41992
vt 0.18774 0.42275
vt 0.12549 0.42275
vt 0.12549 0.42275
vt 0.18774 0.42275
vt 0.18774 0.43104
vt 0.12549 0.43104
vt 0.12549 0.43104
vt 0.18774 0.43104
vt 0.18774 0.44423
vt 0.12549 0.44423
vt 0.12549 0.44423
vt 0.18774 0.44423
vt 0.18774 0.46143
vt 0.12549 0.46143
vt 0.12549 0.46143
vt 0.18774 0.46143
vt 0.18774 0.48145
vt 0.12549 0.48145
vt 0.12549 0.48145
vt 0.18774 0.48145
vt 0.18774 0.50293
vt 0.12549 0.50293
vt 0.12549 0.50293
vt 0.18774 0.50293
vt 0.18774 0.52441
vt 0.12549 0.52441
vt 0.12549 0.52441
vt 0.18774 0.52441
vt 0.18774 0.54443
vt 0.12549 0.54443
vt 0.12549 0.54443
vt 0.18774 0.54443
vt 0.18774 0.56163
vt 0.12549 0.56163
vt 0.12549 0.56163
vt 0.18774 0.56163
vt 0.18774 0.57482
vt 0.12549 0.57482
vt 0.12549 0.57482
vt 0.18774 0.57482
vt 0.18774 0.58311
vt 0.12549 0.58311
vt 0.12549 0.58311
vt 0.18774 0.58311
vt 0.18774 0.58594
vt 0.12549 0.58594
vt 0.18774 0.41992
vt 0.25000 0.41992
vt 0.25000 0.42275
vt 0.18774 0.42275
vt 0.18774 0.42275
vt 0.25000 0.42275
vt 0.25000 0.43104
vt 0.18774 0.43104
vt 0.18774 0.43104
vt 0.25000 0.43104
vt 0.25000 0.44423
vt 0.18774 0.44423
vt 0.18774 0.44423
vt 0.25000 0.44423
vt 0.25000 0.46143
vt 0.18774 0.46143
vt 0.18774 0.46143
vt 0.25000 0.46143
vt 0.25000 0.48145
vt 0.18774 0.48145
vt 0.18774 0.48145
vt 0.25000 0.48145
vt 0.25000 0.50293
vt 0.18774 0.50293
vt 0.18774 0.50293
vt 0.25000 0.50293
vt 0.25000 0.52441
vt 0.18774 0.52441
vt 0.18774 0.52441
vt 0.25000 0.52441
vt 0.25000 0.54443
vt 0.18774 0.54443
vt 0.18774 0.54443
vt 0.25000 0.54443
vt 0.25000 0.56163
vt 0.18774 0.56163
vt 0.18774 0.56163
vt 0.25000 0.56163
vt 0.25000 0.57482
vt 0.18774 0.57482
vt 0.18774 0.57482
vt 0.25000 0.57482
vt 0.25000 0.58311
vt 0.18774 0.58311
vt 0.18774 0.58311
vt 0.25000 0.58311
vt 0.25000 0.58594
vt 0.18774 0.58594
vt 0.25000 0.41992
vt 0.31226 0.41992
vt 0.31226 0.42275
vt 0.25000 0.42275
vt 0.25000 0.42275
vt 0.31226 0.42275
vt 0.31226 0.43104
vt 0.25000 0.43104
vt 0.25000 0.43104
vt 0.31226 0.43104
vt 0.31226 0.44423
vt 0.25000 0.44423
vt 0.25000 0.44423
vt 0.31226 0.44423
vt 0.31226 0.46143
vt 0.25000 0.46143
vt 0.25000 0.46143
vt 0.31226 0.46143
vt 0.31226 0.48145
vt 0.25000 0.48145
vt 0.25000 0.48145
vt 0.31226 0.48145
vt 0.31226 0.50293
vt 0.25000 0.50293
vt 0.25000 0.50293
vt 0.31226 0.50293
vt 0.31226 0.52441
vt 0.25000 0.52441
vt 0.25000 0.52441
vt 0.31226 0.52441
vt 0.31226 0.54443
vt 0.25000 0.54443
vt 0.25000 0.54443
vt 0.31226 0.54443
vt 0.31226 0.56163
vt 0.25000 0.56163
vt 0.25000 0.56163
vt 0.31226 0.56163
vt 0.31226 0.57482
vt 0.25000 0.57482
vt 0.25000 0.57482
vt 0.31226 0.57482
vt 0.31226 0.58311
vt 0.25000 0.58311
vt 0.25000 0.58311
vt 0.31226 0.58311
vt 0.31226 0.58594
vt 0.25000 0.58594
vt 0.31226 0.41992
vt 0.37451 0.41992
vt 0.37451 0.42275
vt 0.31226 0.42275
vt 0.31226 0.42275
vt 0.37451 0.42275
vt 0.37451 0.43104
vt 0.31226 0.43104
vt 0.31226 0.43104
vt 0.37451 0.43104
vt 0.37451 0.44423
vt 0.31226 0.44423
vt 0.31226 0.44423
vt 0.37451 0.44423
vt 0.37451 0.46143
vt 0.31226 0.46143
vt 0.31226 0.46143
vt 0.37451 0.46143
vt 0.37451 0.48145
vt 0.31226 0.48145
vt 0.31226 0.48145
vt 0.37451 0.48145
vt 0.37451 0.50293
vt 0.31226 0.50293
vt 0.31226 0.50293
vt 0.37451 0.50293
vt 0.37451 0.52441
vt 0.31226 0.52441
vt 0.31226 0.52441
vt 0.37451 0.52441
vt 0.37451 0.54443
vt 0.31226 0.54443
vt 0.31226 0.54443
vt 0.37451 0.54443
vt 0.37451 0.56163
vt 0.31226 0.56163
vt 0.31226 0.56163
vt 0.37451 0.56163
vt 0.37451 0.57482
vt 0.31226 0.57482
vt 0.31226 0.57482
vt 0.37451 0.57482
vt 0.37451 0.58311
vt 0.31226 0.58311
vt 0.31226 0.58311
vt 0.37451 0.58311
vt 0.37451 0.58594
vt 0.31226 0.58594
vt 0.37451 0.41992
vt 0.43677 0.41992
vt 0.43677 0.42275
vt 0.37451 0.42275
vt 0.37451 0.42275
vt 0.43677 0.42275
vt 0.43677 0.43104
vt 0.37451 0.43104
vt 0.37451 0.43104
vt 0.43677 0.43104
vt 0.43677 0.44423
vt 0.37451 0.44423
vt 0.37451 0.44423
vt 0.43677 0.44423
vt 0.43677 0.46143
vt 0.37451 0.46143
vt 0.37451 0.46143
vt 0.43677 0.46143
vt 0.43677 0.48145
vt 0.37451 0.48145
vt 0.37451 0.48145
vt 0.43677 0.48145
vt 0.43677 0.50293
vt 0.37451 0.50293
vt 0.37451 0.50293
vt 0.43677 0.50293
vt 0.43677 0.52441
vt 0.37451 0.52441
vt 0.37451 0.52441
vt 0.43677 0.52441
vt 0.43677 0.54443
vt 0.37451 0.54443
vt 0.37451 0.54443
vt 0.43677 0.54443
vt 0.43677 0.56163
vt 0.37451 0.56163
vt 0.37451 0.56163
vt 0.43677 0.56163
vt 0.43677 0.57482
vt 0.37451 0.57482
vt 0.37451 0.57482
vt 0.43677 0.57482
vt 0.43677 0.58311
vt 0.37451 0.58311
vt 0.37451 0.58311
vt 0.43677 0.58311
vt 0.43677 0.58594
vt 0.37451 0.58594
vt 0.43677 0.41992
vt 0.49902 0.41992
vt 0.49902 0.42275
vt 0.43677 0.42275
vt 0.43677 0.42275
vt 0.49902 0.42275
vt 0.49902 0.43104
vt 0.43677 0.43104
vt 0.43677 0.43104
vt 0.49902 0.43104
vt 0.49902 0.44423
vt 0.43677 0.44423
vt 0.43677 0.44423
vt 0.49902 0.44423
vt 0.49902 0.46143
vt 0.43677 0.46143
vt 0.43677 0.46143
vt 0.49902 0.46143
vt 0.49902 0.48145
vt 0.43677 0.48145
vt 0.43677 0.48145
vt 0.49902 0.48145
vt 0.49902 0.50293
vt 0.43677 0.50293
vt 0.43677 0.50293
vt 0.49902 0.50293
vt 0.49902 0.52441
vt 0.43677 0.52441
vt 0.43677 0.52441
vt 0.49902 0.52441
vt 0.49902 0.54443
vt 0.43677 0.54443
vt 0.43677 0.54443
vt 0.49902 0.54443
vt 0.49902 0.56163
vt 0.43677 0.56163
vt 0.43677 0.56163
vt 0.49902 0.56163
vt 0.49902 0.57482
vt 0.43677 0.57482
vt 0.43677 0.57482
vt 0.49902 0.57482
vt 0.49902 0.58311
vt 0.43677 0.58311
vt 0.43677 0.58311
vt 0.49902 0.58311
vt 0.49902 0.58594
vt 0.43677 0.58594
vt 0.00098 0.58877
vt 0.06323 0.58877
vt 0.06323 0.58594
vt 0.00098 0.58594
vt 0.00098 0.59706
vt 0.06323 0.59706
vt 0.06323 0.58877
vt 0.00098 0.58877
vt 0.00098 0.61025
vt 0.06323 0.61025
vt 0.06323 0.59706
vt 0.00098 0.59706
vt 0.00098 0.62744
vt 0.06323 0.62744
vt 0.06323 0.61025
vt 0.00098 0.61025
vt 0.00098 0.64746
vt 0.06323 0.64746
vt 0.06323 0.62744
vt 0.00098 0.62744
vt 0.00098 0.66895
vt 0.06323 0.66895
vt 0.06323 0.64746
vt 0.00098 0.64746
vt 0.00098 0.69043
vt 0.06323 0.69043
vt 0.06323 0.66895
vt 0.00098 0.66895
vt 0.00098 0.71045
vt 0.06323 0.71045
vt 0.06323 0.69043
vt 0.00098 0.69043
vt 0.00098 0.72764
vt 0.06323 0.72764
vt 0.06323 0.71045
vt 0.00098 0.71045
vt 0.00098 0.74083
vt 0.06323 0.74083
vt 0.06323 0.72764
vt 0.00098 0.72764
vt 0.00098 0.74912
vt 0.06323 0.74912
vt 0.06323 0.74083
vt 0.00098 0.74083
vt 0.00098 0.75195
vt 0.06323 0.75195
vt 0.06323 0.74912
vt 0.00098 0.74912
vt 0.06323 0.58877
vt 0.12549 0.58877
vt 0.12549 0.58594
vt 0.06323 0.58594
vt 0.06323 0.59706
vt 0.12549 0.59706
vt 0.12549 0.58877
vt 0.06323 0.58877
vt 0.06323 0.61025
vt 0.12549 0.61025
vt 0.12549 0.59706
vt 0.06323 0.59706
vt 0.06323 0.62744
vt 0.12549 0.62744
vt 0.12549 0.61025
vt 0.06323 0.61025
vt 0.06323 0.64746
vt 0.12549 0.64746
vt 0.12549 0.62744
vt 0.06323 0.62744
vt 0.06323 0.66895
vt 0.12549 0.66895
vt 0.12549 0.64746
vt 0.06323 0.64746
vt 0.06323 0.69043
vt 0.12549 0.69043
vt 0.12549 0.66895
vt 0.06323 0.66895
vt 0.06323 0.71045
vt 0.12549 0.71045
vt 0.12549 0.69043
vt 0.06323 0.69043
vt 0.06323 0.72764
vt 0.12549 0.72764
vt 0.12549 0.71045
vt 0.06323 0.71045
vt 0.06323 0.74083
vt 0.12549 0.74083
vt 0.12549 0.72764
vt 0.06323 0.72764
vt 0.06323 0.74912
vt 0.12549 0.74912
vt 0.12549 0.74083
vt 0.06323 0.74083
vt 0.06323 0.75195
vt 0.12549 0.75195
vt 0.12549 0.74912
vt 0.06323 0.74912
vt 0.12549 0.58877
vt 0.18774 0.58877
vt 0.18774 0.58594
vt 0.12549 0.58594
vt 0.12549 0.59706
vt 0.18774 0.59706
vt 0.18774 0.58877
vt 0.12549 0.58877
vt 0.12549 0.61025
vt 0.18774 0.61025
vt 0.18774 0.59706
vt 0.12549 0.59706
vt 0.12549 0.62744
vt 0.18774 0.62744
vt 0.18774 0.61025
vt 0.12549 0.61025
vt 0.12549 0.64746
vt 0.18774 0.64746
vt 0.18774 0.62744
vt 0.12549 0.62744
vt 0.12549 0.66895
vt 0.18774 0.66895
vt 0.18774 0.64746
vt 0.12549 0.64746
vt 0.12549 0.69043
vt 0.18774 0.69043
vt 0.18774 0.66895
vt 0.12549 0.66895
vt 0.12549 0.71045
vt 0.18774 0.71045
vt 0.18774 0.69043
vt 0.12549 0.69043
vt 0.12549 0.72764
vt 0.18774 0.72764
vt 0.18774 0.71045
vt 0.12549 0.71045
vt 0.12549 0.74083
vt 0.18774 0.74083
vt 0.18774 0.72764
vt 0.12549 0.72764
vt 0.12549 0.74912
vt 0.18774 0.74912
vt 0.18774 0.74083
vt 0.12549 0.74083
vt 0.12549 0.75195
vt 0.18774 0.75195
vt 0.18774 0.74912
vt 0.12549 0.74912
vt 0.18774 0.58877
vt 0.25000 0.58877
vt 0.25000 0.58594
vt 0.18774 0.58594
vt 0.18774 0.59706
vt 0.25000 0.59706
vt 0.25000 0.58877
vt 0.18774 0.58877
vt 0.18774 0.61025
vt 0.25000 0.61025
vt 0.25000 0.59706
vt 0.18774 0.59706
vt 0.18774 0.62744
vt 0.25000 0.62744
vt 0.25000 0.61025
vt 0.18774 0.61025
vt 0.18774 0.64746
vt 0.25000 0.64746
vt 0.25000 0.62744
vt 0.18774 0.62744
vt 0.18774 0.66895
vt 0.25000 0.66895
vt 0.25000 0.64746
vt 0.18774 0.64746
vt 0.18774 0.69043
vt 0.25000 0.69043
vt 0.25000 0.66895
vt 0.18774 0.66895
vt 0.18774 0.71045
vt 0.25000 0.71045
vt 0.25000 0.69043
vt 0.18774 0.69043
vt 0.18774 0.72764
vt 0.25000 0.72764
vt 0.25000 0.71045
vt 0.18774 0.71045
vt 0.18774 0.74083
vt 0.25000 0.74083
vt 0.25000 0.72764
vt 0.18774 0.72764
vt 0.18774 0.74912
vt 0.25000 0.74912
vt 0.25000 0.74083
vt 0.18774 0.74083
vt 0.18774 0.75195
vt 0.25000 0.75195
vt 0.25000 0.74912
vt 0.18774 0.74912
vt 0.25000 0.58877
vt 0.31226 0.58877
vt 0.31226 0.58594
vt 0.25000 0.58594
vt 0.25000 0.59706
vt 0.31226 0.59706
vt 0.31226 0.58877
vt 0.25000 0.58877
vt 0.25000 0.61025
vt 0.31226 0.61025
vt 0.31226 0.59706
vt 0.25000 0.59706
vt 0.25000 0.62744
vt 0.31226 0.62744
vt 0.31226 0.61025
vt 0.25000 0.61025
vt 0.25000 0.64746
vt 0.31226 0.64746
vt 0.31226 0.62744
vt 0.25000 0.62744
vt 0.25000 0.66895
vt 0.31226 0.66895
vt 0.31226 0.64746
vt 0.25000 0.64746
vt 0.25000 0.69043
vt 0.31226 0.69043
vt 0.31226 0.66895
vt 0.25000 0.66895
vt 0.25000 0.71045
vt 0.31226 0.71045
vt 0.31226 0.69043
vt 0.25000 0.69043
vt 0.25000 0.72764
vt 0.31226 0.72764
vt 0.31226 0.71045
vt 0.25000 0.71045
vt 0.25000 0.74083
vt 0.31226 0.74083
vt 0.31226 0.72764
vt 0.25000 0.72764
vt 0.25000 0.74912
vt 0.31226 0.74912
vt 0.31226 0.74083
vt 0.25000 0.74083
vt 0.25000 0.75195
vt 0.31226 0.75195
vt 0.31226 0.74912
vt 0.25000 0.74912
vt 0.31226 0.58877
vt 0.37451 0.58877
vt 0.37451 0.58594
vt 0.31226 0.58594
vt 0.31226 0.59706
vt 0.37451 0.59706
vt 0.37451 0.58877
vt 0.31226 0.58877
vt 0.31226 0.61025
vt 0.37451 0.61025
vt 0.37451 0.59706
vt 0.31226 0.59706
vt 0.31226 0.62744
vt 0.37451 0.62744
vt 0.37451 0.61025
vt 0.31226 0.61025
vt 0.31226 0.64746
vt 0.37451 0.64746
vt 0.37451 0.62744
vt 0.31226 0.62744
vt 0.31226 0.66895
vt 0.37451 0.66895
vt 0.37451 0.64746
vt 0.31226 0.64746
vt 0.31226 0.69043
vt 0.37451 0.69043
vt 0.37451 0.66895
vt 0.31226 0.66895
vt 0.31226 0.71045
vt 0.37451 0.71045
vt 0.37451 0.69043
vt 0.31226 0.69043
vt 0.31226 0.72764
vt 0.37451 0.72764
vt 0.37451 0.71045
vt 0.31226 0.71045
vt 0.31226 0.74083
vt 0.37451 0.74083
vt 0.37451 0.72764
vt 0.31226 0.72764
vt 0.31226 0.74912
vt 0.37451 0.74912
vt 0.37451 0.74083
vt 0.31226 0.74083
vt 0.31226 0.75195
vt 0.37451 0.75195
vt 0.37451 0.74912
vt 0.31226 0.74912
vt 0.37451 0.58877
vt 0.43677 0.58877
vt 0.43677 0.58594
vt 0.37451 0.58594
vt 0.37451 0.59706
vt 0.43677 0.59706
vt 0.43677 0.58877
vt 0.37451 0.58877
vt 0.37451 0.61025
vt 0.43677 0.61025
vt 0.43677 0.59706
vt 0.37451 0.59706
vt 0.37451 0.62744
vt 0.43677 0.62744
vt 0.43677 0.61025
vt 0.37451 0.61025
vt 0.37451 0.64746
vt 0.43677 0.64746
vt 0.43677 0.62744
vt 0.37451 0.62744
vt 0.37451 0.66895
vt 0.43677 0.66895
vt 0.43677 0.64746
vt 0.37451 0.64746
vt 0.37451 0.69043
vt 0.43677 0.69043
vt 0.43677 0.66895
vt 0.37451 0.66895
vt 0.37451 0.71045
vt 0.43677 0.71045
vt 0.43677 0.69043
vt 0.37451 0.69043
vt 0.37451 0.72764
vt 0.43677 0.72764
vt 0.43677 0.71045
vt 0.37451 0.71045
vt 0.37451 0.74083
vt 0.43677 0.74083
vt 0.43677 0.72764
vt 0.37451 0.72764
vt 0.37451 0.74912
vt 0.43677 0.74912
vt 0.43677 0.74083
vt 0.37451 0.74083
vt 0.37451 0.75195
vt 0.43677 0.75195
vt 0.43677 0.74912
vt 0.37451 0.74912
vt 0.43677 0.58877
vt 0.49902 0.58877
vt 0.49902 0.58594
vt 0.43677 0.58594
vt 0.43677 0.59706
vt 0.49902 0.59706
vt 0.49902 0.58877
vt 0.43677 0.58877
vt 0.43677 0.61025
vt 0.49902 0.61025
vt 0.49902 0.59706
vt 0.43677 0.59706
vt 0.43677 0.62744
vt 0.49902 0.62744
vt 0.49902 0.61025
vt 0.43677 0.61025
vt 0.43677 0.64746
vt 0.49902 0.64746
vt 0.49902 0.62744
vt 0.43677 0.62744
vt 0.43677 0.66895
vt 0.49902 0.66895
vt 0.49902 0.64746
vt 0.43677 0.64746
vt 0.43677 0.69043
vt 0.49902 0.69043
vt 0.49902 0.66895
vt 0.43677 0.66895
vt 0.43677 0.71045
vt 0.49902 0.71045
vt 0.49902 0.69043
vt 0.43677 0.69043
vt 0.43677 0.72764
vt 0.49902 0.72764
vt 0.49902 0.71045
vt 0.43677 0.71045
vt 0.43677 0.74083
vt 0.49902 0.74083
vt 0.49902 0.72764
vt 0.43677 0.72764
vt 0.43677 0.74912
vt 0.49902 0.74912
vt 0.49902 0.74083
vt 0.43677 0.74083
vt 0.43677 0.75195
vt 0.49902 0.75195
vt 0.49902 0.74912
vt 0.43677 0.74912
vt 0.49902 0.41992
vt 0.49902 0.58594
vt 0.49902 0.58877
vt 0.49902 0.42275
vt 0.49902 0.42275
vt 0.49902 0.58877
vt 0.49902 0.59706
vt 0.49902 0.43104
vt 0.49902 0.43104
vt 0.49902 0.59706
vt 0.49902 0.61025
vt 0.49902 0.44423
vt 0.49902 0.44423
vt 0.49902 0.61025
vt 0.49902 0.62744
vt 0.49902 0.46143
vt 0.49902 0.46143
vt 0.49902 0.62744
vt 0.49902 0.64746
vt 0.49902 0.48145
vt 0.49902 0.48145
vt 0.49902 0.64746
vt 0.49902 0.66895
vt 0.49902 0.50293
vt 0.49902 0.50293
vt 0.49902 0.66895
vt 0.49902 0.69043
vt 0.49902 0.52441
vt 0.49902 0.52441
vt 0.49902 0.69043
vt 0.49902 0.71045
vt 0.49902 0.54443
vt 0.49902 0.54443
vt 0.49902 0.71045
vt 0.49902 0.72764
vt 0.49902 0.56163
vt 0.49902 0.56163
vt 0.49902 0.72764
vt 0.49902 0.74083
vt 0.49902 0.57482
vt 0.49902 0.57482
vt 0.49902 0.74083
vt 0.49902 0.74912
vt 0.49902 0.58311
vt 0.49902 0.58311
vt 0.49902 0.74912
vt 0.49902 0.75195
vt 0.49902 0.58594
vt 0.00098 0.42275
vt 0.06323 0.42275
vt 0.06323 0.41992
vt 0.00098 0.41992
vt 0.00098 0.43104
vt 0.06323 0.43104
vt 0.06323 0.42275
vt 0.00098 0.42275
vt 0.00098 0.44423
vt 0.06323 0.44423
vt 0.06323 0.43104
vt 0.00098 0.43104
vt 0.00098 0.46143
vt 0.06323 0.46143
vt 0.06323 0.44423
vt 0.00098 0.44423
vt 0.00098 0.48145
vt 0.06323 0.48145
vt 0.06323 0.46143
vt 0.00098 0.46143
vt 0.00098 0.50293
vt 0.06323 0.50293
vt 0.06323 0.48145
vt 0.00098 0.48145
vt 0.00098 0.52441
vt 0.06323 0.52441
vt 0.06323 0.50293
vt 0.00098 0.50293
vt 0.00098 0.54443
vt 0.06323 0.54443
vt 0.06323 0.52441
vt 0.00098 0.52441
vt 0.00098 0.56163
vt 0.06323 0.56163
vt 0.06323 0.54443
vt 0.00098 0.54443
vt 0.00098 0.57482
vt 0.06323 0.57482
vt 0.06323 0.56163
vt 0.00098 0.56163
vt 0.00098 0.58311
vt 0.06323 0.58311
vt 0.06323 0.57482
vt 0.00098 0.57482
vt 0.00098 0.58594
vt 0.06323 0.58594
vt 0.06323 0.58311
vt 0.00098 0.58311
vt 0.06323 0.42275
vt 0.12549 0.42275
vt 0.12549 0.41992
vt 0.06323 0.41992
vt 0.06323 0.43104
vt 0.12549 0.43104
vt 0.12549 0.42275
vt 0.06323 0.42275
vt 0.06323 0.44423
vt 0.12549 0.44423
vt 0.12549 0.43104
vt 0.06323 0.43104
vt 0.06323 0.46143
vt 0.12549 0.46143
vt 0.12549 0.44423
vt 0.06323 0.44423
vt 0.06323 0.48145
vt 0.12549 0.48145
vt 0.12549 0.46143
vt 0.06323 0.46143
vt 0.06323 0.50293
vt 0.12549 0.50293
vt 0.12549 0.48145
vt 0.06323 0.48145
vt 0.06323 0.52441
vt 0.12549 0.52441
vt 0.12549 0.50293
vt 0.06323 0.50293
vt 0.06323 0.54443
vt 0.12549 0.54443
vt 0.12549 0.52441
vt 0.06323 0.52441
vt 0.06323 0.56163
vt 0.12549 0.56163
vt 0.12549 0.54443
vt 0.06323 0.54443
vt 0.06323 0.57482
vt 0.12549 0.57482
vt 0.12549 0.56163
vt 0.06323 0.56163
vt 0.06323 0.58311
vt 0.12549 0.58311
vt 0.12549 0.57482
vt 0.06323 0.57482
vt 0.06323 0.58594
vt 0.12549 0.58594
vt 0.12549 0.58311
vt 0.06323 0.58311
vt 0.12549 0.42275
vt 0.18774 0.42275
vt 0.18774 0.41992
vt 0.12549 0.41992
vt 0.12549 0.43104
vt 0.18774 0.43104
vt 0.18774 0.42275
vt 0.12549 0.42275
vt 0.12549 0.44423
vt 0.18774 0.44423
vt 0.18774 0.43104
vt 0.12549 0.43104
vt 0.12549 0.46143
vt 0.18774 0.46143
vt 0.18774 0.44423
vt 0.12549 0.44423
vt 0.12549 0.48145
vt 0.18774 0.48145
vt 0.18774 0.46143
vt 0.12549 0.46143
vt 0.12549 0.50293
vt 0.18774 0.50293
vt 0.18774 0.48145
vt 0.12549 0.48145
vt 0.12549 0.52441
vt 0.18774 0.52441
vt 0.18774 0.50293
vt 0.12549 0.50293
vt 0.12549 0.54443
vt 0.18774 0.54443
vt 0.18774 0.52441
vt 0.12549 0.52441
vt 0.12549 0.56163
vt 0.18774 0.56163
vt 0.18774 0.54443
vt 0.12549 0.54443
vt 0.12549 0.57482
vt 0.18774 0.57482
vt 0.18774 0.56163
vt 0.12549 0.56163
vt 0.12549 0.58311
vt 0.18774 0.58311
vt 0.18774 0.57482
vt 0.12549 0.57482
vt 0.12549 0.58594
vt 0.18774 0.58594
vt 0.18774 0.58311
vt 0.12549 0.58311
vt 0.18774 0.42275
vt 0.25000 0.42275
vt 0.25000 0.41992
vt 0.18774 0.41992
vt 0.18774 0.43104
vt 0.25000 0.43104
vt 0.25000 0.42275
vt 0.18774 0.42275
vt 0.18774 0.44423
vt 0.25000 0.44423
vt 0.25000 0.43104
vt 0.18774 0.43104
vt 0.18774 0.46143
vt 0.25000 0.46143
vt 0.25000 0.44423
vt 0.18774 0.44423
vt 0.18774 0.48145
vt 0.25000 0.48145
vt 0.25000 0.46143
vt 0.18774 0.46143
vt 0.18774 0.50293
vt 0.25000 0.50293
vt 0.25000 0.48145
vt 0.18774 0.48145
vt 0.18774 0.52441
vt 0.25000 0.52441
vt 0.25000 0.50293
vt 0.18774 0.50293
vt 0.18774 0.54443
vt 0.25000 0.54443
vt 0.25000 0.52441
vt 0.18774 0.52441
vt 0.18774 0.56163
vt 0.25000 0.56163
vt 0.25000 0.54443
vt 0.18774 0.54443
vt 0.18774 0.57482
vt 0.25000 0.57482
vt 0.25000 0.56163
vt 0.18774 0.56163
vt 0.18774 0.58311
vt 0.25000 0.58311
vt 0.25000 0.57482
vt 0.18774 0.57482
vt 0.18774 0.58594
vt 0.25000 0.58594
vt 0.25000 0.58311
vt 0.18774 0.58311
vt 0.25000 0.42275
vt 0.31226 0.42275
vt 0.31226 0.41992
vt 0.25000 0.41992
vt 0.25000 0.43104
vt 0.31226 0.43104
vt 0.31226 0.42275
vt 0.25000 0.42275
vt 0.25000 0.44423
vt 0.31226 0.44423
vt 0.31226 0.43104
vt 0.25000 0.43104
vt 0.25000 0.46143
vt 0.31226 0.46143
vt 0.31226 0.44423
vt 0.25000 0.44423
vt 0.25000 0.48145
vt 0.31226 0.48145
vt 0.31226 0.46143
vt 0.25000 0.46143
vt 0.25000 0.50293
vt 0.31226 0.50293
vt 0.31226 0.48145
vt 0.25000 0.48145
vt 0.25000 0.52441
vt 0.31226 0.52441
vt 0.31226 0.50293
vt 0.25000 0.50293
vt 0.25000 0.54443
vt 0.31226 0.54443
vt 0.31226 0.52441
vt 0.25000 0.52441
vt 0.25000 0.56163
vt 0.31226 0.56163
vt 0.31226 0.54443
vt 0.25000 0.54443
vt 0.25000 0.57482
vt 0.31226 0.57482
vt 0.31226 0.56163
vt 0.25000 0.56163
vt 0.25000 0.58311
vt 0.31226 0.58311
vt 0.31226 0.57482
vt 0.25000 0.57482
vt 0.25000 0.58594
vt 0.31226 0.58594
vt 0.31226 0.58311
vt 0.25000 0.58311
vt 0.31226 0.42275
vt 0.37451 0.42275
vt 0.37451 0.41992
vt 0.31226 0.41992
vt 0.31226 0.43104
vt 0.37451 0.43104
vt 0.37451 0.42275
vt 0.31226 0.42275
vt 0.31226 0.44423
vt 0.37451 0.44423
vt 0.37451 0.43104
vt 0.31226 0.43104
vt 0.31226 0.46143
vt 0.37451 0.46143
vt 0.37451 0.44423
vt 0.31226 0.44423
vt 0.31226 0.48145
vt 0.37451 0.48145
vt 0.37451 0.46143
vt 0.31226 0.46143
vt 0.31226 0.50293
vt 0.37451 0.50293
vt 0.37451 0.48145
vt 0.31226 0.48145
vt 0.31226 0.52441
vt 0.37451 0.52441
vt 0.37451 0.50293
vt 0.31226 0.50293
vt 0.31226 0.54443
vt 0.37451 0.54443
vt 0.37451 0.52441
vt 0.31226 0.52441
vt 0.31226 0.56163
vt 0.37451 0.56163
vt 0.37451 0.54443
vt 0.31226 0.54443
vt 0.31226 0.57482
vt 0.37451 0.57482
vt 0.37451 0.56163
vt 0.31226 0.56163
vt 0.31226 0.58311
vt 0.37451 0.58311
vt 0.37451 0.57482
vt 0.31226 0.57482
vt 0.31226 0.58594
vt 0.37451 0.58594
vt 0.37451 0.58311
vt 0.31226 0.58311
vt 0.37451 0.42275
vt 0.43677 0.42275
vt 0.43677 0.41992
vt 0.37451 0.41992
vt 0.37451 0.43104
vt 0.43677 0.43104
vt 0.43677 0.42275
vt 0.37451 0.42275
vt 0.37451 0.44423
vt 0.43677 0.44423
vt 0.43677 0.43104
vt 0.37451 0.43104
vt 0.37451 0.46143
vt 0.43677 0.46143
vt 0.43677 0.44423
vt 0.37451 0.44423
vt 0.37451 0.48145
vt 0.43677 0.48145
vt 0.43677 0.46143
vt 0.37451 0.46143
vt 0.37451 0.50293
vt 0.43677 0.50293
vt 0.43677 0.48145
vt 0.37451 0.48145
vt 0.37451 0.52441
vt 0.43677 0.52441
vt 0.43677 0.50293
vt 0.37451 0.50293
vt 0.37451 0.54443
vt 0.43677 0.54443
vt 0.43677 0.52441
vt 0.37451 0.52441
vt 0.37451 0.56163
vt 0.43677 0.56163
vt 0.43677 0.54443
vt 0.37451 0.54443
vt 0.37451 0.57482
vt 0.43677 0.57482
vt 0.43677 0.56163
vt 0.37451 0.56163
vt 0.37451 0.58311
vt 0.43677 0.58311
vt 0.43677 0.57482
vt 0.37451 0.57482
vt 0.37451 0.58594
vt 0.43677 0.58594
vt 0.43677 0.58311
vt 0.37451 0.58311
vt 0.43677 0.42275
vt 0.49902 0.42275
vt 0.49902 0.41992
vt 0.43677 0.41992
vt 0.43677 0.43104
vt 0.49902 0.43104
vt 0.49902 0.42275
vt 0.43677 0.42275
vt 0.43677 0.44423
vt 0.49902 0.44423
vt 0.49902 0.43104
vt 0.43677 0.43104
vt 0.43677 0.46143
vt 0.49902 0.46143
vt 0.49902 0.44423
vt 0.43677 0.44423
vt 0.43677 0.48145
vt 0.49902 0.48145
vt 0.49902 0.46143
vt 0.43677 0.46143
vt 0.43677 0.50293
vt 0.49902 0.50293
vt 0.49902 0.48145
vt 0.43677 0.48145
vt 0.43677 0.52441
vt 0.49902 0.52441
vt 0.49902 0.50293
vt 0.43677 0.50293
vt 0.43677 0.54443
vt 0.49902 0.54443
vt 0.49902 0.52441
vt 0.43677 0.52441
vt 0.43677 0.56163
vt 0.49902 0.56163
vt 0.49902 0.54443
vt 0.43677 0.54443
vt 0.43677 0.57482
vt 0.49902 0.57482
vt 0.49902 0.56163
vt 0.43677 0.56163
vt 0.43677 0.58311
vt 0.49902 0.58311
vt 0.49902 0.57482
vt 0.43677 0.57482
vt 0.43677 0.58594
vt 0.49902 0.58594
vt 0.49902 0.58311
vt 0.43677 0.58311
vt 0.00098 0.58594
vt 0.06323 0.58594
vt 0.06323 0.58877
vt 0.00098 0.58877
vt 0.00098 0.58877
vt 0.06323 0.58877
vt 0.06323 0.59706
vt 0.00098 0.59706
vt 0.00098 0.59706
vt 0.06323 0.59706
vt 0.06323 0.61025
vt 0.00098 0.61025
vt 0.00098 0.61025
vt 0.06323 0.61025
vt 0.06323 0.62744
vt 0.00098 0.62744
vt 0.00098 0.62744
vt 0.06323 0.62744
vt 0.06323 0.64746
vt 0.00098 0.64746
vt 0.00098 0.64746
vt 0.06323 0.64746
vt 0.06323 0.66895
vt 0.00098 0.66895
vt 0.00098 0.66895
vt 0.06323 0.66895
vt 0.06323 0.69043
vt 0.00098 0.69043
vt 0.00098 0.69043
vt 0.06323 0.69043
vt 0.06323 0.71045
vt 0.00098 0.71045
vt 0.00098 0.71045
vt 0.06323 0.71045
vt 0.06323 0.72764
vt 0.00098 0.72764
vt 0.00098 0.72764
vt 0.06323 0.72764
vt 0.06323 0.74083
vt 0.00098 0.74083
vt 0.00098 0.74083
vt 0.06323 0.74083
vt 0.06323 0.74912
vt 0.00098 0.74912
vt 0.00098 0.74912
vt 0.06323 0.74912
vt 0.06323 0.75195
vt 0.00098 0.75195
vt 0.06323 0.58594
vt 0.12549 0.58594
vt 0.12549 0.58877
vt 0.06323 0.58877
vt 0.06323 0.58877
vt 0.12549 0.58877
vt 0.12549 0.59706
vt 0.06323 0.59706
vt 0.06323 0.59706
vt 0.12549 0.59706
vt 0.12549 0.61025
vt 0.06323 0.61025
vt 0.06323 0.61025
vt 0.12549 0.61025
vt 0.12549 0.62744
vt 0.06323 0.62744
vt 0.06323 0.62744
vt 0.12549 0.62744
vt 0.12549 0.64746
vt 0.06323 0.64746
vt 0.06323 0.64746
vt 0.12549 0.64746
vt 0.12549 0.66895
vt 0.06323 0.66895
vt 0.06323 0.66895
vt 0.12549 0.66895
vt 0.12549 0.69043
vt 0.06323 0.69043
vt 0.06323 0.69043
vt 0.12549 0.69043
vt 0.12549 0.71045
vt 0.06323 0.71045
vt 0.06323 0.71045
vt 0.12549 0.71045
vt 0.12549 0.72764
vt 0.06323 0.72764
vt 0.06323 0.72764
vt 0.12549 0.72764
vt 0.12549 0.74083
vt 0.06323 0.74083
vt 0.06323 0.74083
vt 0.12549 0.74083
vt 0.12549 0.74912
vt 0.06323 0.74912
vt 0.06323 0.74912
vt 0.12549 0.74912
vt 0.12549 0.75195
vt 0.06323 0.75195
vt 0.12549 0.58594
vt 0.18774 0.58594
vt 0.18774 0.58877
vt 0.12549 0.58877
vt 0.12549 0.58877
vt 0.18774 0.58877
vt 0.18774 0.59706
vt 0.12549 0.59706
vt 0.12549 0.59706
vt 0.18774 0.59706
vt 0.18774 0.61025
vt 0.12549 0.61025
vt 0.12549 0.61025
vt 0.18774 0.61025
vt 0.18774 0.62744
vt 0.12549 0.62744
vt 0.12549 0.62744
vt 0.18774 0.62744
vt 0.18774 0.64746
vt 0.12549 0.64746
vt 0.12549 0.64746
vt 0.18774 0.64746
vt 0.18774 0.66895
vt 0.12549 0.66895
vt 0.12549 0.66895
vt 0.18774 0.66895
vt 0.18774 0.69043
vt 0.12549 0.69043
vt 0.12549 0.69043
vt 0.18774 0.69043
vt 0.18774 0.71045
vt 0.12549 0.71045
vt 0.12549 0.71045
vt 0.18774 0.71045
vt 0.18774 0.72764
vt 0.12549 0.72764
vt 0.12549 0.72764
vt 0.18774 0.72764
vt 0.18774 0.74083
vt 0.12549 0.74083
vt 0.12549 0.74083
vt 0.18774 0.74083
vt 0.18774 0.74912
vt 0.12549 0.74912
vt 0.12549 0.74912
vt 0.18774 0.74912
vt 0.18774 0.75195
vt 0.12549 0.75195
vt 0.18774 0.58594
vt 0.25000 0.58594
vt 0.25000 0.58877
vt 0.18774 0.58877
vt 0.18774 0.58877
vt 0.25000 0.58877
vt 0.25000 0.59706
vt 0.18774 0.59706
vt 0.18774 0.59706
vt 0.25000 0.59706
vt 0.25000 0.61025
vt 0.18774 0.61025
vt 0.18774 0.61025
vt 0.25000 0.61025
vt 0.25000 0.62744
vt 0.18774 0.62744
vt 0.18774 0.62744
vt 0.25000 0.62744
vt 0.25000 0.64746
vt 0.18774 0.64746
vt 0.18774 0.64746
vt 0.25000 0.64746
vt 0.25000 0.66895
vt 0.18774 0.66895
vt 0.18774 0.66895
vt 0.25000 0.66895
vt 0.25000 0.69043
vt 0.18774 0.69043
vt 0.18774 0.69043
vt 0.25000 0.69043
vt 0.25000 0.71045
vt 0.18774 0.71045
vt 0.18774 0.71045
vt 0.25000 0.71045
vt 0.25000 0.72764
vt 0.18774 0.72764
vt 0.18774 0.72764
vt 0.25000 0.72764
vt 0.25000 0.74083
vt 0.18774 0.74083
vt 0.18774 0.74083
vt 0.25000 0.74083
vt 0.25000 0.74912
vt 0.18774 0.74912
vt 0.18774 0.74912
vt 0.25000 0.74912
vt 0.25000 0.75195
vt 0.18774 0.75195
vt 0.25000 0.58594
vt 0.31226 0.58594
vt 0.31226 0.58877
vt 0.25000 0.58877
vt 0.25000 0.58877
vt 0.31226 0.58877
vt 0.31226 0.59706
vt 0.25000 0.59706
vt 0.25000 0.59706
vt 0.31226 0.59706
vt 0.31226 0.61025
vt 0.25000 0.61025
vt 0.25000 0.61025
vt 0.31226 0.61025
vt 0.31226 0.62744
vt 0.25000 0.62744
vt 0.25000 0.62744
vt 0.31226 0.62744
vt 0.31226 0.64746
vt 0.25000 0.64746
vt 0.25000 0.64746
vt 0.31226 0.64746
vt 0.31226 0.66895
vt 0.25000 0.66895
vt 0.25000 0.66895
vt 0.31226 0.66895
vt 0.31226 0.69043
vt 0.25000 0.69043
vt 0.25000 0.69043
vt 0.31226 0.69043
vt 0.31226 0.71045
vt 0.25000 0.71045
vt 0.25000 0.71045
vt 0.31226 0.71045
vt 0.31226 0.72764
vt 0.25000 0.72764
vt 0.25000 0.72764
vt 0.31226 0.72764
vt 0.31226 0.74083
vt 0.25000 0.74083
vt 0.25000 0.74083
vt 0.31226 0.74083
vt 0.31226 0.74912
vt 0.25000 0.74912
vt 0.25000 0.74912
vt 0.31226 0.74912
vt 0.31226 0.75195
vt 0.25000 0.75195
vt 0.31226 0.58594
vt 0.37451 0.58594
vt 0.37451 0.58877
vt 0.31226 0.58877
vt 0.31226 0.58877
vt 0.37451 0.58877
vt 0.37451 0.59706
vt 0.31226 0.59706
vt 0.31226 0.59706
vt 0.37451 0.59706
vt 0.37451 0.61025
vt 0.31226 0.61025
vt 0.31226 0.61025
vt 0.37451 0.61025
vt 0.37451 0.62744
vt 0.31226 0.62744
vt 0.31226 0.62744
vt 0.37451 0.62744
vt 0.37451 0.64746
vt 0.31226 0.64746
vt 0.31226 0.64746
vt 0.37451 0.64746
vt 0.37451 0.66895
vt 0.31226 0.66895
vt 0.31226 0.66895
vt 0.37451 0.66895
vt 0.37451 0.69043
vt 0.31226 0.69043
vt 0.31226 0.69043
vt 0.37451 0.69043
vt 0.37451 0.71045
vt 0.31226 0.71045
vt 0.31226 0.71045
vt 0.37451 0.71045
vt 0.37451 0.72764
vt 0.31226 0.72764
vt 0.31226 0.72764
vt 0.37451 0.72764
vt 0.37451 0.74083
vt 0.31226 0.74083
vt 0.31226 0.74083
vt 0.37451 0.74083
vt 0.37451 0.74912
vt 0.31226 0.74912
vt 0.31226 0.74912
vt 0.37451 0.74912
vt 0.37451 0.75195
vt 0.31226 0.75195
vt 0.37451 0.58594
vt 0.43677 0.58594
vt 0.43677 0.58877
vt 0.37451 0.58877
vt 0.37451 0.58877
vt 0.43677 0.58877
vt 0.43677 0.59706
vt 0.37451 0.59706
vt 0.37451 0.59706
vt 0.43677 0.59706
vt 0.43677 0.61025
vt 0.37451 0.61025
vt 0.37451 0.61025
vt 0.43677 0.61025
vt 0.43677 0.62744
vt 0.37451 0.62744
vt 0.37451 0.62744
vt 0.43677 0.62744
vt 0.43677 0.64746
vt 0.37451 0.64746
vt 0.37451 0.64746
vt 0.43677 0.64746
vt 0.43677 0.66895
vt 0.37451 0.66895
vt 0.37451 0.66895
vt 0.43677 0.66895
vt 0.43677 0.69043
vt 0.37451 0.69043
vt 0.37451 0.69043
vt 0.43677 0.69043
vt 0.43677 0.71045
vt 0.37451 0.71045
vt 0.37451 0.71045
vt 0.43677 0.71045
vt 0.43677 0.72764
vt 0.37451 0.72764
vt 0.37451 0.72764
vt 0.43677 0.72764
vt 0.43677 0.74083
vt 0.37451 0.74083
vt 0.37451 0.74083
vt 0.43677 0.74083
vt 0.43677 0.74912
vt 0.37451 0.74912
vt 0.37451 0.74912
vt 0.43677 0.74912
vt 0.43677 0.75195
vt 0.37451 0.75195
vt 0.43677 0.58594
vt 0.49902 0.58594
vt 0.49902 0.58877
vt 0.43677 0.58877
vt 0.43677 0.58877
vt 0.49902 0.58877
vt 0.49902 0.59706
vt 0.43677 0.59706
vt 0.43677 0.59706
vt 0.49902 0.59706
vt 0.49902 0.61025
vt 0.43677 0.61025
vt 0.43677 0.61025
vt 0.49902 0.61025
vt 0.49902 0.62744
vt 0.43677 0.62744
vt 0.43677 0.62744
vt 0.49902 0.62744
vt 0.49902 0.64746
vt 0.43677 0.64746
vt 0.43677 0.64746
vt 0.49902 0.64746
vt 0.49902 0.66895
vt 0.43677 0.66895
vt 0.43677 0.66895
vt 0.49902 0.66895
vt 0.49902 0.69043
vt 0.43677 0.69043
vt 0.43677 0.69043
vt 0.49902 0.69043
vt 0.49902 0.71045
vt 0.43677 0.71045
vt 0.43677 0.71045
vt 0.49902 0.71045
vt 0.49902 0.72764
vt 0.43677 0.72764
vt 0.43677 0.72764
vt 0.49902 0.72764
vt 0.49902 0.74083
vt 0.43677 0.74083
vt 0.43677 0.74083
vt 0.49902 0.74083
vt 0.49902 0.74912
vt 0.43677 0.74912
vt 0.43677 0.74912
vt 0.49902 0.74912
vt 0.49902 0.75195
vt 0.43677 0.75195
vt 0.49902 0.42275
vt 0.49902 0.58877
vt 0.49902 0.58594
vt 0.49902 0.41992
vt 0.49902 0.43104
vt 0.49902 0.59706
vt 0.49902 0.58877
vt 0.49902 0.42275
vt 0.49902 0.44423
vt 0.49902 0.61025
vt 0.49902 0.59706
vt 0.49902 0.43104
vt 0.49902 0.46143
vt 0.49902 0.62744
vt 0.49902 0.61025
vt 0.49902 0.44423
vt 0.49902 0.48145
vt 0.49902 0.64746
vt 0.49902 0.62744
vt 0.49902 0.46143
vt 0.49902 0.50293
vt 0.49902 0.66895
vt 0.49902 0.64746
vt 0.49902 0.48145
vt 0.49902 0.52441
vt 0.49902 0.69043
vt 0.49902 0.66895
vt 0.49902 0.50293
vt 0.49902 0.54443
vt 0.49902 0.71045
vt 0.49902 0.69043
vt 0.49902 0.52441
vt 0.49902 0.56163
vt 0.49902 0.72764
vt 0.49902 0.71045
vt 0.49902 0.54443
vt 0.49902 0.57482
vt 0.49902 0.74083
vt 0.49902 0.72764
vt 0.49902 0.56163
vt 0.49902 0.58311
vt 0.49902 0.74912
vt 0.49902 0.74083
vt 0.49902 0.57482
vt 0.49902 0.58594
vt 0.49902 0.75195
vt 0.49902 0.74912
vt 0.49902 0.58311
vt 0.50488 0.42228
vt 0.55127 0.42228
vt 0.55127 0.41992
vt 0.50488 0.41992
vt 0.50488 0.42898
vt 0.55127 0.42898
vt 0.55127 0.42228
vt 0.50488 0.42228
vt 0.50488 0.43901
vt 0.55127 0.43901
vt 0.55127 0.42898
vt 0.50488 0.42898
vt 0.50488 0.45085
vt 0.55127 0.45085
vt 0.55127 0.43901
vt 0.50488 0.43901
vt 0.50488 0.46268
vt 0.55127 0.46268
vt 0.55127 0.45085
vt 0.50488 0.45085
vt 0.50488 0.47271
vt 0.55127 0.47271
vt 0.55127 0.46268
vt 0.50488 0.46268
vt 0.50488 0.47942
vt 0.55127 0.47942
vt 0.55127 0.47271
vt 0.50488 0.47271
vt 0.50488 0.48177
vt 0.55127 0.48177
vt 0.55127 0.47942
vt 0.50488 0.47942
vt 0.55127 0.42228
vt 0.59766 0.42228
vt 0.59766 0.41992
vt 0.55127 0.41992
vt 0.55127 0.42898
vt 0.59766 0.42898
vt 0.59766 0.42228
vt 0.55127 0.42228
vt 0.55127 0.43901
vt 0.59766 0.43901
vt 0.59766 0.42898
vt 0.55127 0.42898
vt 0.55127 0.45085
vt 0.59766 0.45085
vt 0.59766 0.43901
vt 0.55127 0.43901
vt 0.55127 0.46268
vt 0.59766 0.46268
vt 0.59766 0.45085
vt 0.55127 0.45085
vt 0.55127 0.47271
vt 0.59766 0.47271
vt 0.59766 0.46268
vt 0.55127 0.46268
vt 0.55127 0.47942
vt 0.59766 0.47942
vt 0.59766 0.47271
vt 0.55127 0.47271
vt 0.55127 0.48177
vt 0.59766 0.48177
vt 0.59766 0.47942
vt 0.55127 0.47942
vt 0.59766 0.42228
vt 0.64404 0.42228
vt 0.64404 0.41992
vt 0.59766 0.41992
vt 0.59766 0.42898
vt 0.64404 0.42898
vt 0.64404 0.42228
vt 0.59766 0.42228
vt 0.59766 0.43901
vt 0.64404 0.43901
vt 0.64404 0.42898
vt 0.59766 0.42898
vt 0.59766 0.45085
vt 0.64404 0.45085
vt 0.64404 0.43901
vt 0.59766 0.43901
vt 0.59766 0.46268
vt 0.64404 0.46268
vt 0.64404 0.45085
vt 0.59766 0.45085
vt 0.59766 0.47271
vt 0.64404 0.47271
vt 0.64404 0.46268
vt 0.59766 0.46268
vt 0.59766 0.47942
vt 0.64404 0.47942
vt 0.64404 0.47271
vt 0.59766 0.47271
vt 0.59766 0.48177
vt 0.64404 0.48177
vt 0.64404 0.47942
vt 0.59766 0.47942
vt 0.64404 0.42228
vt 0.69043 0.42228
vt 0.69043 0.41992
vt 0.64404 0.41992
vt 0.64404 0.42898
vt 0.69043 0.42898
vt 0.69043 0.42228
vt 0.64404 0.42228
vt 0.64404 0.43901
vt 0.69043 0.43901
vt 0.69043 0.42898
vt 0.64404 0.42898
vt 0.64404 0.45085
vt 0.69043 0.45085
vt 0.69043 0.43901
vt 0.64404 0.43901
vt 0.64404 0.46268
vt 0.69043 0.46268
vt 0.69043 0.45085
vt 0.64404 0.45085
vt 0.64404 0.47271
vt 0.69043 0.47271
vt 0.69043 0.46268
vt 0.64404 0.46268
vt 0.64404 0.47942
vt 0.69043 0.47942
vt 0.69043 0.47271
vt 0.64404 0.47271
vt 0.64404 0.48177
vt 0.69043 0.48177
vt 0.69043 0.47942
vt 0.64404 0.47942
vt 0.50488 0.48177
vt 0.55127 0.48177
vt 0.55127 0.48412
vt 0.50488 0.48412
vt 0.50488 0.48412
vt 0.55127 0.48412
vt 0.55127 0.49083
vt 0.50488 0.49083
vt 0.50488 0.49083
vt 0.55127 0.49083
vt 0.55127 0.50086
vt 0.50488 0.50086
vt 0.50488 0.50086
vt 0.55127 0.50086
vt 0.55127 0.51270
vt 0.50488 0.51270
vt 0.50488 0.51270
vt 0.55127 0.51270
vt 0.55127 0.52453
vt 0.50488 0.52453
vt 0.50488 0.52453
vt 0.55127 0.52453
vt 0.55127 0.53456
vt 0.50488 0.53456
vt 0.50488 0.53456
vt 0.55127 0.53456
vt 0.55127 0.54127
vt 0.50488 0.54127
vt 0.50488 0.54127
vt 0.55127 0.54127
vt 0.55127 0.54362
vt 0.50488 0.54362
vt 0.55127 0.48177
vt 0.59766 0.48177
vt 0.59766 0.48412
vt 0.55127 0.48412
vt 0.55127 0.48412
vt 0.59766 0.48412
vt 0.59766 0.49083
vt 0.55127 0.49083
vt 0.55127 0.49083
vt 0.59766 0.49083
vt 0.59766 0.50086
vt 0.55127 0.50086
vt 0.55127 0.50086
vt 0.59766 0.50086
vt 0.59766 0.51270
vt 0.55127 0.51270
vt 0.55127 0.51270
vt 0.59766 0.51270
vt 0.59766 0.52453
vt 0.55127 0.52453
vt 0.55127 0.52453
vt 0.59766 0.52453
vt 0.59766 0.53456
vt 0.55127 0.53456
vt 0.55127 0.53456
vt 0.59766 0.53456
vt 0.59766 0.54127
vt 0.55127 0.54127
vt 0.55127 0.54127
vt 0.59766 0.54127
vt 0.59766 0.54362
vt 0.55127 0.54362
vt 0.59766 0.48177
vt 0.64404 0.48177
vt 0.64404 0.48412
vt 0.59766 0.48412
vt 0.59766 0.48412
vt 0.64404 0.48412
vt 0.64404 0.49083
vt 0.59766 0.49083
vt 0.59766 0.49083
vt 0.64404 0.49083
vt 0.64404 0.50086
vt 0.59766 0.50086
vt 0.59766 0.50086
vt 0.64404 0.50086
vt 0.64404 0.51270
vt 0.59766 0.51270
vt 0.59766 0.51270
vt 0.64404 0.51270
vt 0.64404 0.52453
vt 0.59766 0.52453
vt 0.59766 0.52453
vt 0.64404 0.52453
vt 0.64404 0.53456
vt 0.59766 0.53456
vt 0.59766 0.53456
vt 0.64404 0.53456
vt 0.64404 0.54127
vt 0.59766 0.54127
vt 0.59766 0.54127
vt 0.64404 0.54127
vt 0.64404 0.54362
vt 0.59766 0.54362
vt 0.64404 0.48177
vt 0.69043 0.48177
vt 0.69043 0.48412
vt 0.64404 0.48412
vt 0.64404 0.48412
vt 0.69043 0.48412
vt 0.69043 0.49083
vt 0.64404 0.49083
vt 0.64404 0.49083
vt 0.69043 0.49083
vt 0.69043 0.50086
vt 0.64404 0.50086
vt 0.64404 0.50086
vt 0.69043 0.50086
vt 0.69043 0.51270
vt 0.64404 0.51270
vt 0.64404 0.51270
vt 0.69043 0.51270
vt 0.69043 0.52453
vt 0.64404 0.52453
vt 0.64404 0.52453
vt 0.69043 0.52453
vt 0.69043 0.53456
vt 0.64404 0.53456
vt 0.64404 0.53456
vt 0.69043 0.53456
vt 0.69043 0.54127
vt 0.64404 0.54127
vt 0.64404 0.54127
vt 0.69043 0.54127
vt 0.69043 0.54362
vt 0.64404 0.54362
vt 0.69043 0.42228
vt 0.69043 0.48412
vt 0.69043 0.48177
vt 0.69043 0.41992
vt 0.69043 0.42898
vt 0.69043 0.49083
vt 0.69043 0.48412
vt 0.69043 0.42228
vt 0.69043 0.43901
vt 0.69043 0.50086
vt 0.69043 0.49083
vt 0.69043 0.42898
vt 0.69043 0.45085
vt 0.69043 0.51270
vt 0.69043 0.50086
vt 0.69043 0.43901
vt 0.69043 0.46268
vt 0.69043 0.52453
vt 0.69043 0.51270
vt 0.69043 0.45085
vt 0.69043 0.47271
vt 0.69043 0.53456
vt 0.69043 0.52453
vt 0.69043 0.46268
vt 0.69043 0.47942
vt 0.69043 0.54127
vt 0.69043 0.53456
vt 0.69043 0.47271
vt 0.69043 0.48177
vt 0.69043 0.54362
vt 0.69043 0.54127
vt 0.69043 0.47942
vt 0.50488 0.41992
vt 0.55127 0.41992
vt 0.55127 0.42228
vt 0.50488 0.42228
vt 0.50488 0.42228
vt 0.55127 0.42228
vt 0.55127 0.42898
vt 0.50488 0.42898
vt 0.50488 0.42898
vt 0.55127 0.42898
vt 0.55127 0.43901
vt 0.50488 0.43901
vt 0.50488 0.43901
vt 0.55127 0.43901
vt 0.55127 0.45085
vt 0.50488 0.45085
vt 0.50488 0.45085
vt 0.55127 0.45085
vt 0.55127 0.46268
vt 0.50488 0.46268
vt 0.50488 0.46268
vt 0.55127 0.46268
vt 0.55127 0.47271
vt 0.50488 0.47271
vt 0.50488 0.47271
vt 0.55127 0.47271
vt 0.55127 0.47942
vt 0.50488 0.47942
vt 0.50488 0.47942
vt 0.55127 0.47942
vt 0.55127 0.48177
vt 0.50488 0.48177
vt 0.55127 0.41992
vt 0.59766 0.41992
vt 0.59766 0.42228
vt 0.55127 0.42228
vt 0.55127 0.42228
vt 0.59766 0.42228
vt 0.59766 0.42898
vt 0.55127 0.42898
vt 0.55127 0.42898
vt 0.59766 0.42898
vt 0.59766 0.43901
vt 0.55127 0.43901
vt 0.55127 0.43901
vt 0.59766 0.43901
vt 0.59766 0.45085
vt 0.55127 0.45085
vt 0.55127 0.45085
vt 0.59766 0.45085
vt 0.59766 0.46268
vt 0.55127 0.46268
vt 0.55127 0.46268
vt 0.59766 0.46268
vt 0.59766 0.47271
vt 0.55127 0.47271
vt 0.55127 0.47271
vt 0.59766 0.47271
vt 0.59766 0.47942
vt 0.55127 0.47942
vt 0.55127 0.47942
vt 0.59766 0.47942
vt 0.59766 0.48177
vt 0.55127 0.48177
vt 0.59766 0.41992
vt 0.64404 0.41992
vt 0.64404 0.42228
vt 0.59766 0.42228
vt 0.59766 0.42228
vt 0.64404 0.42228
vt 0.64404 0.42898
vt 0.59766 0.42898
vt 0.59766 0.42898
vt 0.64404 0.42898
vt 0.64404 0.43901
vt 0.59766 0.43901
vt 0.59766 0.43901
vt 0.64404 0.43901
vt 0.64404 0.45085
vt 0.59766 0.45085
vt 0.59766 0.45085
vt 0.64404 0.45085
vt 0.64404 0.46268
vt 0.59766 0.46268
vt 0.59766 0.46268
vt 0.64404 0.46268
vt 0.64404 0.47271
vt 0.59766 0.47271
vt 0.59766 0.47271
vt 0.64404 0.47271
vt 0.64404 0.47942
vt 0.59766 0.47942
vt 0.59766 0.47942
vt 0.64404 0.47942
vt 0.64404 0.48177
vt 0.59766 0.48177
vt 0.64404 0.41992
vt 0.69043 0.41992
vt 0.69043 0.42228
vt 0.64404 0.42228
vt 0.64404 0.42228
vt 0.69043 0.42228
vt 0.69043 0.42898
vt 0.64404 0.42898
vt 0.64404 0.42898
vt 0.69043 0.42898
vt 0.69043 0.43901
vt 0.64404 0.43901
vt 0.64404 0.43901
vt 0.69043 0.43901
vt 0.69043 0.45085
vt 0.64404 0.45085
vt 0.64404 0.45085
vt 0.69043 0.45085
vt 0.69043 0.46268
vt 0.64404 0.46268
vt 0.64404 0.46268
vt 0.69043 0.46268
vt 0.69043 0.47271
vt 0.64404 0.47271
vt 0.64404 0.47271
vt 0.69043 0.47271
vt 0.69043 0.47942
vt 0.64404 0.47942
vt 0.64404 0.47942
vt 0.69043 0.47942
vt 0.69043 0.48177
vt 0.64404 0.48177
vt 0.50488 0.48412
vt 0.55127 0.48412
vt 0.55127 0.48177
vt 0.50488 0.48177
vt 0.50488 0.49083
vt 0.55127 0.49083
vt 0.55127 0.48412
vt 0.50488 0.48412
vt 0.50488 0.50086
vt 0.55127 0.50086
vt 0.55127 0.49083
vt 0.50488 0.49083
vt 0.50488 0.51270
vt 0.55127 0.51270
vt 0.55127 0.50086
vt 0.50488 0.50086
vt 0.50488 0.52453
vt 0.55127 0.52453
vt 0.55127 0.51270
vt 0.50488 0.51270
vt 0.50488 0.53456
vt 0.55127 0.53456
vt 0.55127 0.52453
vt 0.50488 0.52453
vt 0.50488 0.54127
vt 0.55127 0.54127
vt 0.55127 0.53456
vt 0.50488 0.53456
vt 0.50488 0.54362
vt 0.55127 0.54362
vt 0.55127 0.54127
vt 0.50488 0.54127
vt 0.55127 0.48412
vt 0.59766 0.48412
vt 0.59766 0.48177
vt 0.55127 0.48177
vt 0.55127 0.49083
vt 0.59766 0.49083
vt 0.59766 0.48412
vt 0.55127 0.48412
vt 0.55127 0.50086
vt 0.59766 0.50086
vt 0.59766 0.49083
vt 0.55127 0.49083
vt 0.55127 0.51270
vt 0.59766 0.51270
vt 0.59766 0.50086
vt 0.55127 0.50086
vt 0.55127 0.52453
vt 0.59766 0.52453
vt 0.59766 0.51270
vt 0.55127 0.51270
vt 0.55127 0.53456
vt 0.59766 0.53456
vt 0.59766 0.52453
vt 0.55127 0.52453
vt 0.55127 0.54127
vt 0.59766 0.54127
vt 0.59766 0.53456
vt 0.55127 0.53456
vt 0.55127 0.54362
vt 0.59766 0.54362
vt 0.59766 0.54127
vt 0.55127 0.54127
vt 0.59766 0.48412
vt 0.64404 0.48412
vt 0.64404 0.48177
vt 0.59766 0.48177
vt 0.59766 0.49083
vt 0.64404 0.49083
vt 0.64404 0.48412
vt 0.59766 0.48412
vt 0.59766 0.50086
vt 0.64404 0.50086
vt 0.64404 0.49083
vt 0.59766 0.49083
vt 0.59766 0.51270
vt 0.64404 0.51270
vt 0.64404 0.50086
vt 0.59766 0.50086
vt 0.59766 0.52453
vt 0.64404 0.52453
vt 0.64404 0.51270
vt 0.59766 0.51270
vt 0.59766 0.53456
vt 0.64404 0.53456
vt 0.64404 0.52453
vt 0.59766 0.52453
vt 0.59766 0.54127
vt 0.64404 0.54127
vt 0.64404 0.53456
vt 0.59766 0.53456
vt 0.59766 0.54362
vt 0.64404 0.54362
vt 0.64404 0.54127
vt 0.59766 0.54127
vt 0.64404 0.48412
vt 0.69043 0.48412
vt 0.69043 0.48177
vt 0.64404 0.48177
vt 0.64404 0.49083
vt 0.69043 0.49083
vt 0.69043 0.48412
vt 0.64404 0.48412
vt 0.64404 0.50086
vt 0.69043 0.50086
vt 0.69043 0.49083
vt 0.64404 0.49083
vt 0.64404 0.51270
vt 0.69043 0.51270
vt 0.69043 0.50086
vt 0.64404 0.50086
vt 0.64404 0.52453
vt 0.69043 0.52453
vt 0.69043 0.51270
vt 0.64404 0.51270
vt 0.64404 0.53456
vt 0.69043 0.53456
vt 0.69043 0.52453
vt 0.64404 0.52453
vt 0.64404 0.54127
vt 0.69043 0.54127
vt 0.69043 0.53456
vt 0.64404 0.53456
vt 0.64404 0.54362
vt 0.69043 0.54362
vt 0.69043 0.54127
vt 0.64404 0.54127
vt 0.69043 0.41992
vt 0.69043 0.48177
vt 0.69043 0.48412
vt 0.69043 0.42228
vt 0.69043 0.42228
vt 0.69043 0.48412
vt 0.69043 0.49083
vt 0.69043 0.42898
vt 0.69043 0.42898
vt 0.69043 0.49083
vt 0.69043 0.50086
vt 0.69043 0.43901
vt 0.69043 0.43901
vt 0.69043 0.50086
vt 0.69043 0.51270
vt 0.69043 0.45085
vt 0.69043 0.45085
vt 0.69043 0.51270
vt 0.69043 0.52453
vt 0.69043 0.46268
vt 0.69043 0.46268
vt 0.69043 0.52453
vt 0.69043 0.53456
vt 0.69043 0.47271
vt 0.69043 0.47271
vt 0.69043 0.53456
vt 0.69043 0.54127
vt 0.69043 0.47942
vt 0.69043 0.47942
vt 0.69043 0.54127
vt 0.69043 0.54362
vt 0.69043 0.48177
vn 0.0485 -0.5540 0.8311
vn 0.0964 -0.5468 0.8317
vn 0.0000 0.0000 1.0000
vn 0.0000 0.0000 1.0000
vn 0.0745 -0.8115 0.5796
vn 0.1483 -0.8010 0.5800
vn 0.0964 -0.5468 0.8317
vn 0.0485 -0.5540 0.8311
vn 0.0891 -0.9507 0.2971
vn 0.1773 -0.9383 0.2971
vn 0.1483 -0.8010 0.5800
vn 0.0745 -0.8115 0.5796
vn 0.0945 -0.9899 0.1061
vn 0.1878 -0.9765 0.1061
vn 0.1773 -0.9383 0.2971
vn 0.0891 -0.9507 0.2971
vn 0.0947 -0.9955 0.0100
vn 0.1882 -0.9821 0.0100
vn 0.1878 -0.9765 0.1061
vn 0.0945 -0.9899 0.1061
vn 0.0946 -0.9955 0.0012
vn 0.1880 -0.9822 0.0012
vn 0.1882 -0.9821 0.0100
vn 0.0947 -0.9955 0.0100
vn 0.0946 -0.9955 -0.0085
vn 0.1880 -0.9821 -0.0085
vn 0.1880 -0.9822 0.0012
vn 0.0946 -0.9955 0.0012
vn 0.0922 -0.9932 -0.0709
vn 0.1834 -0.9805 -0.0708
vn 0.1880 -0.9821 -0.0085
vn 0.0946 -0.9955 -0.0085
vn 0.0882 -0.9720 -0.2179
vn 0.1756 -0.9601 -0.2177
vn 0.1834 -0.9805 -0.0708
vn 0.0922 -0.9932 -0.0709
vn 0.0780 -0.8917 -0.4459
vn 0.1554 -0.8813 -0.4463
vn 0.1756 -0.9601 -0.2177
vn 0.0882 -0.9720 -0.2179
vn 0.0617 -0.7058 -0.7058
vn 0.1228 -0.6964 -0.7071
vn 0.1554 -0.8813 -0.4463
vn 0.0780 -0.8917 -0.4459
vn 0.0795 -0.9090 -0.4091
vn 0.1584 -0.8981 -0.4104
vn 0.1228 -0.6964 -0.7071
vn 0.0617 -0.7058 -0.7058
vn 0.0832 -0.9512 -0.2972
vn 0.1657 -0.9400 -0.2983
vn 0.1584 -0.8981 -0.4104
vn 0.0795 -0.9090 -0.4091
vn 0.0000 0.0000 -1.0000
vn 0.0000 0.0000 -1.0000
vn 0.1657 -0.9400 -0.2983
vn 0.0832 -0.9512 -0.2972
vn 0.0964 -0.5468 0.8317
vn 0.1905 -0.5233 0.8306
vn 0.0000 0.0000 1.0000
vn 0.0000 0.0000 1.0000
vn 0.1483 -0.8010 0.5800
vn 0.2917 -0.7633 0.5765
vn 0.1905 -0.5233 0.8306
vn 0.0964 -0.5468 0.8317
vn 0.1773 -0.9383 0.2971
vn 0.3473 -0.8906 0.2937
vn 0.2917 -0.7633 0.5765
vn 0.1483 -0.8010 0.5800
vn 0.1878 -0.9765 0.1061
vn 0.3670 -0.9243 0.1047
vn 0.3473 -0.8906 0.2937
vn 0.1773 -0.9383 0.2971
vn 0.1882 -0.9821 0.0100
vn 0.3679 -0.9298 0.0100
vn 0.3670 -0.9243 0.1047
vn 0.1878 -0.9765 0.1061
vn 0.1880 -0.9822 0.0012
vn 0.3675 -0.9300 0.0012
vn 0.3679 -0.9298 0.0100
vn 0.1882 -0.9821 0.0100
vn 0.1880 -0.9821 -0.0085
vn 0.3675 -0.9300 -0.0082
vn 0.3675 -0.9300 0.0012
vn 0.1880 -0.9822 0.0012
vn 0.1834 -0.9805 -0.0708
vn 0.3593 -0.9306 -0.0695
vn 0.3675 -0.9300 -0.0082
vn 0.1880 -0.9821 -0.0085
vn 0.1756 -0.9601 -0.2177
vn 0.3449 -0.9137 -0.2148
vn 0.3593 -0.9306 -0.0695
vn 0.1834 -0.9805 -0.0708
vn 0.1554 -0.8813 -0.4463
vn 0.3065 -0.8421 -0.4437
vn 0.3449 -0.9137 -0.2148
vn 0.1756 -0.9601 -0.2177
vn 0.1228 -0.6964 -0.7071
vn 0.2418 -0.6645 -0.7071
vn 0.3065 -0.8421 -0.4437
vn 0.1554 -0.8813 -0.4463
vn 0.1584 -0.8981 -0.4104
vn 0.3119 -0.8569 -0.4104
vn 0.2418 -0.6645 -0.7071
vn 0.1228 -0.6964 -0.7071
vn 0.1657 -0.9400 -0.2983
vn 0.3265 -0.8969 -0.2983
vn 0.3119 -0.8569 -0.4104
vn 0.1584 -0.8981 -0.4104
vn 0.0000 0.0000 -1.0000
vn 0.0000 0.0000 -1.0000
vn 0.3265 -0.8969 -0.2983
vn 0.1657 -0.9400 -0.2983
vn 0.1905 -0.5233 0.8306
vn 0.2797 -0.4844 0.8290
vn 0.0000 0.0000 1.0000
vn 0.0000 0.0000 1.0000
vn 0.2917 -0.7633 0.5765
vn 0.4256 -0.7020 0.5710
vn 0.2797 -0.4844 0.8290
vn 0.1905 -0.5233 0.8306
vn 0.3473 -0.8906 0.2937
vn 0.5037 -0.8143 0.2886
vn 0.4256 -0.7020 0.5710
vn 0.2917 -0.7633 0.5765
vn 0.3670 -0.9243 0.1047
vn 0.5301 -0.8417 0.1027
vn 0.5037 -0.8143 0.2886
vn 0.3473 -0.8906 0.2937
vn 0.3679 -0.9298 0.0100
vn 0.5315 -0.8470 0.0100
vn 0.5301 -0.8417 0.1027
vn 0.3670 -0.9243 0.1047
vn 0.3675 -0.9300 0.0012
vn 0.5311 -0.8473 0.0012
vn 0.5315 -0.8470 0.0100
vn 0.3679 -0.9298 0.0100
vn 0.3675 -0.9300 -0.0082
vn 0.5311 -0.8473 -0.0078
vn 0.5311 -0.8473 0.0012
vn 0.3675 -0.9300 0.0012
vn 0.3593 -0.9306 -0.0695
vn 0.5210 -0.8509 -0.0675
vn 0.5311 -0.8473 -0.0078
vn 0.3675 -0.9300 -0.0082
vn 0.3449 -0.9137 -0.2148
vn 0.5022 -0.8388 -0.2104
vn 0.5210 -0.8509 -0.0675
vn 0.3593 -0.9306 -0.0695
vn 0.3065 -0.8421 -0.4437
vn 0.4491 -0.7778 -0.4397
vn 0.5022 -0.8388 -0.2104
vn 0.3449 -0.9137 -0.2148
vn 0.2418 -0.6645 -0.7071
vn 0.3536 -0.6124 -0.7071
vn 0.4491 -0.7778 -0.4397
vn 0.3065 -0.8421 -0.4437
vn 0.3119 -0.8569 -0.4104
vn 0.4560 -0.7897 -0.4104
vn 0.3536 -0.6124 -0.7071
vn 0.2418 -0.6645 -0.7071
vn 0.3265 -0.8969 -0.2983
vn 0.4772 -0.8266 -0.2983
vn 0.4560 -0.7897 -0.4104
vn 0.3119 -0.8569 -0.4104
vn 0.0000 0.0000 -1.0000
vn 0.0000 0.0000 -1.0000
vn 0.4772 -0.8266 -0.2983
vn 0.3265 -0.8969 -0.2983
vn 0.2797 -0.4844 0.8290
vn 0.3615 -0.4308 0.8269
vn 0.0000 0.0000 1.0000
vn 0.0000 0.0000 1.0000
vn 0.4256 -0.7020 0.5710
vn 0.5457 -0.6194 0.5644
vn 0.3615 -0.4308 0.8269
vn 0.2797 -0.4844 0.8290
vn 0.5037 -0.8143 0.2886
vn 0.6414 -0.7134 0.2824
vn 0.5457 -0.6194 0.5644
vn 0.4256 -0.7020 0.5710
vn 0.5301 -0.8417 0.1027
vn 0.6718 -0.7339 0.1003
vn 0.6414 -0.7134 0.2824
vn 0.5037 -0.8143 0.2886
vn 0.5315 -0.8470 0.0100
vn 0.6738 -0.7388 0.0100
vn 0.6718 -0.7339 0.1003
vn 0.5301 -0.8417 0.1027
vn 0.5311 -0.8473 0.0012
vn 0.6735 -0.7392 0.0012
vn 0.6738 -0.7388 0.0100
vn 0.5315 -0.8470 0.0100
vn 0.5311 -0.8473 -0.0078
vn 0.6734 -0.7392 -0.0073
vn 0.6735 -0.7392 0.0012
vn 0.5311 -0.8473 0.0012
vn 0.5210 -0.8509 -0.0675
vn 0.6634 -0.7454 -0.0652
vn 0.6734 -0.7392 -0.0073
vn 0.5311 -0.8473 -0.0078
vn 0.5022 -0.8388 -0.2104
vn 0.6425 -0.7383 -0.2051
vn 0.6634 -0.7454 -0.0652
vn 0.5210 -0.8509 -0.0675
vn 0.4491 -0.7778 -0.4397
vn 0.5789 -0.6899 -0.4348
vn 0.6425 -0.7383 -0.2051
vn 0.5022 -0.8388 -0.2104
vn 0.3536 -0.6124 -0.7071
vn 0.4545 -0.5417 -0.7071
vn 0.5789 -0.6899 -0.4348
vn 0.4491 -0.7778 -0.4397
vn 0.4560 -0.7897 -0.4104
vn 0.5862 -0.6986 -0.4104
vn 0.4545 -0.5417 -0.7071
vn 0.3536 -0.6124 -0.7071
vn 0.4772 -0.8266 -0.2983
vn 0.6135 -0.7312 -0.2983
vn 0.5862 -0.6986 -0.4104
vn 0.4560 -0.7897 -0.4104
vn 0.0000 0.0000 -1.0000
vn 0.0000 0.0000 -1.0000
vn 0.6135 -0.7312 -0.2983
vn 0.4772 -0.8266 -0.2983
vn 0.3615 -0.4308 0.8269
vn 0.4333 -0.3636 0.8247
vn 0.0000 0.0000 1.0000
vn 0.0000 0.0000 1.0000
vn 0.5457 -0.6194 0.5644
vn 0.6486 -0.5183 0.5574
vn 0.4333 -0.3636 0.8247
vn 0.3615 -0.4308 0.8269
vn 0.6414 -0.7134 0.2824
vn 0.7567 -0.5926 0.2760
vn 0.6486 -0.5183 0.5574
vn 0.5457 -0.6194 0.5644
vn 0.6718 -0.7339 0.1003
vn 0.7888 -0.6068 0.0979
vn 0.7567 -0.5926 0.2760
vn 0.6414 -0.7134 0.2824
vn 0.6738 -0.7388 0.0100
vn 0.7915 -0.6110 0.0100
vn 0.7888 -0.6068 0.0979
vn 0.6718 -0.7339 0.1003
vn 0.6735 -0.7392 0.0012
vn 0.7912 -0.6115 0.0012
vn 0.7915 -0.6110 0.0100
vn 0.6738 -0.7388 0.0100
vn 0.6734 -0.7392 -0.0073
vn 0.7912 -0.6115 -0.0068
vn 0.7912 -0.6115 0.0012
vn 0.6735 -0.7392 0.0012
vn 0.6634 -0.7454 -0.0652
vn 0.7827 -0.6192 -0.0627
vn 0.7912 -0.6115 -0.0068
vn 0.6734 -0.7392 -0.0073
vn 0.6425 -0.7383 -0.2051
vn 0.7618 -0.6164 -0.1995
vn 0.7827 -0.6192 -0.0627
vn 0.6634 -0.7454 -0.0652
vn 0.5789 -0.6899 -0.4348
vn 0.6918 -0.5805 -0.4295
vn 0.7618 -0.6164 -0.1995
vn 0.6425 -0.7383 -0.2051
vn 0.4545 -0.5417 -0.7071
vn 0.5417 -0.4545 -0.7071
vn 0.6918 -0.5805 -0.4295
vn 0.5789 -0.6899 -0.4348
vn 0.5862 -0.6986 -0.4104
vn 0.6986 -0.5862 -0.4104
vn 0.5417 -0.4545 -0.7071
vn 0.4545 -0.5417 -0.7071
vn 0.6135 -0.7312 -0.2983
vn 0.7312 -0.6135 -0.2983
vn 0.6986 -0.5862 -0.4104
vn 0.5862 -0.6986 -0.4104
vn 0.0000 0.0000 -1.0000
vn 0.0000 0.0000 -1.0000
vn 0.7312 -0.6135 -0.2983
vn 0.6135 -0.7312 -0.2983
vn 0.4333 -0.3636 0.8247
vn 0.4925 -0.2843 0.8226
vn 0.0000 0.0000 1.0000
vn 0.0000 0.0000 1.0000
vn 0.6486 -0.5183 0.5574
vn 0.7314 -0.4021 0.5508
vn 0.4925 -0.2843 0.8226
vn 0.4333 -0.3636 0.8247
vn 0.7567 -0.5926 0.2760
vn 0.8476 -0.4567 0.2702
vn 0.7314 -0.4021 0.5508
vn 0.6486 -0.5183 0.5574
vn 0.7888 -0.6068 0.0979
vn 0.8798 -0.4656 0.0957
vn 0.8476 -0.4567 0.2702
vn 0.7567 -0.5926 0.2760
vn 0.7915 -0.6110 0.0100
vn 0.8831 -0.4691 0.0100
vn 0.8798 -0.4656 0.0957
vn 0.7888 -0.6068 0.0979
vn 0.7912 -0.6115 0.0012
vn 0.8829 -0.4695 0.0012
vn 0.8831 -0.4691 0.0100
vn 0.7915 -0.6110 0.0100
vn 0.7912 -0.6115 -0.0068
vn 0.8829 -0.4695 -0.0064
vn 0.8829 -0.4695 0.0012
vn 0.7912 -0.6115 0.0012
vn 0.7827 -0.6192 -0.0627
vn 0.8767 -0.4772 -0.0604
vn 0.8829 -0.4695 -0.0064
vn 0.7912 -0.6115 -0.0068
vn 0.7618 -0.6164 -0.1995
vn 0.8571 -0.4772 -0.1942
vn 0.8767 -0.4772 -0.0604
vn 0.7827 -0.6192 -0.0627
vn 0.6918 -0.5805 -0.4295
vn 0.7842 -0.4527 -0.4244
vn 0.8571 -0.4772 -0.1942
vn 0.7618 -0.6164 -0.1995
vn 0.5417 -0.4545 -0.7071
vn 0.6124 -0.3536 -0.7071
vn 0.7842 -0.4527 -0.4244
vn 0.6918 -0.5805 -0.4295
vn 0.6986 -0.5862 -0.4104
vn 0.7897 -0.4560 -0.4104
vn 0.6124 -0.3536 -0.7071
vn 0.5417 -0.4545 -0.7071
vn 0.7312 -0.6135 -0.2983
vn 0.8266 -0.4772 -0.2983
vn 0.7897 -0.4560 -0.4104
vn 0.6986 -0.5862 -0.4104
vn 0.0000 0.0000 -1.0000
vn 0.0000 0.0000 -1.0000
vn 0.8266 -0.4772 -0.2983
vn 0.7312 -0.6135 -0.2983
vn 0.4925 -0.2843 0.8226
vn 0.5368 -0.1954 0.8208
vn 0.0000 0.0000 1.0000
vn 0.0000 0.0000 1.0000
vn 0.7314 -0.4021 0.5508
vn 0.7919 -0.2745 0.5454
vn 0.5368 -0.1954 0.8208
vn 0.4925 -0.2843 0.8226
vn 0.8476 -0.4567 0.2702
vn 0.9129 -0.3101 0.2655
vn 0.7919 -0.2745 0.5454
vn 0.7314 -0.4021 0.5508
vn 0.8798 -0.4656 0.0957
vn 0.9444 -0.3151 0.0940
vn 0.9129 -0.3101 0.2655
vn 0.8476 -0.4567 0.2702
vn 0.8831 -0.4691 0.0100
vn 0.9482 -0.3175 0.0100
vn 0.9444 -0.3151 0.0940
vn 0.8798 -0.4656 0.0957
vn 0.8829 -0.4695 0.0012
vn 0.9481 -0.3179 0.0012
vn 0.9482 -0.3175 0.0100
vn 0.8831 -0.4691 0.0100
vn 0.8829 -0.4695 -0.0064
vn 0.9481 -0.3178 -0.0060
vn 0.9481 -0.3179 0.0012
vn 0.8829 -0.4695 0.0012
vn 0.8767 -0.4772 -0.0604
vn 0.9442 -0.3240 -0.0586
vn 0.9481 -0.3178 -0.0060
vn 0.8829 -0.4695 -0.0064
vn 0.8571 -0.4772 -0.1942
vn 0.9264 -0.3251 -0.1900
vn 0.9442 -0.3240 -0.0586
vn 0.8767 -0.4772 -0.0604
vn 0.7842 -0.4527 -0.4244
vn 0.8527 -0.3103 -0.4203
vn 0.9264 -0.3251 -0.1900
vn 0.8571 -0.4772 -0.1942
vn 0.6124 -0.3536 -0.7071
vn 0.6645 -0.2418 -0.7071
vn 0.8527 -0.3103 -0.4203
vn 0.7842 -0.4527 -0.4244
vn 0.7897 -0.4560 -0.4104
vn 0.8569 -0.3119 -0.4104
vn 0.6645 -0.2418 -0.7071
vn 0.6124 -0.3536 -0.7071
vn 0.8266 -0.4772 -0.2983
vn 0.8969 -0.3265 -0.2983
vn 0.8569 -0.3119 -0.4104
vn 0.7897 -0.4560 -0.4104
vn 0.0000 0.0000 -1.0000
vn 0.0000 0.0000 -1.0000
vn 0.8969 -0.3265 -0.2983
vn 0.8266 -0.4772 -0.2983
vn 0.5368 -0.1954 0.8208
vn 0.5642 -0.0995 0.8196
vn 0.0000 0.0000 1.0000
vn 0.0000 0.0000 1.0000
vn 0.7919 -0.2745 0.5454
vn 0.8288 -0.1392 0.5420
vn 0.5642 -0.0995 0.8196
vn 0.5368 -0.1954 0.8208
vn 0.9129 -0.3101 0.2655
vn 0.9521 -0.1567 0.2625
vn 0.8288 -0.1392 0.5420
vn 0.7919 -0.2745 0.5454
vn 0.9444 -0.3151 0.0940
vn 0.9829 -0.1589 0.0928
vn 0.9521 -0.1567 0.2625
vn 0.9129 -0.3101 0.2655
vn 0.9482 -0.3175 0.0100
vn 0.9870 -0.1601 0.0100
vn 0.9829 -0.1589 0.0928
vn 0.9444 -0.3151 0.0940
vn 0.9481 -0.3179 0.0012
vn 0.9871 -0.1603 0.0012
vn 0.9870 -0.1601 0.0100
vn 0.9482 -0.3175 0.0100
vn 0.9481 -0.3178 -0.0060
vn 0.9871 -0.1603 -0.0058
vn 0.9871 -0.1603 0.0012
vn 0.9481 -0.3179 0.0012
vn 0.9442 -0.3240 -0.0586
vn 0.9848 -0.1637 -0.0575
vn 0.9871 -0.1603 -0.0058
vn 0.9481 -0.3178 -0.0060
vn 0.9264 -0.3251 -0.1900
vn 0.9684 -0.1647 -0.1873
vn 0.9848 -0.1637 -0.0575
vn 0.9442 -0.3240 -0.0586
vn 0.8527 -0.3103 -0.4203
vn 0.8948 -0.1578 -0.4176
vn 0.9684 -0.1647 -0.1873
vn 0.9264 -0.3251 -0.1900
vn 0.6645 -0.2418 -0.7071
vn 0.6964 -0.1228 -0.7071
vn 0.8948 -0.1578 -0.4176
vn 0.8527 -0.3103 -0.4203
vn 0.8569 -0.3119 -0.4104
vn 0.8981 -0.1584 -0.4104
vn 0.6964 -0.1228 -0.7071
vn 0.6645 -0.2418 -0.7071
vn 0.8969 -0.3265 -0.2983
vn 0.9400 -0.1657 -0.2983
vn 0.8981 -0.1584 -0.4104
vn 0.8569 -0.3119 -0.4104
vn 0.0000 0.0000 -1.0000
vn 0.0000 0.0000 -1.0000
vn 0.9400 -0.1657 -0.2983
vn 0.8969 -0.3265 -0.2983
vn 0.5642 -0.0995 0.8196
vn 0.5735 -0.0000 0.8192
vn 0.0000 0.0000 1.0000
vn 0.0000 0.0000 1.0000
vn 0.8288 -0.1392 0.5420
vn 0.8412 -0.0000 0.5408
vn 0.5735 -0.0000 0.8192
vn 0.5642 -0.0995 0.8196
vn 0.9521 -0.1567 0.2625
vn 0.9652 -0.0000 0.2614
vn 0.8412 -0.0000 0.5408
vn 0.8288 -0.1392 0.5420
vn 0.9829 -0.1589 0.0928
vn 0.9957 -0.0000 0.0925
vn 0.9652 -0.0000 0.2614
vn 0.9521 -0.1567 0.2625
vn 0.9870 -0.1601 0.0100
vn 1.0000 -0.0000 0.0100
vn 0.9957 -0.0000 0.0925
vn 0.9829 -0.1589 0.0928
vn 0.9871 -0.1603 0.0012
vn 1.0000 -0.0000 0.0012
vn 1.0000 -0.0000 0.0100
vn 0.9870 -0.1601 0.0100
vn 0.9871 -0.1603 -0.0058
vn 1.0000 -0.0000 -0.0057
vn 1.0000 -0.0000 0.0012
vn 0.9871 -0.1603 0.0012
vn 0.9848 -0.1637 -0.0575
vn 0.9984 -0.0000 -0.0570
vn 1.0000 -0.0000 -0.0057
vn 0.9871 -0.1603 -0.0058
vn 0.9684 -0.1647 -0.1873
vn 0.9825 -0.0000 -0.1863
vn 0.9984 -0.0000 -0.0570
vn 0.9848 -0.1637 -0.0575
vn 0.8948 -0.1578 -0.4176
vn 0.9091 -0.0000 -0.4167
vn 0.9825 -0.0000 -0.1863
vn 0.9684 -0.1647 -0.1873
vn 0.6964 -0.1228 -0.7071
vn 0.7071 -0.0000 -0.7071
vn 0.9091 -0.0000 -0.4167
vn 0.8948 -0.1578 -0.4176
vn 0.8981 -0.1584 -0.4104
vn 0.9119 -0.0000 -0.4104
vn 0.7071 -0.0000 -0.7071
vn 0.6964 -0.1228 -0.7071
vn 0.9400 -0.1657 -0.2983
vn 0.9545 -0.0000 -0.2983
vn 0.9119 -0.0000 -0.4104
vn 0.8981 -0.1584 -0.4104
vn 0.0000 0.0000 -1.0000
vn 0.0000 0.0000 -1.0000
vn 0.9545 -0.0000 -0.2983
vn 0.9400 -0.1657 -0.2983
vn 0.5735 -0.0000 0.8192
vn 0.5642 0.0995 0.8196
vn 0.0000 0.0000 1.0000
vn 0.0000 0.0000 1.0000
vn 0.8412 -0.0000 0.5408
vn 0.8288 0.1392 0.5420
vn 0.5642 0.0995 0.8196
vn 0.5735 -0.0000 0.8192
vn 0.9652 -0.0000 0.2614
vn 0.9521 0.1567 0.2625
vn 0.8288 0.1392 0.5420
vn 0.8412 -0.0000 0.5408
vn 0.9957 -0.0000 0.0925
vn 0.9829 0.1589 0.0928
vn 0.9521 0.1567 0.2625
vn 0.9652 -0.0000 0.2614
vn 1.0000 -0.0000 0.0100
vn 0.9870 0.1601 0.0100
vn 0.9829 0.1589 0.0928
vn 0.9957 -0.0000 0.0925
vn 1.0000 -0.0000 0.0012
vn 0.9871 0.1603 0.0012
vn 0.9870 0.1601 0.0100
vn 1.0000 -0.0000 0.0100
vn 1.0000 -0.0000 -0.0057
vn 0.9871 0.1603 -0.0058
vn 0.9871 0.1603 0.0012
vn 1.0000 -0.0000 0.0012
vn 0.9984 -0.0000 -0.0570
vn 0.9848 0.1637 -0.0575
vn 0.9871 0.1603 -0.0058
vn 1.0000 -0.0000 -0.0057
vn 0.9825 -0.0000 -0.1863
vn 0.9684 0.1647 -0.1873
vn 0.9848 0.1637 -0.0575
vn 0.9984 -0.0000 -0.0570
vn 0.9091 -0.0000 -0.4167
vn 0.8948 0.1578 -0.4176
vn 0.9684 0.1647 -0.1873
vn 0.9825 -0.0000 -0.1863
vn 0.7071 -0.0000 -0.7071
vn 0.6964 0.1228 -0.7071
vn 0.8948 0.1578 -0.4176
vn 0.9091 -0.0000 -0.4167
vn 0.9119 -0.0000 -0.4104
vn 0.8981 0.1584 -0.4104
vn 0.6964 0.1228 -0.7071
vn 0.7071 -0.0000 -0.7071
vn 0.9545 -0.0000 -0.2983
vn 0.9400 0.1657 -0.2983
vn 0.8981 0.1584 -0.4104
vn 0.9119 -0.0000 -0.4104
vn 0.0000 0.0000 -1.0000
vn 0.0000 0.0000 -1.0000
vn 0.9400 0.1657 -0.2983
vn 0.9545 -0.0000 -0.2983
vn 0.5642 0.0995 0.8196
vn 0.5368 0.1954 0.8208
vn 0.0000 0.0000 1.0000
vn 0.0000 0.0000 1.0000
vn 0.8288 0.1392 0.5420
vn 0.7919 0.2745 0.5454
vn 0.5368 0.1954 0.8208
vn 0.5642 0.0995 0.8196
vn 0.9521 0.1567 0.2625
vn 0.9129 0.3101 0.2655
vn 0.7919 0.2745 0.5454
vn 0.8288 0.1392 0.5420
vn 0.9829 0.1589 0.0928
vn 0.9444 0.3151 0.0940
vn 0.9129 0.3101 0.2655
vn 0.9521 0.1567 0.2625
vn 0.9870 0.1601 0.0100
vn 0.9482 0.3175 0.0100
vn 0.9444 0.3151 0.0940
vn 0.9829 0.1589 0.0928
vn 0.9871 0.1603 0.0012
vn 0.9481 0.3179 0.0012
vn 0.9482 0.3175 0.0100
vn 0.9870 0.1601 0.0100
vn 0.9871 0.1603 -0.0058
vn 0.9481 0.3178 -0.0060
vn 0.9481 0.3179 0.0012
vn 0.9871 0.1603 0.0012
vn 0.9848 0.1637 -0.0575
vn 0.9442 0.3240 -0.0586
vn 0.9481 0.3178 -0.0060
vn 0.9871 0.1603 -0.0058
vn 0.9684 0.1647 -0.1873
vn 0.9264 0.3251 -0.1900
vn 0.9442 0.3240 -0.0586
vn 0.9848 0.1637 -0.0575
vn 0.8948 0.1578 -0.4176
vn 0.8527 0.3103 -0.4203
vn 0.9264 0.3251 -0.1900
vn 0.9684 0.1647 -0.1873
vn 0.6964 0.1228 -0.7071
vn 0.6645 0.2418 -0.7071
vn 0.8527 0.3103 -0.4203
vn 0.8948 0.1578 -0.4176
vn 0.8981 0.1584 -0.4104
vn 0.8569 0.3119 -0.4104
vn 0.6645 0.2418 -0.7071
vn 0.6964 0.1228 -0.7071
vn 0.9400 0.1657 -0.2983
vn 0.8969 0.3265 -0.2983
vn 0.8569 0.3119 -0.4104
vn 0.8981 0.1584 -0.4104
vn 0.0000 0.0000 -1.0000
vn 0.0000 0.0000 -1.0000
vn 0.8969 0.3265 -0.2983
vn 0.9400 0.1657 -0.2983
vn 0.5368 0.1954 0.8208
vn 0.4925 0.2843 0.8226
vn 0.0000 0.0000 1.0000
vn 0.0000 0.0000 1.0000
vn 0.7919 0.2745 0.5454
vn 0.7314 0.4021 0.5508
vn 0.4925 0.2843 0.8226
vn 0.5368 0.1954 0.8208
vn 0.9129 0.3101 0.2655
vn 0.8476 0.4567 0.2702
vn 0.7314 0.4021 0.5508
vn 0.7919 0.2745 0.5454
vn 0.9444 0.3151 0.0940
vn 0.8798 0.4656 0.0957
vn 0.8476 0.4567 0.2702
vn 0.9129 0.3101 0.2655
vn 0.9482 0.3175 0.0100
vn 0.8831 0.4691 0.0100
vn 0.8798 0.4656 0.0957
vn 0.9444 0.3151 0.0940
vn 0.9481 0.3179 0.0012
vn 0.8829 0.4695 0.0012
vn 0.8831 0.4691 0.0100
vn 0.9482 0.3175 0.0100
vn 0.9481 0.3178 -0.0060
vn 0.8829 0.4695 -0.0064
vn 0.8829 0.4695 0.0012
vn 0.9481 0.3179 0.0012
vn 0.9442 0.3240 -0.0586
vn 0.8767 0.4772 -0.0604
vn 0.8829 0.4695 -0.0064
vn 0.9481 0.3178 -0.0060
vn 0.9264 0.3251 -0.1900
vn 0.8571 0.4772 -0.1942
vn 0.8767 0.4772 -0.0604
vn 0.9442 0.3240 -0.0586
vn 0.8527 0.3103 -0.4203
vn 0.7842 0.4527 -0.4244
vn 0.8571 0.4772 -0.1942
vn 0.9264 0.3251 -0.1900
vn 0.6645 0.2418 -0.7071
vn 0.6124 0.3536 -0.7071
vn 0.7842 0.4527 -0.4244
vn 0.8527 0.3103 -0.4203
vn 0.8569 0.3119 -0.4104
vn 0.7897 0.4560 -0.4104
vn 0.6124 0.3536 -0.7071
vn 0.6645 0.2418 -0.7071
vn 0.8969 0.3265 -0.2983
vn 0.8266 0.4772 -0.2983
vn 0.7897 0.4560 -0.4104
vn 0.8569 0.3119 -0.4104
vn 0.0000 0.0000 -1.0000
vn 0.0000 0.0000 -1.0000
vn 0.8266 0.4772 -0.2983
vn 0.8969 0.3265 -0.2983
vn 0.4925 0.2843 0.8226
vn 0.4333 0.3636 0.8247
vn 0.0000 0.0000 1.0000
vn 0.0000 0.0000 1.0000
vn 0.7314 0.4021 0.5508
vn 0.6486 0.5183 0.5574
vn 0.4333 0.3636 0.8247
vn 0.4925 0.2843 0.8226
vn 0.8476 0.4567 0.2702
vn 0.7567 0.5926 0.2760
vn 0.6486 0.5183 0.5574
vn 0.7314 0.4021 0.5508
vn 0.8798 0.4656 0.0957
vn 0.7888 0.6068 0.0979
vn 0.7567 0.5926 0.2760
vn 0.8476 0.4567 0.2702
vn 0.8831 0.4691 0.0100
vn 0.7915 0.6110 0.0100
vn 0.7888 0.6068 0.0979
vn 0.8798 0.4656 0.0957
vn 0.8829 0.4695 0.0012
vn 0.7912 0.6115 0.0012
vn 0.7915 0.6110 0.0100
vn 0.8831 0.4691 0.0100
vn 0.8829 0.4695 -0.0064
vn 0.7912 0.6115 -0.0068
vn 0.7912 0.6115 0.0012
vn 0.8829 0.4695 0.0012
vn 0.8767 0.4772 -0.0604
vn 0.7827 0.6192 -0.0627
vn 0.7912 0.6115 -0.0068
vn 0.8829 0.4695 -0.0064
vn 0.8571 0.4772 -0.1942
vn 0.7618 0.6164 -0.1995
vn 0.7827 0.6192 -0.0627
vn 0.8767 0.4772 -0.0604
vn 0.7842 0.4527 -0.4244
vn 0.6918 0.5805 -0.4295
vn 0.7618 0.6164 -0.1995
vn 0.8571 0.4772 -0.1942
vn 0.6124 0.3536 -0.7071
vn 0.5417 0.4545 -0.7071
vn 0.6918 0.5805 -0.4295
vn 0.7842 0.4527 -0.4244
vn 0.7897 0.4560 -0.4104
vn 0.6986 0.5862 -0.4104
vn 0.5417 0.4545 -0.7071
vn 0.6124 0.3536 -0.7071
vn 0.8266 0.4772 -0.2983
vn 0.7312 0.6135 -0.2983
vn 0.6986 0.5862 -0.4104
vn 0.7897 0.4560 -0.4104
vn 0.0000 0.0000 -1.0000
vn 0.0000 0.0000 -1.0000
vn 0.7312 0.6135 -0.2983
vn 0.8266 0.4772 -0.2983
vn 0.4333 0.3636 0.8247
vn 0.3615 0.4308 0.8269
vn 0.0000 0.0000 1.0000
vn 0.0000 0.0000 1.0000
vn 0.6486 0.5183 0.5574
vn 0.5457 0.6194 0.5644
vn 0.3615 0.4308 0.8269
vn 0.4333 0.3636 0.8247
vn 0.7567 0.5926 0.2760
vn 0.6414 0.7134 0.2824
vn 0.5457 0.6194 0.5644
vn 0.6486 0.5183 0.5574
vn 0.7888 0.6068 0.0979
vn 0.6718 0.7339 0.1003
vn 0.6414 0.7134 0.2824
vn 0.7567 0.5926 0.2760
vn 0.7915 0.6110 0.0100
vn 0.6738 0.7388 0.0100
vn 0.6718 0.7339 0.1003
vn 0.7888 0.6068 0.0979
vn 0.7912 0.6115 0.0012
vn 0.6735 0.7392 0.0012
vn 0.6738 0.7388 0.0100
vn 0.7915 0.6110 0.0100
vn 0.7912 0.6115 -0.0068
vn 0.6734 0.7392 -0.0073
vn 0.6735 0.7392 0.0012
vn 0.7912 0.6115 0.0012
vn 0.7827 0.6192 -0.0627
vn 0.6634 0.7454 -0.0652
vn 0.6734 0.7392 -0.0073
vn 0.7912 0.6115 -0.0068
vn 0.7618 0.6164 -0.1995
vn 0.6425 0.7383 -0.2051
vn 0.6634 0.7454 -0.0652
vn 0.7827 0.6192 -0.0627
vn 0.6918 0.5805 -0.4295
vn 0.5789 0.6899 -0.4348
vn 0.6425 0.7383 -0.2051
vn 0.7618 0.6164 -0.1995
vn 0.5417 0.4545 -0.7071
vn 0.4545 0.5417 -0.7071
vn 0.5789 0.6899 -0.4348
vn 0.6918 0.5805 -0.4295
vn 0.6986 0.5862 -0.4104
vn 0.5862 0.6986 -0.4104
vn 0.4545 0.5417 -0.7071
vn 0.5417 0.4545 -0.7071
vn 0.7312 0.6135 -0.2983
vn 0.6135 0.7312 -0.2983
vn 0.5862 0.6986 -0.4104
vn 0.6986 0.5862 -0.4104
vn 0.0000 0.0000 -1.0000
vn 0.0000 0.0000 -1.0000
vn 0.6135 0.7312 -0.2983
vn 0.7312 0.6135 -0.2983
vn 0.3615 0.4308 0.8269
vn 0.2797 0.4844 0.8290
vn 0.0000 0.0000 1.0000
vn 0.0000 0.0000 1.0000
vn 0.5457 0.6194 0.5644
vn 0.4256 0.7020 0.5710
vn 0.2797 0.4844 0.8290
vn 0.3615 0.4308 0.8269
vn 0.6414 0.7134 0.2824
vn 0.5037 0.8143 0.2886
vn 0.4256 0.7020 0.5710
vn 0.5457 0.6194 0.5644
vn 0.6718 0.7339 0.1003
vn 0.5301 0.8417 0.1027
vn 0.5037 0.8143 0.2886
vn 0.6414 0.7134 0.2824
vn 0.6738 0.7388 0.0100
vn 0.5315 0.8470 0.0100
vn 0.5301 0.8417 0.1027
vn 0.6718 0.7339 0.1003
vn 0.6735 0.7392 0.0012
vn 0.5311 0.8473 0.0012
vn 0.5315 0.8470 0.0100
vn 0.6738 0.7388 0.0100
vn 0.6734 0.7392 -0.0073
vn 0.5311 0.8473 -0.0078
vn 0.5311 0.8473 0.0012
vn 0.6735 0.7392 0.0012
vn 0.6634 0.7454 -0.0652
vn 0.5210 0.8509 -0.0675
vn 0.5311 0.8473 -0.0078
vn 0.6734 0.7392 -0.0073
vn 0.6425 0.7383 -0.2051
vn 0.5022 0.8388 -0.2104
vn 0.5210 0.8509 -0.0675
vn 0.6634 0.7454 -0.0652
vn 0.5789 0.6899 -0.4348
vn 0.4491 0.7778 -0.4397
vn 0.5022 0.8388 -0.2104
vn 0.6425 0.7383 -0.2051
vn 0.4545 0.5417 -0.7071
vn 0.3536 0.6124 -0.7071
vn 0.4491 0.7778 -0.4397
vn 0.5789 0.6899 -0.4348
vn 0.5862 0.6986 -0.4104
vn 0.4560 0.7897 -0.4104
vn 0.3536 0.6124 -0.7071
vn 0.4545 0.5417 -0.7071
vn 0.6135 0.7312 -0.2983
vn 0.4772 0.8266 -0.2983
vn 0.4560 0.7897 -0.4104
vn 0.5862 0.6986 -0.4104
vn 0.0000 0.0000 -1.0000
vn 0.0000 0.0000 -1.0000
vn 0.4772 0.8266 -0.2983
vn 0.6135 0.7312 -0.2983
vn 0.2797 0.4844 0.8290
vn 0.1905 0.5233 0.8306
vn 0.0000 0.0000 1.0000
vn 0.0000 0.0000 1.0000
vn 0.4256 0.7020 0.5710
vn 0.2917 0.7633 0.5765
vn 0.1905 0.5233 0.8306
vn 0.2797 0.4844 0.8290
vn 0.5037 0.8143 0.2886
vn 0.3473 0.8906 0.2937
vn 0.2917 0.7633 0.5765
vn 0.4256 0.7020 0.5710
vn 0.5301 0.8417 0.1027
vn 0.3670 0.9243 0.1047
vn 0.3473 0.8906 0.2937
vn 0.5037 0.8143 0.2886
vn 0.5315 0.8470 0.0100
vn 0.3679 0.9298 0.0100
vn 0.3670 0.9243 0.1047
vn 0.5301 0.8417 0.1027
vn 0.5311 0.8473 0.0012
vn 0.3675 0.9300 0.0012
vn 0.3679 0.9298 0.0100
vn 0.5315 0.8470 0.0100
vn 0.5311 0.8473 -0.0078
vn 0.3675 0.9300 -0.0082
vn 0.3675 0.9300 0.0012
vn 0.5311 0.8473 0.0012
vn 0.5210 0.8509 -0.0675
vn 0.3593 0.9306 -0.0695
vn 0.3675 0.9300 -0.0082
vn 0.5311 0.8473 -0.0078
vn 0.5022 0.8388 -0.2104
vn 0.3449 0.9137 -0.2148
vn 0.3593 0.9306 -0.0695
vn 0.5210 0.8509 -0.0675
vn 0.4491 0.7778 -0.4397
vn 0.3065 0.8421 -0.4437
vn 0.3449 0.9137 -0.2148
vn 0.5022 0.8388 -0.2104
vn 0.3536 0.6124 -0.7071
vn 0.2418 0.6645 -0.7071
vn 0.3065 0.8421 -0.4437
vn 0.4491 0.7778 -0.4397
vn 0.4560 0.7897 -0.4104
vn 0.3119 0.8569 -0.4104
vn 0.2418 0.6645 -0.7071
vn 0.3536 0.6124 -0.7071
vn 0.4772 0.8266 -0.2983
vn 0.3265 0.8969 -0.2983
vn 0.3119 0.8569 -0.4104
vn 0.4560 0.7897 -0.4104
vn 0.0000 0.0000 -1.0000
vn 0.0000 0.0000 -1.0000
vn 0.3265 0.8969 -0.2983
vn 0.4772 0.8266 -0.2983
vn 0.1905 0.5233 0.8306
vn 0.0964 0.5468 0.8317
vn 0.0000 0.0000 1.0000
vn 0.0000 0.0000 1.0000
vn 0.2917 0.7633 0.5765
vn 0.1483 0.8010 0.5800
vn 0.0964 0.5468 0.8317
vn 0.1905 0.5233 0.8306
vn 0.3473 0.8906 0.2937
vn 0.1773 0.9383 0.2971
vn 0.1483 0.8010 0.5800
vn 0.2917 0.7633 0.5765
vn 0.3670 0.9243 0.1047
vn 0.1878 0.9765 0.1061
vn 0.1773 0.9383 0.2971
vn 0.3473 0.8906 0.2937
vn 0.3679 0.9298 0.0100
vn 0.1882 0.9821 0.0100
vn 0.1878 0.9765 0.1061
vn 0.3670 0.9243 0.1047
vn 0.3675 0.9300 0.0012
vn 0.1880 0.9822 0.0012
vn 0.1882 0.9821 0.0100
vn 0.3679 0.9298 0.0100
vn 0.3675 0.9300 -0.0082
vn 0.1880 0.9821 -0.0085
vn 0.1880 0.9822 0.0012
vn 0.3675 0.9300 0.0012
vn 0.3593 0.9306 -0.0695
vn 0.1834 0.9805 -0.0708
vn 0.1880 0.9821 -0.0085
vn 0.3675 0.9300 -0.0082
vn 0.3449 0.9137 -0.2148
vn 0.1756 0.9601 -0.2177
vn 0.1834 0.9805 -0.0708
vn 0.3593 0.9306 -0.0695
vn 0.3065 0.8421 -0.4437
vn 0.1554 0.8813 -0.4463
vn 0.1756 0.9601 -0.2177
vn 0.3449 0.9137 -0.2148
vn 0.2418 0.6645 -0.7071
vn 0.1228 0.6964 -0.7071
vn 0.1554 0.8813 -0.4463
vn 0.3065 0.8421 -0.4437
vn 0.3119 0.8569 -0.4104
vn 0.1584 0.8981 -0.4104
vn 0.1228 0.6964 -0.7071
vn 0.2418 0.6645 -0.7071
vn 0.3265 0.8969 -0.2983
vn 0.1657 0.9400 -0.2983
vn 0.1584 0.8981 -0.4104
vn 0.3119 0.8569 -0.4104
vn 0.0000 0.0000 -1.0000
vn 0.0000 0.0000 -1.0000
vn 0.1657 0.9400 -0.2983
vn 0.3265 0.8969 -0.2983
vn 0.0964 0.5468 0.8317
vn 0.0000 0.5547 0.8321
vn 0.0000 0.0000 1.0000
vn 0.0000 0.0000 1.0000
vn 0.1483 0.8010 0.5800
vn 0.0000 0.8137 0.5812
vn 0.0000 0.5547 0.8321
vn 0.0964 0.5468 0.8317
vn 0.1773 0.9383 0.2971
vn 0.0000 0.9545 0.2983
vn 0.0000 0.8137 0.5812
vn 0.1483 0.8010 0.5800
vn 0.1878 0.9765 0.1061
vn 0.0000 0.9943 0.1065
vn 0.0000 0.9545 0.2983
vn 0.1773 0.9383 0.2971
vn 0.1882 0.9821 0.0100
vn 0.0000 1.0000 0.0100
vn 0.0000 0.9943 0.1065
vn 0.1878 0.9765 0.1061
vn 0.1880 0.9822 0.0012
vn 0.0000 1.0000 0.0012
vn 0.0000 1.0000 0.0100
vn 0.1882 0.9821 0.0100
vn 0.1880 0.9821 -0.0085
vn -0.0000 1.0000 -0.0086
vn 0.0000 1.0000 0.0012
vn 0.1880 0.9822 0.0012
vn 0.1834 0.9805 -0.0708
vn -0.0000 0.9975 -0.0712
vn -0.0000 1.0000 -0.0086
vn 0.1880 0.9821 -0.0085
vn 0.1756 0.9601 -0.2177
vn -0.0000 0.9758 -0.2187
vn -0.0000 0.9975 -0.0712
vn 0.1834 0.9805 -0.0708
vn 0.1554 0.8813 -0.4463
vn -0.0000 0.8944 -0.4472
vn -0.0000 0.9758 -0.2187
vn 0.1756 0.9601 -0.2177
vn 0.1228 0.6964 -0.7071
vn -0.0000 0.7071 -0.7071
vn -0.0000 0.8944 -0.4472
vn 0.1554 0.8813 -0.4463
vn 0.1584 0.8981 -0.4104
vn -0.0000 0.9119 -0.4104
vn -0.0000 0.7071 -0.7071
vn 0.1228 0.6964 -0.7071
vn 0.1657 0.9400 -0.2983
vn -0.0000 0.9545 -0.2983
vn -0.0000 0.9119 -0.4104
vn 0.1584 0.8981 -0.4104
vn 0.0000 0.0000 -1.0000
vn 0.0000 0.0000 -1.0000
vn -0.0000 0.9545 -0.2983
vn 0.1657 0.9400 -0.2983
vn 0.0000 0.5547 0.8321
vn -0.0964 0.5468 0.8317
vn 0.0000 0.0000 1.0000
vn 0.0000 0.0000 1.0000
vn 0.0000 0.8137 0.5812
vn -0.1483 0.8010 0.5800
vn -0.0964 0.5468 0.8317
vn 0.0000 0.5547 0.8321
vn 0.0000 0.9545 0.2983
vn -0.1773 0.9383 0.2971
vn -0.1483 0.8010 0.5800
vn 0.0000 0.8137 0.5812
vn 0.0000 0.9943 0.1065
vn -0.1878 0.9765 0.1061
vn -0.1773 0.9383 0.2971
vn 0.0000 0.9545 0.2983
vn 0.0000 1.0000 0.0100
vn -0.1882 0.9821 0.0100
vn -0.1878 0.9765 0.1061
vn 0.0000 0.9943 0.1065
vn 0.0000 1.0000 0.0012
vn -0.1880 0.9822 0.0012
vn -0.1882 0.9821 0.0100
vn 0.0000 1.0000 0.0100
vn -0.0000 1.0000 -0.0086
vn -0.1880 0.9821 -0.0085
vn -0.1880 0.9822 0.0012
vn 0.0000 1.0000 0.0012
vn -0.0000 0.9975 -0.0712
vn -0.1834 0.9805 -0.0708
vn -0.1880 0.9821 -0.0085
vn -0.0000 1.0000 -0.0086
vn -0.0000 0.9758 -0.2187
vn -0.1756 0.9601 -0.2177
vn -0.1834 0.9805 -0.0708
vn -0.0000 0.9975 -0.0712
vn -0.0000 0.8944 -0.4472
vn -0.1554 0.8813 -0.4463
vn -0.1756 0.9601 -0.2177
vn -0.0000 0.9758 -0.2187
vn -0.0000 0.7071 -0.7071
vn -0.1228 0.6964 -0.7071
vn -0.1554 0.8813 -0.4463
vn -0.0000 0.8944 -0.4472
vn -0.0000 0.9119 -0.4104
vn -0.1584 0.8981 -0.4104
vn -0.1228 0.6964 -0.7071
vn -0.0000 0.7071 -0.7071
vn -0.0000 0.9545 -0.2983
vn -0.1657 0.9400 -0.2983
vn -0.1584 0.8981 -0.4104
vn -0.0000 0.9119 -0.4104
vn 0.0000 0.0000 -1.0000
vn 0.0000 0.0000 -1.0000
vn -0.1657 0.9400 -0.2983
vn -0.0000 0.9545 -0.2983
vn -0.0964 0.5468 0.8317
vn -0.1905 0.5233 0.8306
vn 0.0000 0.0000 1.0000
vn 0.0000 0.0000 1.0000
vn -0.1483 0.8010 0.5800
vn -0.2917 0.7633 0.5765
vn -0.1905 0.5233 0.8306
vn -0.0964 0.5468 0.8317
vn -0.1773 0.9383 0.2971
vn -0.3473 0.8906 0.2937
vn -0.2917 0.7633 0.5765
vn -0.1483 0.8010 0.5800
vn -0.1878 0.9765 0.1061
vn -0.3670 0.9243 0.1047
vn -0.3473 0.8906 0.2937
vn -0.1773 0.9383 0.2971
vn -0.1882 0.9821 0.0100
vn -0.3679 0.9298 0.0100
vn -0.3670 0.9243 0.1047
vn -0.1878 0.9765 0.1061
vn -0.1880 0.9822 0.0012
vn -0.3675 0.9300 0.0012
vn -0.3679 0.9298 0.0100
vn -0.1882 0.9821 0.0100
vn -0.1880 0.9821 -0.0085
vn -0.3675 0.9300 -0.0082
vn -0.3675 0.9300 0.0012
vn -0.1880 0.9822 0.0012
vn -0.1834 0.9805 -0.0708
vn -0.3593 0.9306 -0.0695
vn -0.3675 0.9300 -0.0082
vn -0.1880 0.9821 -0.0085
vn -0.1756 0.9601 -0.2177
vn -0.3449 0.9137 -0.2148
vn -0.3593 0.9306 -0.0695
vn -0.1834 0.9805 -0.0708
vn -0.1554 0.8813 -0.4463
vn -0.3065 0.8421 -0.4437
vn -0.3449 0.9137 -0.2148
vn -0.1756 0.9601 -0.2177
vn -0.1228 0.6964 -0.7071
vn -0.2418 0.6645 -0.7071
vn -0.3065 0.8421 -0.4437
vn -0.1554 0.8813 -0.4463
vn -0.1584 0.8981 -0.4104
vn -0.3119 0.8569 -0.4104
vn -0.2418 0.6645 -0.7071
vn -0.1228 0.6964 -0.7071
vn -0.1657 0.9400 -0.2983
vn -0.3265 0.8969 -0.2983
vn -0.3119 0.8569 -0.4104
vn -0.1584 0.8981 -0.4104
vn 0.0000 0.0000 -1.0000
vn 0.0000 0.0000 -1.0000
vn -0.3265 0.8969 -0.2983
vn -0.1657 0.9400 -0.2983
vn -0.1905 0.5233 0.8306
vn -0.2797 0.4844 0.8290
vn 0.0000 0.0000 1.0000
vn 0.0000 0.0000 1.0000
vn -0.2917 0.7633 0.5765
vn -0.4256 0.7020 0.5710
vn -0.2797 0.4844 0.8290
vn -0.1905 0.5233 0.8306
vn -0.3473 0.8906 0.2937
vn -0.5037 0.8143 0.2886
vn -0.4256 0.7020 0.5710
vn -0.2917 0.7633 0.5765
vn -0.3670 0.9243 0.1047
vn -0.5301 0.8417 0.1027
vn -0.5037 0.8143 0.2886
vn -0.3473 0.8906 0.2937
vn -0.3679 0.9298 0.0100
vn -0.5315 0.8470 0.0100
vn -0.5301 0.8417 0.1027
vn -0.3670 0.9243 0.1047
vn -0.3675 0.9300 0.0012
vn -0.5311 0.8473 0.0012
vn -0.5315 0.8470 0.0100
vn -0.3679 0.9298 0.0100
vn -0.3675 0.9300 -0.0082
vn -0.5311 0.8473 -0.0078
vn -0.5311 0.8473 0.0012
vn -0.3675 0.9300 0.0012
vn -0.3593 0.9306 -0.0695
vn -0.5210 0.8509 -0.0675
vn -0.5311 0.8473 -0.0078
vn -0.3675 0.9300 -0.0082
vn -0.3449 0.9137 -0.2148
vn -0.5022 0.8388 -0.2104
vn -0.5210 0.8509 -0.0675
vn -0.3593 0.9306 -0.0695
vn -0.3065 0.8421 -0.4437
vn -0.4491 0.7778 -0.4397
vn -0.5022 0.8388 -0.2104
vn -0.3449 0.9137 -0.2148
vn -0.2418 0.6645 -0.7071
vn -0.3536 0.6124 -0.7071
vn -0.4491 0.7778 -0.4397
vn -0.3065 0.8421 -0.4437
vn -0.3119 0.8569 -0.4104
vn -0.4560 0.7897 -0.4104
vn -0.3536 0.6124 -0.7071
vn -0.2418 0.6645 -0.7071
vn -0.3265 0.8969 -0.2983
vn -0.4772 0.8266 -0.2983
vn -0.4560 0.7897 -0.4104
vn -0.3119 0.8569 -0.4104
vn 0.0000 0.0000 -1.0000
vn 0.0000 0.0000 -1.0000
vn -0.4772 0.8266 -0.2983
vn -0.3265 0.8969 -0.2983
vn -0.2797 0.4844 0.8290
vn -0.3615 0.4308 0.8269
vn 0.0000 0.0000 1.0000
vn 0.0000 0.0000 1.0000
vn -0.4256 0.7020 0.5710
vn -0.5457 0.6194 0.5644
vn -0.3615 0.4308 0.8269
vn -0.2797 0.4844 0.8290
vn -0.5037 0.8143 0.2886
vn -0.6414 0.7134 0.2824
vn -0.5457 0.6194 0.5644
vn -0.4256 0.7020 0.5710
vn -0.5301 0.8417 0.1027
vn -0.6718 0.7339 0.1003
vn -0.6414 0.7134 0.2824
vn -0.5037 0.8143 0.2886
vn -0.5315 0.8470 0.0100
vn -0.6738 0.7388 0.0100
vn -0.6718 0.7339 0.1003
vn -0.5301 0.8417 0.1027
vn -0.5311 0.8473 0.0012
vn -0.6735 0.7392 0.0012
vn -0.6738 0.7388 0.0100
vn -0.5315 0.8470 0.0100
vn -0.5311 0.8473 -0.0078
vn -0.6734 0.7392 -0.0073
vn -0.6735 0.7392 0.0012
vn -0.5311 0.8473 0.0012
vn -0.5210 0.8509 -0.0675
vn -0.6634 0.7454 -0.0652
vn -0.6734 0.7392 -0.0073
vn -0.5311 0.8473 -0.0078
vn -0.5022 0.8388 -0.2104
vn -0.6425 0.7383 -0.2051
vn -0.6634 0.7454 -0.0652
vn -0.5210 0.8509 -0.0675
vn -0.4491 0.7778 -0.4397
vn -0.5789 0.6899 -0.4348
vn -0.6425 0.7383 -0.2051
vn -0.5022 0.8388 -0.2104
vn -0.3536 0.6124 -0.7071
vn -0.4545 0.5417 -0.7071
vn -0.5789 0.6899 -0.4348
vn -0.4491 0.7778 -0.4397
vn -0.4560 0.7897 -0.4104
vn -0.5862 0.6986 -0.4104
vn -0.4545 0.5417 -0.7071
vn -0.3536 0.6124 -0.7071
vn -0.4772 0.8266 -0.2983
vn -0.6135 0.7312 -0.2983
vn -0.5862 0.6986 -0.4104
vn -0.4560 0.7897 -0.4104
vn 0.0000 0.0000 -1.0000
vn 0.0000 0.0000 -1.0000
vn -0.6135 0.7312 -0.2983
vn -0.4772 0.8266 -0.2983
vn -0.3615 0.4308 0.8269
vn -0.4333 0.3636 0.8247
vn 0.0000 0.0000 1.0000
vn 0.0000 0.0000 1.0000
vn -0.5457 0.6194 0.5644
vn -0.6486 0.5183 0.5574
vn -0.4333 0.3636 0.8247
vn -0.3615 0.4308 0.8269
vn -0.6414 0.7134 0.2824
vn -0.7567 0.5926 0.2760
vn -0.6486 0.5183 0.5574
vn -0.5457 0.6194 0.5644
vn -0.6718 0.7339 0.1003
vn -0.7888 0.6068 0.0979
vn -0.7567 0.5926 0.2760
vn -0.6414 0.7134 0.2824
vn -0.6738 0.7388 0.0100
vn -0.7915 0.6110 0.0100
vn -0.7888 0.6068 0.0979
vn -0.6718 0.7339 0.1003
vn -0.6735 0.7392 0.0012
vn -0.7912 0.6115 0.0012
vn -0.7915 0.6110 0.0100
vn -0.6738 0.7388 0.0100
vn -0.6734 0.7392 -0.0073
vn -0.7912 0.6115 -0.0068
vn -0.7912 0.6115 0.0012
vn -0.6735 0.7392 0.0012
vn -0.6634 0.7454 -0.0652
vn -0.7827 0.6192 -0.0627
vn -0.7912 0.6115 -0.0068
vn -0.6734 0.7392 -0.0073
vn -0.6425 0.7383 -0.2051
vn -0.7618 0.6164 -0.1995
vn -0.7827 0.6192 -0.0627
vn -0.6634 0.7454 -0.0652
vn -0.5789 0.6899 -0.4348
vn -0.6918 0.5805 -0.4295
vn -0.7618 0.6164 -0.1995
vn -0.6425 0.7383 -0.2051
vn -0.4545 0.5417 -0.7071
vn -0.5417 0.4545 -0.7071
vn -0.6918 0.5805 -0.4295
vn -0.5789 0.6899 -0.4348
vn -0.5862 0.6986 -0.4104
vn -0.6986 0.5862 -0.4104
vn -0.5417 0.4545 -0.7071
vn -0.4545 0.5417 -0.7071
vn -0.6135 0.7312 -0.2983
vn -0.7312 0.6135 -0.2983
vn -0.6986 0.5862 -0.4104
vn -0.5862 0.6986 -0.4104
vn 0.0000 0.0000 -1.0000
vn 0.0000 0.0000 -1.0000
vn -0.7312 0.6135 -0.2983
vn -0.6135 0.7312 -0.2983
vn -0.4333 0.3636 0.8247
vn -0.4925 0.2843 0.8226
vn 0.0000 0.0000 1.0000
vn 0.0000 0.0000 1.0000
vn -0.6486 0.5183 0.5574
vn -0.7314 0.4021 0.5508
vn -0.4925 0.2843 0.8226
vn -0.4333 0.3636 0.8247
vn -0.7567 0.5926 0.2760
vn -0.8476 0.4567 0.2702
vn -0.7314 0.4021 0.5508
vn -0.6486 0.5183 0.5574
vn -0.7888 0.6068 0.0979
vn -0.8798 0.4656 0.0957
vn -0.8476 0.4567 0.2702
vn -0.7567 0.5926 0.2760
vn -0.7915 0.6110 0.0100
vn -0.8831 0.4691 0.0100
vn -0.8798 0.4656 0.0957
vn -0.7888 0.6068 0.0979
vn -0.7912 0.6115 0.0012
vn -0.8829 0.4695 0.0012
vn -0.8831 0.4691 0.0100
vn -0.7915 0.6110 0.0100
vn -0.7912 0.6115 -0.0068
vn -0.8829 0.4695 -0.0064
vn -0.8829 0.4695 0.0012
vn -0.7912 0.6115 0.0012
vn -0.7827 0.6192 -0.0627
vn -0.8767 0.4772 -0.0604
vn -0.8829 0.4695 -0.0064
vn -0.7912 0.6115 -0.0068
vn -0.7618 0.6164 -0.1995
vn -0.8571 0.4772 -0.1942
vn -0.8767 0.4772 -0.0604
vn -0.7827 0.6192 -0.0627
vn -0.6918 0.5805 -0.4295
vn -0.7842 0.4527 -0.4244
vn -0.8571 0.4772 -0.1942
vn -0.7618 0.6164 -0.1995
vn -0.5417 0.4545 -0.7071
vn -0.6124 0.3536 -0.7071
vn -0.7842 0.4527 -0.4244
vn -0.6918 0.5805 -0.4295
vn -0.6986 0.5862 -0.4104
vn -0.7897 0.4560 -0.4104
vn -0.6124 0.3536 -0.7071
vn -0.5417 0.4545 -0.7071
vn -0.7312 0.6135 -0.2983
vn -0.8266 0.4772 -0.2983
vn -0.7897 0.4560 -0.4104
vn -0.6986 0.5862 -0.4104
vn 0.0000 0.0000 -1.0000
vn 0.0000 0.0000 -1.0000
vn -0.8266 0.4772 -0.2983
vn -0.7312 0.6135 -0.2983
vn -0.4925 0.2843 0.8226
vn -0.5368 0.1954 0.8208
vn 0.0000 0.0000 1.0000
vn 0.0000 0.0000 1.0000
vn -0.7314 0.4021 0.5508
vn -0.7919 0.2745 0.5454
vn -0.5368 0.1954 0.8208
vn -0.4925 0.2843 0.8226
vn -0.8476 0.4567 0.2702
vn -0.9129 0.3101 0.2655
vn -0.7919 0.2745 0.5454
vn -0.7314 0.4021 0.5508
vn -0.8798 0.4656 0.0957
vn -0.9444 0.3151 0.0940
vn -0.9129 0.3101 0.2655
vn -0.8476 0.4567 0.2702
vn -0.8831 0.4691 0.0100
vn -0.9482 0.3175 0.0100
vn -0.9444 0.3151 0.0940
vn -0.8798 0.4656 0.0957
vn -0.8829 0.4695 0.0012
vn -0.9481 0.3179 0.0012
vn -0.9482 0.3175 0.0100
vn -0.8831 0.4691 0.0100
vn -0.8829 0.4695 -0.0064
vn -0.9481 0.3178 -0.0060
vn -0.9481 0.3179 0.0012
vn -0.8829 0.4695 0.0012
vn -0.8767 0.4772 -0.0604
vn -0.9442 0.3240 -0.0586
vn -0.9481 0.3178 -0.0060
vn -0.8829 0.4695 -0.0064
vn -0.8571 0.4772 -0.1942
vn -0.9264 0.3251 -0.1900
vn -0.9442 0.3240 -0.0586
vn -0.8767 0.4772 -0.0604
vn -0.7842 0.4527 -0.4244
vn -0.8527 0.3103 -0.4203
vn -0.9264 0.3251 -0.1900
vn -0.8571 0.4772 -0.1942
vn -0.6124 0.3536 -0.7071
vn -0.6645 0.2418 -0.7071
vn -0.8527 0.3103 -0.4203
vn -0.7842 0.4527 -0.4244
vn -0.7897 0.4560 -0.4104
vn -0.8569 0.3119 -0.4104
vn -0.6645 0.2418 -0.7071
vn -0.6124 0.3536 -0.7071
vn -0.8266 0.4772 -0.2983
vn -0.8969 0.3265 -0.2983
vn -0.8569 0.3119 -0.4104
vn -0.7897 0.4560 -0.4104
vn 0.0000 0.0000 -1.0000
vn 0.0000 0.0000 -1.0000
vn -0.8969 0.3265 -0.2983
vn -0.8266 0.4772 -0.2983
vn -0.5368 0.1954 0.8208
vn -0.5642 0.0995 0.8196
vn 0.0000 0.0000 1.0000
vn 0.0000 0.0000 1.0000
vn -0.7919 0.2745 0.5454
vn -0.8288 0.1392 0.5420
vn -0.5642 0.0995 0.8196
vn -0.5368 0.1954 0.8208
vn -0.9129 0.3101 0.2655
vn -0.9521 0.1567 0.2625
vn -0.8288 0.1392 0.5420
vn -0.7919 0.2745 0.5454
vn -0.9444 0.3151 0.0940
vn -0.9829 0.1589 0.0928
vn -0.9521 0.1567 0.2625
vn -0.9129 0.3101 0.2655
vn -0.9482 0.3175 0.0100
vn -0.9870 0.1601 0.0100
vn -0.9829 0.1589 0.0928
vn -0.9444 0.3151 0.0940
vn -0.9481 0.3179 0.0012
vn -0.9871 0.1603 0.0012
vn -0.9870 0.1601 0.0100
vn -0.9482 0.3175 0.0100
vn -0.9481 0.3178 -0.0060
vn -0.9871 0.1603 -0.0058
vn -0.9871 0.1603 0.0012
vn -0.9481 0.3179 0.0012
vn -0.9442 0.3240 -0.0586
vn -0.9848 0.1637 -0.0575
vn -0.9871 0.1603 -0.0058
vn -0.9481 0.3178 -0.0060
vn -0.9264 0.3251 -0.1900
vn -0.9684 0.1647 -0.1873
vn -0.9848 0.1637 -0.0575
vn -0.9442 0.3240 -0.0586
vn -0.8527 0.3103 -0.4203
vn -0.8948 0.1578 -0.4176
vn -0.9684 0.1647 -0.1873
vn -0.9264 0.3251 -0.1900
vn -0.6645 0.2418 -0.7071
vn -0.6964 0.1228 -0.7071
vn -0.8948 0.1578 -0.4176
vn -0.8527 0.3103 -0.4203
vn -0.8569 0.3119 -0.4104
vn -0.8981 0.1584 -0.4104
vn -0.6964 0.1228 -0.7071
vn -0.6645 0.2418 -0.7071
vn -0.8969 0.3265 -0.2983
vn -0.9400 0.1657 -0.2983
vn -0.8981 0.1584 -0.4104
vn -0.8569 0.3119 -0.4104
vn 0.0000 0.0000 -1.0000
vn 0.0000 0.0000 -1.0000
vn -0.9400 0.1657 -0.2983
vn -0.8969 0.3265 -0.2983
vn -0.5642 0.0995 0.8196
vn -0.5735 0.0000 0.8192
vn 0.0000 0.0000 1.0000
vn 0.0000 0.0000 1.0000
vn -0.8288 0.1392 0.5420
vn -0.8412 0.0000 0.5408
vn -0.5735 0.0000 0.8192
vn -0.5642 0.0995 0.8196
vn -0.9521 0.1567 0.2625
vn -0.9652 -0.0000 0.2614
vn -0.8412 0.0000 0.5408
vn -0.8288 0.1392 0.5420
vn -0.9829 0.1589 0.0928
vn -0.9957 -0.0000 0.0925
vn -0.9652 -0.0000 0.2614
vn -0.9521 0.1567 0.2625
vn -0.9870 0.1601 0.0100
vn -1.0000 0.0000 0.0100
vn -0.9957 -0.0000 0.0925
vn -0.9829 0.1589 0.0928
vn -0.9871 0.1603 0.0012
vn -1.0000 0.0000 0.0012
vn -1.0000 0.0000 0.0100
vn -0.9870 0.1601 0.0100
vn -0.9871 0.1603 -0.0058
vn -1.0000 0.0000 -0.0057
vn -1.0000 0.0000 0.0012
vn -0.9871 0.1603 0.0012
vn -0.9848 0.1637 -0.0575
vn -0.9984 -0.0000 -0.0570
vn -1.0000 0.0000 -0.0057
vn -0.9871 0.1603 -0.0058
vn -0.9684 0.1647 -0.1873
vn -0.9825 0.0000 -0.1863
vn -0.9984 -0.0000 -0.0570
vn -0.9848 0.1637 -0.0575
vn -0.8948 0.1578 -0.4176
vn -0.9091 0.0000 -0.4167
vn -0.9825 0.0000 -0.1863
vn -0.9684 0.1647 -0.1873
vn -0.6964 0.1228 -0.7071
vn -0.7071 0.0000 -0.7071
vn -0.9091 0.0000 -0.4167
vn -0.8948 0.1578 -0.4176
vn -0.8981 0.1584 -0.4104
vn -0.9119 0.0000 -0.4104
vn -0.7071 0.0000 -0.7071
vn -0.6964 0.1228 -0.7071
vn -0.9400 0.1657 -0.2983
vn -0.9545 -0.0000 -0.2983
vn -0.9119 0.0000 -0.4104
vn -0.8981 0.1584 -0.4104
vn 0.0000 0.0000 -1.0000
vn 0.0000 0.0000 -1.0000
vn -0.9545 -0.0000 -0.2983
vn -0.9400 0.1657 -0.2983
vn -0.5735 0.0000 0.8192
vn -0.5642 -0.0995 0.8196
vn 0.0000 0.0000 1.0000
vn 0.0000 0.0000 1.0000
vn -0.8412 0.0000 0.5408
vn -0.8288 -0.1392 0.5420
vn -0.5642 -0.0995 0.8196
vn -0.5735 0.0000 0.8192
vn -0.9652 -0.0000 0.2614
vn -0.9521 -0.1567 0.2625
vn -0.8288 -0.1392 0.5420
vn -0.8412 0.0000 0.5408
vn -0.9957 -0.0000 0.0925
vn -0.9829 -0.1589 0.0928
vn -0.9521 -0.1567 0.2625
vn -0.9652 -0.0000 0.2614
vn -1.0000 0.0000 0.0100
vn -0.9870 -0.1601 0.0100
vn -0.9829 -0.1589 0.0928
vn -0.9957 -0.0000 0.0925
vn -1.0000 0.0000 0.0012
vn -0.9871 -0.1603 0.0012
vn -0.9870 -0.1601 0.0100
vn -1.0000 0.0000 0.0100
vn -1.0000 0.0000 -0.0057
vn -0.9871 -0.1603 -0.0058
vn -0.9871 -0.1603 0.0012
vn -1.0000 0.0000 0.0012
vn -0.9984 -0.0000 -0.0570
vn -0.9848 -0.1637 -0.0575
vn -0.9871 -0.1603 -0.0058
vn -1.0000 0.0000 -0.0057
vn -0.9825 0.0000 -0.1863
vn -0.9684 -0.1647 -0.1873
vn -0.9848 -0.1637 -0.0575
vn -0.9984 -0.0000 -0.0570
vn -0.9091 0.0000 -0.4167
vn -0.8948 -0.1578 -0.4176
vn -0.9684 -0.1647 -0.1873
vn -0.9825 0.0000 -0.1863
vn -0.7071 0.0000 -0.7071
vn -0.6964 -0.1228 -0.7071
vn -0.8948 -0.1578 -0.4176
vn -0.9091 0.0000 -0.4167
vn -0.9119 0.0000 -0.4104
vn -0.8981 -0.1584 -0.4104
vn -0.6964 -0.1228 -0.7071
vn -0.7071 0.0000 -0.7071
vn -0.9545 -0.0000 -0.2983
vn -0.9400 -0.1657 -0.2983
vn -0.8981 -0.1584 -0.4104
vn -0.9119 0.0000 -0.4104
vn 0.0000 0.0000 -1.0000
vn 0.0000 0.0000 -1.0000
vn -0.9400 -0.1657 -0.2983
vn -0.9545 -0.0000 -0.2983
vn -0.5642 -0.0995 0.8196
vn -0.5368 -0.1954 0.8208
vn 0.0000 0.0000 1.0000
vn 0.0000 0.0000 1.0000
vn -0.8288 -0.1392 0.5420
vn -0.7919 -0.2745 0.5454
vn -0.5368 -0.1954 0.8208
vn -0.5642 -0.0995 0.8196
vn -0.9521 -0.1567 0.2625
vn -0.9129 -0.3101 0.2655
vn -0.7919 -0.2745 0.5454
vn -0.8288 -0.1392 0.5420
vn -0.9829 -0.1589 0.0928
vn -0.9444 -0.3151 0.0940
vn -0.9129 -0.3101 0.2655
vn -0.9521 -0.1567 0.2625
vn -0.9870 -0.1601 0.0100
vn -0.9482 -0.3175 0.0100
vn -0.9444 -0.3151 0.0940
vn -0.9829 -0.1589 0.0928
vn -0.9871 -0.1603 0.0012
vn -0.9481 -0.3179 0.0012
vn -0.9482 -0.3175 0.0100
vn -0.9870 -0.1601 0.0100
vn -0.9871 -0.1603 -0.0058
vn -0.9481 -0.3178 -0.0060
vn -0.9481 -0.3179 0.0012
vn -0.9871 -0.1603 0.0012
vn -0.9848 -0.1637 -0.0575
vn -0.9442 -0.3240 -0.0586
vn -0.9481 -0.3178 -0.0060
vn -0.9871 -0.1603 -0.0058
vn -0.9684 -0.1647 -0.1873
vn -0.9264 -0.3251 -0.1900
vn -0.9442 -0.3240 -0.0586
vn -0.9848 -0.1637 -0.0575
vn -0.8948 -0.1578 -0.4176
vn -0.8527 -0.3103 -0.4203
vn -0.9264 -0.3251 -0.1900
vn -0.9684 -0.1647 -0.1873
vn -0.6964 -0.1228 -0.7071
vn -0.6645 -0.2418 -0.7071
vn -0.8527 -0.3103 -0.4203
vn -0.8948 -0.1578 -0.4176
vn -0.8981 -0.1584 -0.4104
vn -0.8569 -0.3119 -0.4104
vn -0.6645 -0.2418 -0.7071
vn -0.6964 -0.1228 -0.7071
vn -0.9400 -0.1657 -0.2983
vn -0.8969 -0.3265 -0.2983
vn -0.8569 -0.3119 -0.4104
vn -0.8981 -0.1584 -0.4104
vn 0.0000 0.0000 -1.0000
vn 0.0000 0.0000 -1.0000
vn -0.8969 -0.3265 -0.2983
vn -0.9400 -0.1657 -0.2983
vn -0.5368 -0.1954 0.8208
vn -0.4925 -0.2843 0.8226
vn 0.0000 0.0000 1.0000
vn 0.0000 0.0000 1.0000
vn -0.7919 -0.2745 0.5454
vn -0.7314 -0.4021 0.5508
vn -0.4925 -0.2843 0.8226
vn -0.5368 -0.1954 0.8208
vn -0.9129 -0.3101 0.2655
vn -0.8476 -0.4567 0.2702
vn -0.7314 -0.4021 0.5508
vn -0.7919 -0.2745 0.5454
vn -0.9444 -0.3151 0.0940
vn -0.8798 -0.4656 0.0957
vn -0.8476 -0.4567 0.2702
vn -0.9129 -0.3101 0.2655
vn -0.9482 -0.3175 0.0100
vn -0.8831 -0.4691 0.0100
vn -0.8798 -0.4656 0.0957
vn -0.9444 -0.3151 0.0940
vn -0.9481 -0.3179 0.0012
vn -0.8829 -0.4695 0.0012
vn -0.8831 -0.4691 0.0100
vn -0.9482 -0.3175 0.0100
vn -0.9481 -0.3178 -0.0060
vn -0.8829 -0.4695 -0.0064
vn -0.8829 -0.4695 0.0012
vn -0.9481 -0.3179 0.0012
vn -0.9442 -0.3240 -0.0586
vn -0.8767 -0.4772 -0.0604
vn -0.8829 -0.4695 -0.0064
vn -0.9481 -0.3178 -0.0060
vn -0.9264 -0.3251 -0.1900
vn -0.8571 -0.4772 -0.1942
vn -0.8767 -0.4772 -0.0604
vn -0.9442 -0.3240 -0.0586
vn -0.8527 -0.3103 -0.4203
vn -0.7842 -0.4527 -0.4244
vn -0.8571 -0.4772 -0.1942
vn -0.9264 -0.3251 -0.1900
vn -0.6645 -0.2418 -0.7071
vn -0.6124 -0.3536 -0.7071
vn -0.7842 -0.4527 -0.4244
vn -0.8527 -0.3103 -0.4203
vn -0.8569 -0.3119 -0.4104
vn -0.7897 -0.4560 -0.4104
vn -0.6124 -0.3536 -0.7071
vn -0.6645 -0.2418 -0.7071
vn -0.8969 -0.3265 -0.2983
vn -0.8266 -0.4772 -0.2983
vn -0.7897 -0.4560 -0.4104
vn -0.8569 -0.3119 -0.4104
vn 0.0000 0.0000 -1.0000
vn 0.0000 0.0000 -1.0000
vn -0.8266 -0.4772 -0.2983
vn -0.8969 -0.3265 -0.2983
vn -0.4925 -0.2843 0.8226
vn -0.4333 -0.3636 0.8247
vn 0.0000 0.0000 1.0000
vn 0.0000 0.0000 1.0000
vn -0.7314 -0.4021 0.5508
vn -0.6486 -0.5183 0.5574
vn -0.4333 -0.3636 0.8247
vn -0.4925 -0.2843 0.8226
vn -0.8476 -0.4567 0.2702
vn -0.7567 -0.5926 0.2760
vn -0.6486 -0.5183 0.5574
vn -0.7314 -0.4021 0.5508
vn -0.8798 -0.4656 0.0957
vn -0.7888 -0.6068 0.0979
vn -0.7567 -0.5926 0.2760
vn -0.8476 -0.4567 0.2702
vn -0.8831 -0.4691 0.0100
vn -0.7915 -0.6110 0.0100
vn -0.7888 -0.6068 0.0979
vn -0.8798 -0.4656 0.0957
vn -0.8829 -0.4695 0.0012
vn -0.7912 -0.6115 0.0012
vn -0.7915 -0.6110 0.0100
vn -0.8831 -0.4691 0.0100
vn -0.8829 -0.4695 -0.0064
vn -0.7912 -0.6115 -0.0068
vn -0.7912 -0.6115 0.0012
vn -0.8829 -0.4695 0.0012
vn -0.8767 -0.4772 -0.0604
vn -0.7827 -0.6192 -0.0627
vn -0.7912 -0.6115 -0.0068
vn -0.8829 -0.4695 -0.0064
vn -0.8571 -0.4772 -0.1942
vn -0.7618 -0.6164 -0.1995
vn -0.7827 -0.6192 -0.0627
vn -0.8767 -0.4772 -0.0604
vn -0.7842 -0.4527 -0.4244
vn -0.6918 -0.5805 -0.4295
vn -0.7618 -0.6164 -0.1995
vn -0.8571 -0.4772 -0.1942
vn -0.6124 -0.3536 -0.7071
vn -0.5417 -0.4545 -0.7071
vn -0.6918 -0.5805 -0.4295
vn -0.7842 -0.4527 -0.4244
vn -0.7897 -0.4560 -0.4104
vn -0.6986 -0.5862 -0.4104
vn -0.5417 -0.4545 -0.7071
vn -0.6124 -0.3536 -0.7071
vn -0.8266 -0.4772 -0.2983
vn -0.7312 -0.6135 -0.2983
vn -0.6986 -0.5862 -0.4104
vn -0.7897 -0.4560 -0.4104
vn 0.0000 0.0000 -1.0000
vn 0.0000 0.0000 -1.0000
vn -0.7312 -0.6135 -0.2983
vn -0.8266 -0.4772 -0.2983
vn -0.4333 -0.3636 0.8247
vn -0.3615 -0.4308 0.8269
vn 0.0000 0.0000 1.0000
vn 0.0000 0.0000 1.0000
vn -0.6486 -0.5183 0.5574
vn -0.5457 -0.6194 0.5644
vn -0.3615 -0.4308 0.8269
vn -0.4333 -0.3636 0.8247
vn -0.7567 -0.5926 0.2760
vn -0.6414 -0.7134 0.2824
vn -0.5457 -0.6194 0.5644
vn -0.6486 -0.5183 0.5574
vn -0.7888 -0.6068 0.0979
vn -0.6718 -0.7339 0.1003
vn -0.6414 -0.7134 0.2824
vn -0.7567 -0.5926 0.2760
vn -0.7915 -0.6110 0.0100
vn -0.6738 -0.7388 0.0100
vn -0.6718 -0.7339 0.1003
vn -0.7888 -0.6068 0.0979
vn -0.7912 -0.6115 0.0012
vn -0.6735 -0.7392 0.0012
vn -0.6738 -0.7388 0.0100
vn -0.7915 -0.6110 0.0100
vn -0.7912 -0.6115 -0.0068
vn -0.6734 -0.7392 -0.0073
vn -0.6735 -0.7392 0.0012
vn -0.7912 -0.6115 0.0012
vn -0.7827 -0.6192 -0.0627
vn -0.6634 -0.7454 -0.0652
vn -0.6734 -0.7392 -0.0073
vn -0.7912 -0.6115 -0.0068
vn -0.7618 -0.6164 -0.1995
vn -0.6425 -0.7383 -0.2051
vn -0.6634 -0.7454 -0.0652
vn -0.7827 -0.6192 -0.0627
vn -0.6918 -0.5805 -0.4295
vn -0.5789 -0.6899 -0.4348
vn -0.6425 -0.7383 -0.2051
vn -0.7618 -0.6164 -0.1995
vn -0.5417 -0.4545 -0.7071
vn -0.4545 -0.5417 -0.7071
vn -0.5789 -0.6899 -0.4348
vn -0.6918 -0.5805 -0.4295
vn -0.6986 -0.5862 -0.4104
vn -0.5862 -0.6986 -0.4104
vn -0.4545 -0.5417 -0.7071
vn -0.5417 -0.4545 -0.7071
vn -0.7312 -0.6135 -0.2983
vn -0.6135 -0.7312 -0.2983
vn -0.5862 -0.6986 -0.4104
vn -0.6986 -0.5862 -0.4104
vn 0.0000 0.0000 -1.0000
vn 0.0000 0.0000 -1.0000
vn -0.6135 -0.7312 -0.2983
vn -0.7312 -0.6135 -0.2983
vn -0.3615 -0.4308 0.8269
vn -0.2797 -0.4844 0.8290
vn 0.0000 0.0000 1.0000
vn 0.0000 0.0000 1.0000
vn -0.5457 -0.6194 0.5644
vn -0.4256 -0.7020 0.5710
vn -0.2797 -0.4844 0.8290
vn -0.3615 -0.4308 0.8269
vn -0.6414 -0.7134 0.2824
vn -0.5037 -0.8143 0.2886
vn -0.4256 -0.7020 0.5710
vn -0.5457 -0.6194 0.5644
vn -0.6718 -0.7339 0.1003
vn -0.5301 -0.8417 0.1027
vn -0.5037 -0.8143 0.2886
vn -0.6414 -0.7134 0.2824
vn -0.6738 -0.7388 0.0100
vn -0.5315 -0.8470 0.0100
vn -0.5301 -0.8417 0.1027
vn -0.6718 -0.7339 0.1003
vn -0.6735 -0.7392 0.0012
vn -0.5311 -0.8473 0.0012
vn -0.5315 -0.8470 0.0100
vn -0.6738 -0.7388 0.0100
vn -0.6734 -0.7392 -0.0073
vn -0.5311 -0.8473 -0.0078
vn -0.5311 -0.8473 0.0012
vn -0.6735 -0.7392 0.0012
vn -0.6634 -0.7454 -0.0652
vn -0.5210 -0.8509 -0.0675
vn -0.5311 -0.8473 -0.0078
vn -0.6734 -0.7392 -0.0073
vn -0.6425 -0.7383 -0.2051
vn -0.5022 -0.8388 -0.2104
vn -0.5210 -0.8509 -0.0675
vn -0.6634 -0.7454 -0.0652
vn -0.5789 -0.6899 -0.4348
vn -0.4491 -0.7778 -0.4397
vn -0.5022 -0.8388 -0.2104
vn -0.6425 -0.7383 -0.2051
vn -0.4545 -0.5417 -0.7071
vn -0.3536 -0.6124 -0.7071
vn -0.4491 -0.7778 -0.4397
vn -0.5789 -0.6899 -0.4348
vn -0.5862 -0.6986 -0.4104
vn -0.4560 -0.7897 -0.4104
vn -0.3536 -0.6124 -0.7071
vn -0.4545 -0.5417 -0.7071
vn -0.6135 -0.7312 -0.2983
vn -0.4772 -0.8266 -0.2983
vn -0.4560 -0.7897 -0.4104
vn -0.5862 -0.6986 -0.4104
vn 0.0000 0.0000 -1.0000
vn 0.0000 0.0000 -1.0000
vn -0.4772 -0.8266 -0.2983
vn -0.6135 -0.7312 -0.2983
vn -0.2797 -0.4844 0.8290
vn -0.1905 -0.5233 0.8306
vn 0.0000 0.0000 1.0000
vn 0.0000 0.0000 1.0000
vn -0.4256 -0.7020 0.5710
vn -0.2917 -0.7633 0.5765
vn -0.1905 -0.5233 0.8306
vn -0.2797 -0.4844 0.8290
vn -0.5037 -0.8143 0.2886
vn -0.3473 -0.8906 0.2937
vn -0.2917 -0.7633 0.5765
vn -0.4256 -0.7020 0.5710
vn -0.5301 -0.8417 0.1027
vn -0.3670 -0.9243 0.1047
vn -0.3473 -0.8906 0.2937
vn -0.5037 -0.8143 0.2886
vn -0.5315 -0.8470 0.0100
vn -0.3679 -0.9298 0.0100
vn -0.3670 -0.9243 0.1047
vn -0.5301 -0.8417 0.1027
vn -0.5311 -0.8473 0.0012
vn -0.3675 -0.9300 0.0012
vn -0.3679 -0.9298 0.0100
vn -0.5315 -0.8470 0.0100
vn -0.5311 -0.8473 -0.0078
vn -0.3675 -0.9300 -0.0082
vn -0.3675 -0.9300 0.0012
vn -0.5311 -0.8473 0.0012
vn -0.5210 -0.8509 -0.0675
vn -0.3593 -0.9306 -0.0695
vn -0.3675 -0.9300 -0.0082
vn -0.5311 -0.8473 -0.0078
vn -0.5022 -0.8388 -0.2104
vn -0.3449 -0.9137 -0.2148
vn -0.3593 -0.9306 -0.0695
vn -0.5210 -0.8509 -0.0675
vn -0.4491 -0.7778 -0.4397
vn -0.3065 -0.8421 -0.4437
vn -0.3449 -0.9137 -0.2148
vn -0.5022 -0.8388 -0.2104
vn -0.3536 -0.6124 -0.7071
vn -0.2418 -0.6645 -0.7071
vn -0.3065 -0.8421 -0.4437
vn -0.4491 -0.7778 -0.4397
vn -0.4560 -0.7897 -0.4104
vn -0.3119 -0.8569 -0.4104
vn -0.2418 -0.6645 -0.7071
vn -0.3536 -0.6124 -0.7071
vn -0.4772 -0.8266 -0.2983
vn -0.3265 -0.8969 -0.2983
vn -0.3119 -0.8569 -0.4104
vn -0.4560 -0.7897 -0.4104
vn 0.0000 0.0000 -1.0000
vn 0.0000 0.0000 -1.0000
vn -0.3265 -0.8969 -0.2983
vn -0.4772 -0.8266 -0.2983
vn -0.1905 -0.5233 0.8306
vn -0.0964 -0.5468 0.8317
vn 0.0000 0.0000 1.0000
vn 0.0000 0.0000 1.0000
vn -0.2917 -0.7633 0.5765
vn -0.1483 -0.8010 0.5800
vn -0.0964 -0.5468 0.8317
vn -0.1905 -0.5233 0.8306
vn -0.3473 -0.8906 0.2937
vn -0.1773 -0.9383 0.2971
vn -0.1483 -0.8010 0.5800
vn -0.2917 -0.7633 0.5765
vn -0.3670 -0.9243 0.1047
vn -0.1878 -0.9765 0.1061
vn -0.1773 -0.9383 0.2971
vn -0.3473 -0.8906 0.2937
vn -0.3679 -0.9298 0.0100
vn -0.1882 -0.9821 0.0100
vn -0.1878 -0.9765 0.1061
vn -0.3670 -0.9243 0.1047
vn -0.3675 -0.9300 0.0012
vn -0.1880 -0.9822 0.0012
vn -0.1882 -0.9821 0.0100
vn -0.3679 -0.9298 0.0100
vn -0.3675 -0.9300 -0.0082
vn -0.1880 -0.9821 -0.0085
vn -0.1880 -0.9822 0.0012
vn -0.3675 -0.9300 0.0012
vn -0.3593 -0.9306 -0.0695
vn -0.1834 -0.9805 -0.0708
vn -0.1880 -0.9821 -0.0085
vn -0.3675 -0.9300 -0.0082
vn -0.3449 -0.9137 -0.2148
vn -0.1756 -0.9601 -0.2177
vn -0.1834 -0.9805 -0.0708
vn -0.3593 -0.9306 -0.0695
vn -0.3065 -0.8421 -0.4437
vn -0.1554 -0.8813 -0.4463
vn -0.1756 -0.9601 -0.2177
vn -0.3449 -0.9137 -0.2148
vn -0.2418 -0.6645 -0.7071
vn -0.1228 -0.6964 -0.7071
vn -0.1554 -0.8813 -0.4463
vn -0.3065 -0.8421 -0.4437
vn -0.3119 -0.8569 -0.4104
vn -0.1584 -0.8981 -0.4104
vn -0.1228 -0.6964 -0.7071
vn -0.2418 -0.6645 -0.7071
vn -0.3265 -0.8969 -0.2983
vn -0.1657 -0.9400 -0.2983
vn -0.1584 -0.8981 -0.4104
vn -0.3119 -0.8569 -0.4104
vn 0.0000 0.0000 -1.0000
vn 0.0000 0.0000 -1.0000
vn -0.1657 -0.9400 -0.2983
vn -0.3265 -0.8969 -0.2983
vn -0.0964 -0.5468 0.8317
vn -0.0485 -0.5540 0.8311
vn 0.0000 0.0000 1.0000
vn 0.0000 0.0000 1.0000
vn -0.1483 -0.8010 0.5800
vn -0.0745 -0.8115 0.5796
vn -0.0485 -0.5540 0.8311
vn -0.0964 -0.5468 0.8317
vn -0.1773 -0.9383 0.2971
vn -0.0891 -0.9507 0.2971
vn -0.0745 -0.8115 0.5796
vn -0.1483 -0.8010 0.5800
vn -0.1878 -0.9765 0.1061
vn -0.0945 -0.9899 0.1061
vn -0.0891 -0.9507 0.2971
vn -0.1773 -0.9383 0.2971
vn -0.1882 -0.9821 0.0100
vn -0.0947 -0.9955 0.0100
vn -0.0945 -0.9899 0.1061
vn -0.1878 -0.9765 0.1061
vn -0.1880 -0.9822 0.0012
vn -0.0946 -0.9955 0.0012
vn -0.0947 -0.9955 0.0100
vn -0.1882 -0.9821 0.0100
vn -0.1880 -0.9821 -0.0085
vn -0.0946 -0.9955 -0.0085
vn -0.0946 -0.9955 0.0012
vn -0.1880 -0.9822 0.0012
vn -0.1834 -0.9805 -0.0708
vn -0.0922 -0.9932 -0.0709
vn -0.0946 -0.9955 -0.0085
vn -0.1880 -0.9821 -0.0085
vn -0.1756 -0.9601 -0.2177
vn -0.0882 -0.9720 -0.2179
vn -0.0922 -0.9932 -0.0709
vn -0.1834 -0.9805 -0.0708
vn -0.1554 -0.8813 -0.4463
vn -0.0780 -0.8917 -0.4459
vn -0.0882 -0.9720 -0.2179
vn -0.1756 -0.9601 -0.2177
vn -0.1228 -0.6964 -0.7071
vn -0.0617 -0.7058 -0.7058
vn -0.0780 -0.8917 -0.4459
vn -0.1554 -0.8813 -0.4463
vn -0.1584 -0.8981 -0.4104
vn -0.0795 -0.9090 -0.4091
vn -0.0617 -0.7058 -0.7058
vn -0.1228 -0.6964 -0.7071
vn -0.1657 -0.9400 -0.2983
vn -0.0832 -0.9512 -0.2972
vn -0.0795 -0.9090 -0.4091
vn -0.1584 -0.8981 -0.4104
vn 0.0000 0.0000 -1.0000
vn 0.0000 0.0000 -1.0000
vn -0.0832 -0.9512 -0.2972
vn -0.1657 -0.9400 -0.2983
vn 0.5679 0.7309 0.3786
vn 0.5753 0.7225 0.3835
vn 0.3421 0.9122 0.2257
vn 0.3354 0.9158 0.2211
vn 0.3354 0.9158 0.2211
vn 0.3421 0.9122 0.2257
vn 0.1553 0.9830 0.0978
vn 0.1521 0.9837 0.0955
vn 0.1521 0.9837 0.0955
vn 0.1553 0.9830 0.0978
vn 0.0802 0.9958 0.0433
vn 0.0788 0.9960 0.0422
vn 0.0788 0.9960 0.0422
vn 0.0802 0.9958 0.0433
vn 0.0401 0.9991 0.0108
vn 0.0398 0.9992 0.0106
vn 0.0398 0.9992 0.0106
vn 0.0401 0.9991 0.0108
vn 0.0177 0.9998 -0.0108
vn 0.0179 0.9998 -0.0105
vn 0.0179 0.9998 -0.0105
vn 0.0177 0.9998 -0.0108
vn 0.0060 0.9997 -0.0255
vn 0.0065 0.9997 -0.0249
vn 0.0065 0.9997 -0.0249
vn 0.0060 0.9997 -0.0255
vn 0.0008 0.9994 -0.0357
vn 0.0013 0.9994 -0.0349
vn 0.0013 0.9994 -0.0349
vn 0.0008 0.9994 -0.0357
vn -0.0008 0.9991 -0.0433
vn -0.0005 0.9991 -0.0422
vn -0.0005 0.9991 -0.0422
vn -0.0008 0.9991 -0.0433
vn -0.0008 0.9988 -0.0493
vn -0.0005 0.9988 -0.0481
vn -0.0005 0.9988 -0.0481
vn -0.0008 0.9988 -0.0493
vn 0.0000 0.9985 -0.0541
vn 0.0002 0.9986 -0.0528
vn 0.0002 0.9986 -0.0528
vn 0.0000 0.9985 -0.0541
vn 0.0009 0.9983 -0.0574
vn 0.0009 0.9984 -0.0560
vn 0.0009 0.9984 -0.0560
vn 0.0009 0.9983 -0.0574
vn 0.0013 0.9982 -0.0592
vn 0.0013 0.9983 -0.0578
vn 0.5753 0.7225 0.3835
vn 0.5840 0.7123 0.3893
vn 0.3503 0.9076 0.2313
vn 0.3421 0.9122 0.2257
vn 0.3421 0.9122 0.2257
vn 0.3503 0.9076 0.2313
vn 0.1592 0.9821 0.1006
vn 0.1553 0.9830 0.0978
vn 0.1553 0.9830 0.0978
vn 0.1592 0.9821 0.1006
vn 0.0818 0.9957 0.0446
vn 0.0802 0.9958 0.0433
vn 0.0802 0.9958 0.0433
vn 0.0818 0.9957 0.0446
vn 0.0404 0.9991 0.0111
vn 0.0401 0.9991 0.0108
vn 0.0401 0.9991 0.0108
vn 0.0404 0.9991 0.0111
vn 0.0173 0.9998 -0.0111
vn 0.0177 0.9998 -0.0108
vn 0.0177 0.9998 -0.0108
vn 0.0173 0.9998 -0.0111
vn 0.0055 0.9996 -0.0263
vn 0.0060 0.9997 -0.0255
vn 0.0060 0.9997 -0.0255
vn 0.0055 0.9996 -0.0263
vn 0.0003 0.9993 -0.0368
vn 0.0008 0.9994 -0.0357
vn 0.0008 0.9994 -0.0357
vn 0.0003 0.9993 -0.0368
vn -0.0013 0.9990 -0.0446
vn -0.0008 0.9991 -0.0433
vn -0.0008 0.9991 -0.0433
vn -0.0013 0.9990 -0.0446
vn -0.0011 0.9987 -0.0507
vn -0.0008 0.9988 -0.0493
vn -0.0008 0.9988 -0.0493
vn -0.0011 0.9987 -0.0507
vn -0.0001 0.9984 -0.0557
vn 0.0000 0.9985 -0.0541
vn 0.0000 0.9985 -0.0541
vn -0.0001 0.9984 -0.0557
vn 0.0009 0.9983 -0.0591
vn 0.0009 0.9983 -0.0574
vn 0.0009 0.9983 -0.0574
vn 0.0009 0.9983 -0.0591
vn 0.0013 0.9981 -0.0610
vn 0.0013 0.9982 -0.0592
vn 0.5840 0.7123 0.3893
vn 0.5946 0.6995 0.3964
vn 0.3605 0.9018 0.2382
vn 0.3503 0.9076 0.2313
vn 0.3503 0.9076 0.2313
vn 0.3605 0.9018 0.2382
vn 0.1642 0.9809 0.1042
vn 0.1592 0.9821 0.1006
vn 0.1592 0.9821 0.1006
vn 0.1642 0.9809 0.1042
vn 0.0839 0.9954 0.0462
vn 0.0818 0.9957 0.0446
vn 0.0818 0.9957 0.0446
vn 0.0839 0.9954 0.0462
vn 0.0409 0.9991 0.0116
vn 0.0404 0.9991 0.0111
vn 0.0404 0.9991 0.0111
vn 0.0409 0.9991 0.0116
vn 0.0170 0.9998 -0.0115
vn 0.0173 0.9998 -0.0111
vn 0.0173 0.9998 -0.0111
vn 0.0170 0.9998 -0.0115
vn 0.0047 0.9996 -0.0273
vn 0.0055 0.9996 -0.0263
vn 0.0055 0.9996 -0.0263
vn 0.0047 0.9996 -0.0273
vn -0.0005 0.9993 -0.0382
vn 0.0003 0.9993 -0.0368
vn 0.0003 0.9993 -0.0368
vn -0.0005 0.9993 -0.0382
vn -0.0019 0.9989 -0.0462
vn -0.0013 0.9990 -0.0446
vn -0.0013 0.9990 -0.0446
vn -0.0019 0.9989 -0.0462
vn -0.0014 0.9986 -0.0526
vn -0.0011 0.9987 -0.0507
vn -0.0011 0.9987 -0.0507
vn -0.0014 0.9986 -0.0526
vn -0.0002 0.9983 -0.0578
vn -0.0001 0.9984 -0.0557
vn -0.0001 0.9984 -0.0557
vn -0.0002 0.9983 -0.0578
vn 0.0009 0.9981 -0.0613
vn 0.0009 0.9983 -0.0591
vn 0.0009 0.9983 -0.0591
vn 0.0009 0.9981 -0.0613
vn 0.0014 0.9980 -0.0632
vn 0.0013 0.9981 -0.0610
vn 0.5946 0.6995 0.3964
vn 0.6077 0.6831 0.4051
vn 0.3736 0.8941 0.2472
vn 0.3605 0.9018 0.2382
vn 0.3605 0.9018 0.2382
vn 0.3736 0.8941 0.2472
vn 0.1707 0.9793 0.1088
vn 0.1642 0.9809 0.1042
vn 0.1642 0.9809 0.1042
vn 0.1707 0.9793 0.1088
vn 0.0866 0.9951 0.0483
vn 0.0839 0.9954 0.0462
vn 0.0839 0.9954 0.0462
vn 0.0866 0.9951 0.0483
vn 0.0415 0.9991 0.0121
vn 0.0409 0.9991 0.0116
vn 0.0409 0.9991 0.0116
vn 0.0415 0.9991 0.0121
vn 0.0165 0.9998 -0.0121
vn 0.0170 0.9998 -0.0115
vn 0.0170 0.9998 -0.0115
vn 0.0165 0.9998 -0.0121
vn 0.0038 0.9996 -0.0285
vn 0.0047 0.9996 -0.0273
vn 0.0047 0.9996 -0.0273
vn 0.0038 0.9996 -0.0285
vn -0.0014 0.9992 -0.0399
vn -0.0005 0.9993 -0.0382
vn -0.0005 0.9993 -0.0382
vn -0.0014 0.9992 -0.0399
vn -0.0027 0.9988 -0.0483
vn -0.0019 0.9989 -0.0462
vn -0.0019 0.9989 -0.0462
vn -0.0027 0.9988 -0.0483
vn -0.0019 0.9985 -0.0550
vn -0.0014 0.9986 -0.0526
vn -0.0014 0.9986 -0.0526
vn -0.0019 0.9985 -0.0550
vn -0.0005 0.9982 -0.0605
vn -0.0002 0.9983 -0.0578
vn -0.0002 0.9983 -0.0578
vn -0.0005 0.9982 -0.0605
vn 0.0009 0.9979 -0.0641
vn 0.0009 0.9981 -0.0613
vn 0.0009 0.9981 -0.0613
vn 0.0009 0.9979 -0.0641
vn 0.0014 0.9978 -0.0662
vn 0.0014 0.9980 -0.0632
vn 0.6077 0.6831 0.4051
vn 0.6241 0.6613 0.4161
vn 0.3910 0.8832 0.2590
vn 0.3736 0.8941 0.2472
vn 0.3736 0.8941 0.2472
vn 0.3910 0.8832 0.2590
vn 0.1795 0.9770 0.1152
vn 0.1707 0.9793 0.1088
vn 0.1707 0.9793 0.1088
vn 0.1795 0.9770 0.1152
vn 0.0903 0.9946 0.0512
vn 0.0866 0.9951 0.0483
vn 0.0866 0.9951 0.0483
vn 0.0903 0.9946 0.0512
vn 0.0423 0.9990 0.0128
vn 0.0415 0.9991 0.0121
vn 0.0415 0.9991 0.0121
vn 0.0423 0.9990 0.0128
vn 0.0158 0.9998 -0.0128
vn 0.0165 0.9998 -0.0121
vn 0.0165 0.9998 -0.0121
vn 0.0158 0.9998 -0.0128
vn 0.0025 0.9995 -0.0303
vn 0.0038 0.9996 -0.0285
vn 0.0038 0.9996 -0.0285
vn 0.0025 0.9995 -0.0303
vn -0.0028 0.9991 -0.0424
vn -0.0014 0.9992 -0.0399
vn -0.0014 0.9992 -0.0399
vn -0.0028 0.9991 -0.0424
vn -0.0037 0.9987 -0.0513
vn -0.0027 0.9988 -0.0483
vn -0.0027 0.9988 -0.0483
vn -0.0037 0.9987 -0.0513
vn -0.0026 0.9983 -0.0584
vn -0.0019 0.9985 -0.0550
vn -0.0019 0.9985 -0.0550
vn -0.0026 0.9983 -0.0584
vn -0.0008 0.9979 -0.0641
vn -0.0005 0.9982 -0.0605
vn -0.0005 0.9982 -0.0605
vn -0.0008 0.9979 -0.0641
vn 0.0009 0.9977 -0.0680
vn 0.0009 0.9979 -0.0641
vn 0.0009 0.9979 -0.0641
vn 0.0009 0.9977 -0.0680
vn 0.0015 0.9975 -0.0702
vn 0.0014 0.9978 -0.0662
vn 0.6241 0.6613 0.4161
vn 0.6454 0.6311 0.4303
vn 0.4151 0.8670 0.2755
vn 0.3910 0.8832 0.2590
vn 0.3910 0.8832 0.2590
vn 0.4151 0.8670 0.2755
vn 0.1923 0.9734 0.1244
vn 0.1795 0.9770 0.1152
vn 0.1795 0.9770 0.1152
vn 0.1923 0.9734 0.1244
vn 0.0957 0.9939 0.0555
vn 0.0903 0.9946 0.0512
vn 0.0903 0.9946 0.0512
vn 0.0957 0.9939 0.0555
vn 0.0435 0.9990 0.0139
vn 0.0423 0.9990 0.0128
vn 0.0423 0.9990 0.0128
vn 0.0435 0.9990 0.0139
vn 0.0148 0.9998 -0.0139
vn 0.0158 0.9998 -0.0128
vn 0.0158 0.9998 -0.0128
vn 0.0148 0.9998 -0.0139
vn 0.0006 0.9995 -0.0328
vn 0.0025 0.9995 -0.0303
vn 0.0025 0.9995 -0.0303
vn 0.0006 0.9995 -0.0328
vn -0.0047 0.9989 -0.0459
vn -0.0028 0.9991 -0.0424
vn -0.0028 0.9991 -0.0424
vn -0.0047 0.9989 -0.0459
vn -0.0052 0.9984 -0.0555
vn -0.0037 0.9987 -0.0513
vn -0.0037 0.9987 -0.0513
vn -0.0052 0.9984 -0.0555
vn -0.0036 0.9980 -0.0633
vn -0.0026 0.9983 -0.0584
vn -0.0026 0.9983 -0.0584
vn -0.0036 0.9980 -0.0633
vn -0.0012 0.9976 -0.0695
vn -0.0008 0.9979 -0.0641
vn -0.0008 0.9979 -0.0641
vn -0.0012 0.9976 -0.0695
vn 0.0008 0.9973 -0.0737
vn 0.0009 0.9977 -0.0680
vn 0.0009 0.9977 -0.0680
vn 0.0008 0.9973 -0.0737
vn 0.0017 0.9971 -0.0760
vn 0.0015 0.9975 -0.0702
vn 0.6454 0.6311 0.4303
vn 0.6737 0.5869 0.4491
vn 0.4508 0.8407 0.2999
vn 0.4151 0.8670 0.2755
vn 0.4151 0.8670 0.2755
vn 0.4508 0.8407 0.2999
vn 0.2122 0.9673 0.1387
vn 0.1923 0.9734 0.1244
vn 0.1923 0.9734 0.1244
vn 0.2122 0.9673 0.1387
vn 0.1042 0.9926 0.0622
vn 0.0957 0.9939 0.0555
vn 0.0957 0.9939 0.0555
vn 0.1042 0.9926 0.0622
vn 0.0454 0.9988 0.0156
vn 0.0435 0.9990 0.0139
vn 0.0435 0.9990 0.0139
vn 0.0454 0.9988 0.0156
vn 0.0132 0.9998 -0.0156
vn 0.0148 0.9998 -0.0139
vn 0.0148 0.9998 -0.0139
vn 0.0132 0.9998 -0.0156
vn -0.0023 0.9993 -0.0368
vn 0.0006 0.9995 -0.0328
vn 0.0006 0.9995 -0.0328
vn -0.0023 0.9993 -0.0368
vn -0.0077 0.9986 -0.0515
vn -0.0047 0.9989 -0.0459
vn -0.0047 0.9989 -0.0459
vn -0.0077 0.9986 -0.0515
vn -0.0077 0.9980 -0.0623
vn -0.0052 0.9984 -0.0555
vn -0.0052 0.9984 -0.0555
vn -0.0077 0.9980 -0.0623
vn -0.0051 0.9975 -0.0710
vn -0.0036 0.9980 -0.0633
vn -0.0036 0.9980 -0.0633
vn -0.0051 0.9975 -0.0710
vn -0.0019 0.9970 -0.0779
vn -0.0012 0.9976 -0.0695
vn -0.0012 0.9976 -0.0695
vn -0.0019 0.9970 -0.0779
vn 0.0008 0.9966 -0.0826
vn 0.0008 0.9973 -0.0737
vn 0.0008 0.9973 -0.0737
vn 0.0008 0.9966 -0.0826
vn 0.0019 0.9964 -0.0853
vn 0.0017 0.9971 -0.0760
vn 0.6737 0.5869 0.4491
vn 0.7122 0.5170 0.4748
vn 0.5079 0.7919 0.3390
vn 0.4508 0.8407 0.2999
vn 0.4508 0.8407 0.2999
vn 0.5079 0.7919 0.3390
vn 0.2478 0.9548 0.1643
vn 0.2122 0.9673 0.1387
vn 0.2122 0.9673 0.1387
vn 0.2478 0.9548 0.1643
vn 0.1198 0.9900 0.0744
vn 0.1042 0.9926 0.0622
vn 0.1042 0.9926 0.0622
vn 0.1198 0.9900 0.0744
vn 0.0489 0.9986 0.0187
vn 0.0454 0.9988 0.0156
vn 0.0454 0.9988 0.0156
vn 0.0489 0.9986 0.0187
vn 0.0103 0.9998 -0.0187
vn 0.0132 0.9998 -0.0156
vn 0.0132 0.9998 -0.0156
vn 0.0103 0.9998 -0.0187
vn -0.0078 0.9990 -0.0442
vn -0.0023 0.9993 -0.0368
vn -0.0023 0.9993 -0.0368
vn -0.0078 0.9990 -0.0442
vn -0.0133 0.9980 -0.0618
vn -0.0077 0.9986 -0.0515
vn -0.0077 0.9986 -0.0515
vn -0.0133 0.9980 -0.0618
vn -0.0121 0.9971 -0.0747
vn -0.0077 0.9980 -0.0623
vn -0.0077 0.9980 -0.0623
vn -0.0121 0.9971 -0.0747
vn -0.0080 0.9963 -0.0851
vn -0.0051 0.9975 -0.0710
vn -0.0051 0.9975 -0.0710
vn -0.0080 0.9963 -0.0851
vn -0.0031 0.9956 -0.0934
vn -0.0019 0.9970 -0.0779
vn -0.0019 0.9970 -0.0779
vn -0.0031 0.9956 -0.0934
vn 0.0007 0.9951 -0.0990
vn 0.0008 0.9966 -0.0826
vn 0.0008 0.9966 -0.0826
vn 0.0007 0.9951 -0.0990
vn 0.0022 0.9948 -0.1021
vn 0.0019 0.9964 -0.0853
vn 0.3354 -0.9158 0.2211
vn 0.3421 -0.9122 0.2257
vn 0.5753 -0.7225 0.3835
vn 0.5679 -0.7309 0.3786
vn 0.1521 -0.9837 0.0955
vn 0.1553 -0.9830 0.0978
vn 0.3421 -0.9122 0.2257
vn 0.3354 -0.9158 0.2211
vn 0.0788 -0.9960 0.0422
vn 0.0802 -0.9958 0.0433
vn 0.1553 -0.9830 0.0978
vn 0.1521 -0.9837 0.0955
vn 0.0398 -0.9992 0.0106
vn 0.0401 -0.9991 0.0108
vn 0.0802 -0.9958 0.0433
vn 0.0788 -0.9960 0.0422
vn 0.0179 -0.9998 -0.0105
vn 0.0177 -0.9998 -0.0108
vn 0.0401 -0.9991 0.0108
vn 0.0398 -0.9992 0.0106
vn 0.0065 -0.9997 -0.0249
vn 0.0060 -0.9997 -0.0255
vn 0.0177 -0.9998 -0.0108
vn 0.0179 -0.9998 -0.0105
vn 0.0013 -0.9994 -0.0349
vn 0.0008 -0.9994 -0.0357
vn 0.0060 -0.9997 -0.0255
vn 0.0065 -0.9997 -0.0249
vn -0.0005 -0.9991 -0.0422
vn -0.0008 -0.9991 -0.0433
vn 0.0008 -0.9994 -0.0357
vn 0.0013 -0.9994 -0.0349
vn -0.0005 -0.9988 -0.0481
vn -0.0008 -0.9988 -0.0493
vn -0.0008 -0.9991 -0.0433
vn -0.0005 -0.9991 -0.0422
vn 0.0002 -0.9986 -0.0528
vn 0.0000 -0.9985 -0.0541
vn -0.0008 -0.9988 -0.0493
vn -0.0005 -0.9988 -0.0481
vn 0.0009 -0.9984 -0.0560
vn 0.0009 -0.9983 -0.0574
vn 0.0000 -0.9985 -0.0541
vn 0.0002 -0.9986 -0.0528
vn 0.0013 -0.9983 -0.0578
vn 0.0013 -0.9982 -0.0592
vn 0.0009 -0.9983 -0.0574
vn 0.0009 -0.9984 -0.0560
vn 0.3421 -0.9122 0.2257
vn 0.3503 -0.9076 0.2313
vn 0.5840 -0.7123 0.3893
vn 0.5753 -0.7225 0.3835
vn 0.1553 -0.9830 0.0978
vn 0.1592 -0.9821 0.1006
vn 0.3503 -0.9076 0.2313
vn 0.3421 -0.9122 0.2257
vn 0.0802 -0.9958 0.0433
vn 0.0818 -0.9957 0.0446
vn 0.1592 -0.9821 0.1006
vn 0.1553 -0.9830 0.0978
vn 0.0401 -0.9991 0.0108
vn 0.0404 -0.9991 0.0111
vn 0.0818 -0.9957 0.0446
vn 0.0802 -0.9958 0.0433
vn 0.0177 -0.9998 -0.0108
vn 0.0173 -0.9998 -0.0111
vn 0.0404 -0.9991 0.0111
vn 0.0401 -0.9991 0.0108
vn 0.0060 -0.9997 -0.0255
vn 0.0055 -0.9996 -0.0263
vn 0.0173 -0.9998 -0.0111
vn 0.0177 -0.9998 -0.0108
vn 0.0008 -0.9994 -0.0357
vn 0.0003 -0.9993 -0.0368
vn 0.0055 -0.9996 -0.0263
vn 0.0060 -0.9997 -0.0255
vn -0.0008 -0.9991 -0.0433
vn -0.0013 -0.9990 -0.0446
vn 0.0003 -0.9993 -0.0368
vn 0.0008 -0.9994 -0.0357
vn -0.0008 -0.9988 -0.0493
vn -0.0011 -0.9987 -0.0507
vn -0.0013 -0.9990 -0.0446
vn -0.0008 -0.9991 -0.0433
vn 0.0000 -0.9985 -0.0541
vn -0.0001 -0.9984 -0.0557
vn -0.0011 -0.9987 -0.0507
vn -0.0008 -0.9988 -0.0493
vn 0.0009 -0.9983 -0.0574
vn 0.0009 -0.9983 -0.0591
vn -0.0001 -0.9984 -0.0557
vn 0.0000 -0.9985 -0.0541
vn 0.0013 -0.9982 -0.0592
vn 0.0013 -0.9981 -0.0610
vn 0.0009 -0.9983 -0.0591
vn 0.0009 -0.9983 -0.0574
vn 0.3503 -0.9076 0.2313
vn 0.3605 -0.9018 0.2382
vn 0.5946 -0.6995 0.3964
vn 0.5840 -0.7123 0.3893
vn 0.1592 -0.9821 0.1006
vn 0.1642 -0.9809 0.1042
vn 0.3605 -0.9018 0.2382
vn 0.3503 -0.9076 0.2313
vn 0.0818 -0.9957 0.0446
vn 0.0839 -0.9954 0.0462
vn 0.1642 -0.9809 0.1042
vn 0.1592 -0.9821 0.1006
vn 0.0404 -0.9991 0.0111
vn 0.0409 -0.9991 0.0116
vn 0.0839 -0.9954 0.0462
vn 0.0818 -0.9957 0.0446
vn 0.0173 -0.9998 -0.0111
vn 0.0170 -0.9998 -0.0115
vn 0.0409 -0.9991 0.0116
vn 0.0404 -0.9991 0.0111
vn 0.0055 -0.9996 -0.0263
vn 0.0047 -0.9996 -0.0273
vn 0.0170 -0.9998 -0.0115
vn 0.0173 -0.9998 -0.0111
vn 0.0003 -0.9993 -0.0368
vn -0.0005 -0.9993 -0.0382
vn 0.0047 -0.9996 -0.0273
vn 0.0055 -0.9996 -0.0263
vn -0.0013 -0.9990 -0.0446
vn -0.0019 -0.9989 -0.0462
vn -0.0005 -0.9993 -0.0382
vn 0.0003 -0.9993 -0.0368
vn -0.0011 -0.9987 -0.0507
vn -0.0014 -0.9986 -0.0526
vn -0.0019 -0.9989 -0.0462
vn -0.0013 -0.9990 -0.0446
vn -0.0001 -0.9984 -0.0557
vn -0.0002 -0.9983 -0.0578
vn -0.0014 -0.9986 -0.0526
vn -0.0011 -0.9987 -0.0507
vn 0.0009 -0.9983 -0.0591
vn 0.0009 -0.9981 -0.0613
vn -0.0002 -0.9983 -0.0578
vn -0.0001 -0.9984 -0.0557
vn 0.0013 -0.9981 -0.0610
vn 0.0014 -0.9980 -0.0632
vn 0.0009 -0.9981 -0.0613
vn 0.0009 -0.9983 -0.0591
vn 0.3605 -0.9018 0.2382
vn 0.3736 -0.8941 0.2472
vn 0.6077 -0.6831 0.4051
vn 0.5946 -0.6995 0.3964
vn 0.1642 -0.9809 0.1042
vn 0.1707 -0.9793 0.1088
vn 0.3736 -0.8941 0.2472
vn 0.3605 -0.9018 0.2382
vn 0.0839 -0.9954 0.0462
vn 0.0866 -0.9951 0.0483
vn 0.1707 -0.9793 0.1088
vn 0.1642 -0.9809 0.1042
vn 0.0409 -0.9991 0.0116
vn 0.0415 -0.9991 0.0121
vn 0.0866 -0.9951 0.0483
vn 0.0839 -0.9954 0.0462
vn 0.0170 -0.9998 -0.0115
vn 0.0165 -0.9998 -0.0121
vn 0.0415 -0.9991 0.0121
vn 0.0409 -0.9991 0.0116
vn 0.0047 -0.9996 -0.0273
vn 0.0038 -0.9996 -0.0285
vn 0.0165 -0.9998 -0.0121
vn 0.0170 -0.9998 -0.0115
vn -0.0005 -0.9993 -0.0382
vn -0.0014 -0.9992 -0.0399
vn 0.0038 -0.9996 -0.0285
vn 0.0047 -0.9996 -0.0273
vn -0.0019 -0.9989 -0.0462
vn -0.0027 -0.9988 -0.0483
vn -0.0014 -0.9992 -0.0399
vn -0.0005 -0.9993 -0.0382
vn -0.0014 -0.9986 -0.0526
vn -0.0019 -0.9985 -0.0550
vn -0.0027 -0.9988 -0.0483
vn -0.0019 -0.9989 -0.0462
vn -0.0002 -0.9983 -0.0578
vn -0.0005 -0.9982 -0.0605
vn -0.0019 -0.9985 -0.0550
vn -0.0014 -0.9986 -0.0526
vn 0.0009 -0.9981 -0.0613
vn 0.0009 -0.9979 -0.0641
vn -0.0005 -0.9982 -0.0605
vn -0.0002 -0.9983 -0.0578
vn 0.0014 -0.9980 -0.0632
vn 0.0014 -0.9978 -0.0662
vn 0.0009 -0.9979 -0.0641
vn 0.0009 -0.9981 -0.0613
vn 0.3736 -0.8941 0.2472
vn 0.3910 -0.8832 0.2590
vn 0.6241 -0.6613 0.4161
vn 0.6077 -0.6831 0.4051
vn 0.1707 -0.9793 0.1088
vn 0.1795 -0.9770 0.1152
vn 0.3910 -0.8832 0.2590
vn 0.3736 -0.8941 0.2472
vn 0.0866 -0.9951 0.0483
vn 0.0903 -0.9946 0.0512
vn 0.1795 -0.9770 0.1152
vn 0.1707 -0.9793 0.1088
vn 0.0415 -0.9991 0.0121
vn 0.0423 -0.9990 0.0128
vn 0.0903 -0.9946 0.0512
vn 0.0866 -0.9951 0.0483
vn 0.0165 -0.9998 -0.0121
vn 0.0158 -0.9998 -0.0128
vn 0.0423 -0.9990 0.0128
vn 0.0415 -0.9991 0.0121
vn 0.0038 -0.9996 -0.0285
vn 0.0025 -0.9995 -0.0303
vn 0.0158 -0.9998 -0.0128
vn 0.0165 -0.9998 -0.0121
vn -0.0014 -0.9992 -0.0399
vn -0.0028 -0.9991 -0.0424
vn 0.0025 -0.9995 -0.0303
vn 0.0038 -0.9996 -0.0285
vn -0.0027 -0.9988 -0.0483
vn -0.0037 -0.9987 -0.0513
vn -0.0028 -0.9991 -0.0424
vn -0.0014 -0.9992 -0.0399
vn -0.0019 -0.9985 -0.0550
vn -0.0026 -0.9983 -0.0584
vn -0.0037 -0.9987 -0.0513
vn -0.0027 -0.9988 -0.0483
vn -0.0005 -0.9982 -0.0605
vn -0.0008 -0.9979 -0.0641
vn -0.0026 -0.9983 -0.0584
vn -0.0019 -0.9985 -0.0550
vn 0.0009 -0.9979 -0.0641
vn 0.0009 -0.9977 -0.0680
vn -0.0008 -0.9979 -0.0641
vn -0.0005 -0.9982 -0.0605
vn 0.0014 -0.9978 -0.0662
vn 0.0015 -0.9975 -0.0702
vn 0.0009 -0.9977 -0.0680
vn 0.0009 -0.9979 -0.0641
vn 0.3910 -0.8832 0.2590
vn 0.4151 -0.8670 0.2755
vn 0.6454 -0.6311 0.4303
vn 0.6241 -0.6613 0.4161
vn 0.1795 -0.9770 0.1152
vn 0.1923 -0.9734 0.1244
vn 0.4151 -0.8670 0.2755
vn 0.3910 -0.8832 0.2590
vn 0.0903 -0.9946 0.0512
vn 0.0957 -0.9939 0.0555
vn 0.1923 -0.9734 0.1244
vn 0.1795 -0.9770 0.1152
vn 0.0423 -0.9990 0.0128
vn 0.0435 -0.9990 0.0139
vn 0.0957 -0.9939 0.0555
vn 0.0903 -0.9946 0.0512
vn 0.0158 -0.9998 -0.0128
vn 0.0148 -0.9998 -0.0139
vn 0.0435 -0.9990 0.0139
vn 0.0423 -0.9990 0.0128
vn 0.0025 -0.9995 -0.0303
vn 0.0006 -0.9995 -0.0328
vn 0.0148 -0.9998 -0.0139
vn 0.0158 -0.9998 -0.0128
vn -0.0028 -0.9991 -0.0424
vn -0.0047 -0.9989 -0.0459
vn 0.0006 -0.9995 -0.0328
vn 0.0025 -0.9995 -0.0303
vn -0.0037 -0.9987 -0.0513
vn -0.0052 -0.9984 -0.0555
vn -0.0047 -0.9989 -0.0459
vn -0.0028 -0.9991 -0.0424
vn -0.0026 -0.9983 -0.0584
vn -0.0036 -0.9980 -0.0633
vn -0.0052 -0.9984 -0.0555
vn -0.0037 -0.9987 -0.0513
vn -0.0008 -0.9979 -0.0641
vn -0.0012 -0.9976 -0.0695
vn -0.0036 -0.9980 -0.0633
vn -0.0026 -0.9983 -0.0584
vn 0.0009 -0.9977 -0.0680
vn 0.0008 -0.9973 -0.0737
vn -0.0012 -0.9976 -0.0695
vn -0.0008 -0.9979 -0.0641
vn 0.0015 -0.9975 -0.0702
vn 0.0017 -0.9971 -0.0760
vn 0.0008 -0.9973 -0.0737
vn 0.0009 -0.9977 -0.0680
vn 0.4151 -0.8670 0.2755
vn 0.4508 -0.8407 0.2999
vn 0.6737 -0.5869 0.4491
vn 0.6454 -0.6311 0.4303
vn 0.1923 -0.9734 0.1244
vn 0.2122 -0.9673 0.1387
vn 0.4508 -0.8407 0.2999
vn 0.4151 -0.8670 0.2755
vn 0.0957 -0.9939 0.0555
vn 0.1042 -0.9926 0.0622
vn 0.2122 -0.9673 0.1387
vn 0.1923 -0.9734 0.1244
vn 0.0435 -0.9990 0.0139
vn 0.0454 -0.9988 0.0156
vn 0.1042 -0.9926 0.0622
vn 0.0957 -0.9939 0.0555
vn 0.0148 -0.9998 -0.0139
vn 0.0132 -0.9998 -0.0156
vn 0.0454 -0.9988 0.0156
vn 0.0435 -0.9990 0.0139
vn 0.0006 -0.9995 -0.0328
vn -0.0023 -0.9993 -0.0368
vn 0.0132 -0.9998 -0.0156
vn 0.0148 -0.9998 -0.0139
vn -0.0047 -0.9989 -0.0459
vn -0.0077 -0.9986 -0.0515
vn -0.0023 -0.9993 -0.0368
vn 0.0006 -0.9995 -0.0328
vn -0.0052 -0.9984 -0.0555
vn -0.0077 -0.9980 -0.0623
vn -0.0077 -0.9986 -0.0515
vn -0.0047 -0.9989 -0.0459
vn -0.0036 -0.9980 -0.0633
vn -0.0051 -0.9975 -0.0710
vn -0.0077 -0.9980 -0.0623
vn -0.0052 -0.9984 -0.0555
vn -0.0012 -0.9976 -0.0695
vn -0.0019 -0.9970 -0.0779
vn -0.0051 -0.9975 -0.0710
vn -0.0036 -0.9980 -0.0633
vn 0.0008 -0.9973 -0.0737
vn 0.0008 -0.9966 -0.0826
vn -0.0019 -0.9970 -0.0779
vn -0.0012 -0.9976 -0.0695
vn 0.0017 -0.9971 -0.0760
vn 0.0019 -0.9964 -0.0853
vn 0.0008 -0.9966 -0.0826
vn 0.0008 -0.9973 -0.0737
vn 0.4508 -0.8407 0.2999
vn 0.5079 -0.7919 0.3390
vn 0.7122 -0.5170 0.4748
vn 0.6737 -0.5869 0.4491
vn 0.2122 -0.9673 0.1387
vn 0.2478 -0.9548 0.1643
vn 0.5079 -0.7919 0.3390
vn 0.4508 -0.8407 0.2999
vn 0.1042 -0.9926 0.0622
vn 0.1198 -0.9900 0.0744
vn 0.2478 -0.9548 0.1643
vn 0.2122 -0.9673 0.1387
vn 0.0454 -0.9988 0.0156
vn 0.0489 -0.9986 0.0187
vn 0.1198 -0.9900 0.0744
vn 0.1042 -0.9926 0.0622
vn 0.0132 -0.9998 -0.0156
vn 0.0103 -0.9998 -0.0187
vn 0.0489 -0.9986 0.0187
vn 0.0454 -0.9988 0.0156
vn -0.0023 -0.9993 -0.0368
vn -0.0078 -0.9990 -0.0442
vn 0.0103 -0.9998 -0.0187
vn 0.0132 -0.9998 -0.0156
vn -0.0077 -0.9986 -0.0515
vn -0.0133 -0.9980 -0.0618
vn -0.0078 -0.9990 -0.0442
vn -0.0023 -0.9993 -0.0368
vn -0.0077 -0.9980 -0.0623
vn -0.0121 -0.9971 -0.0747
vn -0.0133 -0.9980 -0.0618
vn -0.0077 -0.9986 -0.0515
vn -0.0051 -0.9975 -0.0710
vn -0.0080 -0.9963 -0.0851
vn -0.0121 -0.9971 -0.0747
vn -0.0077 -0.9980 -0.0623
vn -0.0019 -0.9970 -0.0779
vn -0.0031 -0.9956 -0.0934
vn -0.0080 -0.9963 -0.0851
vn -0.0051 -0.9975 -0.0710
vn 0.0008 -0.9966 -0.0826
vn 0.0007 -0.9951 -0.0990
vn -0.0031 -0.9956 -0.0934
vn -0.0019 -0.9970 -0.0779
vn 0.0019 -0.9964 -0.0853
vn 0.0022 -0.9948 -0.1021
vn 0.0007 -0.9951 -0.0990
vn 0.0008 -0.9966 -0.0826
vn 1.0000 0.0000 0.0000
vn 1.0000 0.0000 0.0000
vn 1.0000 0.0000 0.0000
vn 1.0000 0.0000 0.0000
vn 1.0000 0.0000 0.0000
vn 1.0000 0.0000 0.0000
vn 1.0000 0.0000 0.0000
vn 1.0000 0.0000 0.0000
vn 1.0000 0.0000 0.0000
vn 1.0000 0.0000 0.0000
vn 1.0000 0.0000 0.0000
vn 1.0000 0.0000 0.0000
vn 1.0000 0.0000 0.0000
vn 1.0000 0.0000 0.0000
vn 1.0000 0.0000 0.0000
vn 1.0000 0.0000 0.0000
vn 1.0000 0.0000 0.0000
vn 1.0000 0.0000 0.0000
vn 1.0000 0.0000 0.0000
vn 1.0000 0.0000 0.0000
vn 1.0000 0.0000 0.0000
vn 1.0000 0.0000 0.0000
vn 1.0000 0.0000 0.0000
vn 1.0000 0.0000 0.0000
vn 1.0000 0.0000 0.0000
vn 1.0000 0.0000 0.0000
vn 1.0000 0.0000 0.0000
vn 1.0000 0.0000 0.0000
vn 1.0000 0.0000 0.0000
vn 1.0000 0.0000 0.0000
vn 1.0000 0.0000 0.0000
vn 1.0000 0.0000 0.0000
vn 1.0000 0.0000 0.0000
vn 1.0000 0.0000 0.0000
vn 1.0000 0.0000 0.0000
vn 1.0000 0.0000 0.0000
vn 1.0000 0.0000 0.0000
vn 1.0000 0.0000 0.0000
vn 1.0000 0.0000 0.0000
vn 1.0000 0.0000 0.0000
vn 1.0000 0.0000 0.0000
vn 1.0000 0.0000 0.0000
vn 1.0000 0.0000 0.0000
vn 1.0000 0.0000 0.0000
vn 1.0000 0.0000 0.0000
vn 1.0000 0.0000 0.0000
vn 1.0000 0.0000 0.0000
vn 1.0000 0.0000 0.0000
vn -0.3354 0.9158 0.2211
vn -0.3421 0.9122 0.2257
vn -0.5753 0.7225 0.3835
vn -0.5679 0.7309 0.3786
vn -0.1521 0.9837 0.0955
vn -0.1553 0.9830 0.0978
vn -0.3421 0.9122 0.2257
vn -0.3354 0.9158 0.2211
vn -0.0788 0.9960 0.0422
vn -0.0802 0.9958 0.0433
vn -0.1553 0.9830 0.0978
vn -0.1521 0.9837 0.0955
vn -0.0398 0.9992 0.0106
vn -0.0401 0.9991 0.0108
vn -0.0802 0.9958 0.0433
vn -0.0788 0.9960 0.0422
vn -0.0179 0.9998 -0.0105
vn -0.0177 0.9998 -0.0108
vn -0.0401 0.9991 0.0108
vn -0.0398 0.9992 0.0106
vn -0.0065 0.9997 -0.0249
vn -0.0060 0.9997 -0.0255
vn -0.0177 0.9998 -0.0108
vn -0.0179 0.9998 -0.0105
vn -0.0013 0.9994 -0.0349
vn -0.0008 0.9994 -0.0357
vn -0.0060 0.9997 -0.0255
vn -0.0065 0.9997 -0.0249
vn 0.0005 0.9991 -0.0422
vn 0.0008 0.9991 -0.0433
vn -0.0008 0.9994 -0.0357
vn -0.0013 0.9994 -0.0349
vn 0.0005 0.9988 -0.0481
vn 0.0008 0.9988 -0.0493
vn 0.0008 0.9991 -0.0433
vn 0.0005 0.9991 -0.0422
vn -0.0002 0.9986 -0.0528
vn -0.0000 0.9985 -0.0541
vn 0.0008 0.9988 -0.0493
vn 0.0005 0.9988 -0.0481
vn -0.0009 0.9984 -0.0560
vn -0.0009 0.9983 -0.0574
vn -0.0000 0.9985 -0.0541
vn -0.0002 0.9986 -0.0528
vn -0.0013 0.9983 -0.0578
vn -0.0013 0.9982 -0.0592
vn -0.0009 0.9983 -0.0574
vn -0.0009 0.9984 -0.0560
vn -0.3421 0.9122 0.2257
vn -0.3503 0.9076 0.2313
vn -0.5840 0.7123 0.3893
vn -0.5753 0.7225 0.3835
vn -0.1553 0.9830 0.0978
vn -0.1592 0.9821 0.1006
vn -0.3503 0.9076 0.2313
vn -0.3421 0.9122 0.2257
vn -0.0802 0.9958 0.0433
vn -0.0818 0.9957 0.0446
vn -0.1592 0.9821 0.1006
vn -0.1553 0.9830 0.0978
vn -0.0401 0.9991 0.0108
vn -0.0404 0.9991 0.0111
vn -0.0818 0.9957 0.0446
vn -0.0802 0.9958 0.0433
vn -0.0177 0.9998 -0.0108
vn -0.0173 0.9998 -0.0111
vn -0.0404 0.9991 0.0111
vn -0.0401 0.9991 0.0108
vn -0.0060 0.9997 -0.0255
vn -0.0055 0.9996 -0.0263
vn -0.0173 0.9998 -0.0111
vn -0.0177 0.9998 -0.0108
vn -0.0008 0.9994 -0.0357
vn -0.0003 0.9993 -0.0368
vn -0.0055 0.9996 -0.0263
vn -0.0060 0.9997 -0.0255
vn 0.0008 0.9991 -0.0433
vn 0.0013 0.9990 -0.0446
vn -0.0003 0.9993 -0.0368
vn -0.0008 0.9994 -0.0357
vn 0.0008 0.9988 -0.0493
vn 0.0011 0.9987 -0.0507
vn 0.0013 0.9990 -0.0446
vn 0.0008 0.9991 -0.0433
vn -0.0000 0.9985 -0.0541
vn 0.0001 0.9984 -0.0557
vn 0.0011 0.9987 -0.0507
vn 0.0008 0.9988 -0.0493
vn -0.0009 0.9983 -0.0574
vn -0.0009 0.9983 -0.0591
vn 0.0001 0.9984 -0.0557
vn -0.0000 0.9985 -0.0541
vn -0.0013 0.9982 -0.0592
vn -0.0013 0.9981 -0.0610
vn -0.0009 0.9983 -0.0591
vn -0.0009 0.9983 -0.0574
vn -0.3503 0.9076 0.2313
vn -0.3605 0.9018 0.2382
vn -0.5946 0.6995 0.3964
vn -0.5840 0.7123 0.3893
vn -0.1592 0.9821 0.1006
vn -0.1642 0.9809 0.1042
vn -0.3605 0.9018 0.2382
vn -0.3503 0.9076 0.2313
vn -0.0818 0.9957 0.0446
vn -0.0839 0.9954 0.0462
vn -0.1642 0.9809 0.1042
vn -0.1592 0.9821 0.1006
vn -0.0404 0.9991 0.0111
vn -0.0409 0.9991 0.0116
vn -0.0839 0.9954 0.0462
vn -0.0818 0.9957 0.0446
vn -0.0173 0.9998 -0.0111
vn -0.0170 0.9998 -0.0115
vn -0.0409 0.9991 0.0116
vn -0.0404 0.9991 0.0111
vn -0.0055 0.9996 -0.0263
vn -0.0047 0.9996 -0.0273
vn -0.0170 0.9998 -0.0115
vn -0.0173 0.9998 -0.0111
vn -0.0003 0.9993 -0.0368
vn 0.0005 0.9993 -0.0382
vn -0.0047 0.9996 -0.0273
vn -0.0055 0.9996 -0.0263
vn 0.0013 0.9990 -0.0446
vn 0.0019 0.9989 -0.0462
vn 0.0005 0.9993 -0.0382
vn -0.0003 0.9993 -0.0368
vn 0.0011 0.9987 -0.0507
vn 0.0014 0.9986 -0.0526
vn 0.0019 0.9989 -0.0462
vn 0.0013 0.9990 -0.0446
vn 0.0001 0.9984 -0.0557
vn 0.0002 0.9983 -0.0578
vn 0.0014 0.9986 -0.0526
vn 0.0011 0.9987 -0.0507
vn -0.0009 0.9983 -0.0591
vn -0.0009 0.9981 -0.0613
vn 0.0002 0.9983 -0.0578
vn 0.0001 0.9984 -0.0557
vn -0.0013 0.9981 -0.0610
vn -0.0014 0.9980 -0.0632
vn -0.0009 0.9981 -0.0613
vn -0.0009 0.9983 -0.0591
vn -0.3605 0.9018 0.2382
vn -0.3736 0.8941 0.2472
vn -0.6077 0.6831 0.4051
vn -0.5946 0.6995 0.3964
vn -0.1642 0.9809 0.1042
vn -0.1707 0.9793 0.1088
vn -0.3736 0.8941 0.2472
vn -0.3605 0.9018 0.2382
vn -0.0839 0.9954 0.0462
vn -0.0866 0.9951 0.0483
vn -0.1707 0.9793 0.1088
vn -0.1642 0.9809 0.1042
vn -0.0409 0.9991 0.0116
vn -0.0415 0.9991 0.0121
vn -0.0866 0.9951 0.0483
vn -0.0839 0.9954 0.0462
vn -0.0170 0.9998 -0.0115
vn -0.0165 0.9998 -0.0121
vn -0.0415 0.9991 0.0121
vn -0.0409 0.9991 0.0116
vn -0.0047 0.9996 -0.0273
vn -0.0038 0.9996 -0.0285
vn -0.0165 0.9998 -0.0121
vn -0.0170 0.9998 -0.0115
vn 0.0005 0.9993 -0.0382
vn 0.0014 0.9992 -0.0399
vn -0.0038 0.9996 -0.0285
vn -0.0047 0.9996 -0.0273
vn 0.0019 0.9989 -0.0462
vn 0.0027 0.9988 -0.0483
vn 0.0014 0.9992 -0.0399
vn 0.0005 0.9993 -0.0382
vn 0.0014 0.9986 -0.0526
vn 0.0019 0.9985 -0.0550
vn 0.0027 0.9988 -0.0483
vn 0.0019 0.9989 -0.0462
vn 0.0002 0.9983 -0.0578
vn 0.0005 0.9982 -0.0605
vn 0.0019 0.9985 -0.0550
vn 0.0014 0.9986 -0.0526
vn -0.0009 0.9981 -0.0613
vn -0.0009 0.9979 -0.0641
vn 0.0005 0.9982 -0.0605
vn 0.0002 0.9983 -0.0578
vn -0.0014 0.9980 -0.0632
vn -0.0014 0.9978 -0.0662
vn -0.0009 0.9979 -0.0641
vn -0.0009 0.9981 -0.0613
vn -0.3736 0.8941 0.2472
vn -0.3910 0.8832 0.2590
vn -0.6241 0.6613 0.4161
vn -0.6077 0.6831 0.4051
vn -0.1707 0.9793 0.1088
vn -0.1795 0.9770 0.1152
vn -0.3910 0.8832 0.2590
vn -0.3736 0.8941 0.2472
vn -0.0866 0.9951 0.0483
vn -0.0903 0.9946 0.0512
vn -0.1795 0.9770 0.1152
vn -0.1707 0.9793 0.1088
vn -0.0415 0.9991 0.0121
vn -0.0423 0.9990 0.0128
vn -0.0903 0.9946 0.0512
vn -0.0866 0.9951 0.0483
vn -0.0165 0.9998 -0.0121
vn -0.0158 0.9998 -0.0128
vn -0.0423 0.9990 0.0128
vn -0.0415 0.9991 0.0121
vn -0.0038 0.9996 -0.0285
vn -0.0025 0.9995 -0.0303
vn -0.0158 0.9998 -0.0128
vn -0.0165 0.9998 -0.0121
vn 0.0014 0.9992 -0.0399
vn 0.0028 0.9991 -0.0424
vn -0.0025 0.9995 -0.0303
vn -0.0038 0.9996 -0.0285
vn 0.0027 0.9988 -0.0483
vn 0.0037 0.9987 -0.0513
vn 0.0028 0.9991 -0.0424
vn 0.0014 0.9992 -0.0399
vn 0.0019 0.9985 -0.0550
vn 0.0026 0.9983 -0.0584
vn 0.0037 0.9987 -0.0513
vn 0.0027 0.9988 -0.0483
vn 0.0005 0.9982 -0.0605
vn 0.0008 0.9979 -0.0641
vn 0.0026 0.9983 -0.0584
vn 0.0019 0.9985 -0.0550
vn -0.0009 0.9979 -0.0641
vn -0.0009 0.9977 -0.0680
vn 0.0008 0.9979 -0.0641
vn 0.0005 0.9982 -0.0605
vn -0.0014 0.9978 -0.0662
vn -0.0015 0.9975 -0.0702
vn -0.0009 0.9977 -0.0680
vn -0.0009 0.9979 -0.0641
vn -0.3910 0.8832 0.2590
vn -0.4151 0.8670 0.2755
vn -0.6454 0.6311 0.4303
vn -0.6241 0.6613 0.4161
vn -0.1795 0.9770 0.1152
vn -0.1923 0.9734 0.1244
vn -0.4151 0.8670 0.2755
vn -0.3910 0.8832 0.2590
vn -0.0903 0.9946 0.0512
vn -0.0957 0.9939 0.0555
vn -0.1923 0.9734 0.1244
vn -0.1795 0.9770 0.1152
vn -0.0423 0.9990 0.0128
vn -0.0435 0.9990 0.0139
vn -0.0957 0.9939 0.0555
vn -0.0903 0.9946 0.0512
vn -0.0158 0.9998 -0.0128
vn -0.0148 0.9998 -0.0139
vn -0.0435 0.9990 0.0139
vn -0.0423 0.9990 0.0128
vn -0.0025 0.9995 -0.0303
vn -0.0006 0.9995 -0.0328
vn -0.0148 0.9998 -0.0139
vn -0.0158 0.9998 -0.0128
vn 0.0028 0.9991 -0.0424
vn 0.0047 0.9989 -0.0459
vn -0.0006 0.9995 -0.0328
vn -0.0025 0.9995 -0.0303
vn 0.0037 0.9987 -0.0513
vn 0.0052 0.9984 -0.0555
vn 0.0047 0.9989 -0.0459
vn 0.0028 0.9991 -0.0424
vn 0.0026 0.9983 -0.0584
vn 0.0036 0.9980 -0.0633
vn 0.0052 0.9984 -0.0555
vn 0.0037 0.9987 -0.0513
vn 0.0008 0.9979 -0.0641
vn 0.0012 0.9976 -0.0695
vn 0.0036 0.9980 -0.0633
vn 0.0026 0.9983 -0.0584
vn -0.0009 0.9977 -0.0680
vn -0.0008 0.9973 -0.0737
vn 0.0012 0.9976 -0.0695
vn 0.0008 0.9979 -0.0641
vn -0.0015 0.9975 -0.0702
vn -0.0017 0.9971 -0.0760
vn -0.0008 0.9973 -0.0737
vn -0.0009 0.9977 -0.0680
vn -0.4151 0.8670 0.2755
vn -0.4508 0.8407 0.2999
vn -0.6737 0.5869 0.4491
vn -0.6454 0.6311 0.4303
vn -0.1923 0.9734 0.1244
vn -0.2122 0.9673 0.1387
vn -0.4508 0.8407 0.2999
vn -0.4151 0.8670 0.2755
vn -0.0957 0.9939 0.0555
vn -0.1042 0.9926 0.0622
vn -0.2122 0.9673 0.1387
vn -0.1923 0.9734 0.1244
vn -0.0435 0.9990 0.0139
vn -0.0454 0.9988 0.0156
vn -0.1042 0.9926 0.0622
vn -0.0957 0.9939 0.0555
vn -0.0148 0.9998 -0.0139
vn -0.0132 0.9998 -0.0156
vn -0.0454 0.9988 0.0156
vn -0.0435 0.9990 0.0139
vn -0.0006 0.9995 -0.0328
vn 0.0023 0.9993 -0.0368
vn -0.0132 0.9998 -0.0156
vn -0.0148 0.9998 -0.0139
vn 0.0047 0.9989 -0.0459
vn 0.0077 0.9986 -0.0515
vn 0.0023 0.9993 -0.0368
vn -0.0006 0.9995 -0.0328
vn 0.0052 0.9984 -0.0555
vn 0.0077 0.9980 -0.0623
vn 0.0077 0.9986 -0.0515
vn 0.0047 0.9989 -0.0459
vn 0.0036 0.9980 -0.0633
vn 0.0051 0.9975 -0.0710
vn 0.0077 0.9980 -0.0623
vn 0.0052 0.9984 -0.0555
vn 0.0012 0.9976 -0.0695
vn 0.0019 0.9970 -0.0779
vn 0.0051 0.9975 -0.0710
vn 0.0036 0.9980 -0.0633
vn -0.0008 0.9973 -0.0737
vn -0.0008 0.9966 -0.0826
vn 0.0019 0.9970 -0.0779
vn 0.0012 0.9976 -0.0695
vn -0.0017 0.9971 -0.0760
vn -0.0019 0.9964 -0.0853
vn -0.0008 0.9966 -0.0826
vn -0.0008 0.9973 -0.0737
vn -0.4508 0.8407 0.2999
vn -0.5079 0.7919 0.3390
vn -0.7122 0.5170 0.4748
vn -0.6737 0.5869 0.4491
vn -0.2122 0.9673 0.1387
vn -0.2478 0.9548 0.1643
vn -0.5079 0.7919 0.3390
vn -0.4508 0.8407 0.2999
vn -0.1042 0.9926 0.0622
vn -0.1198 0.9900 0.0744
vn -0.2478 0.9548 0.1643
vn -0.2122 0.9673 0.1387
vn -0.0454 0.9988 0.0156
vn -0.0489 0.9986 0.0187
vn -0.1198 0.9900 0.0744
vn -0.1042 0.9926 0.0622
vn -0.0132 0.9998 -0.0156
vn -0.0103 0.9998 -0.0187
vn -0.0489 0.9986 0.0187
vn -0.0454 0.9988 0.0156
vn 0.0023 0.9993 -0.0368
vn 0.0078 0.9990 -0.0442
vn -0.0103 0.9998 -0.0187
vn -0.0132 0.9998 -0.0156
vn 0.0077 0.9986 -0.0515
vn 0.0133 0.9980 -0.0618
vn 0.0078 0.9990 -0.0442
vn 0.0023 0.9993 -0.0368
vn 0.0077 0.9980 -0.0623
vn 0.0121 0.9971 -0.0747
vn 0.0133 0.9980 -0.0618
vn 0.0077 0.9986 -0.0515
vn 0.0051 0.9975 -0.0710
vn 0.0080 0.9963 -0.0851
vn 0.0121 0.9971 -0.0747
vn 0.0077 0.9980 -0.0623
vn 0.0019 0.9970 -0.0779
vn 0.0031 0.9956 -0.0934
vn 0.0080 0.9963 -0.0851
vn 0.0051 0.9975 -0.0710
vn -0.0008 0.9966 -0.0826
vn -0.0007 0.9951 -0.0990
vn 0.0031 0.9956 -0.0934
vn 0.0019 0.9970 -0.0779
vn -0.0019 0.9964 -0.0853
vn -0.0022 0.9948 -0.1021
vn -0.0007 0.9951 -0.0990
vn -0.0008 0.9966 -0.0826
vn -0.5679 -0.7309 0.3786
vn -0.5753 -0.7225 0.3835
vn -0.3421 -0.9122 0.2257
vn -0.3354 -0.9158 0.2211
vn -0.3354 -0.9158 0.2211
vn -0.3421 -0.9122 0.2257
vn -0.1553 -0.9830 0.0978
vn -0.1521 -0.9837 0.0955
vn -0.1521 -0.9837 0.0955
vn -0.1553 -0.9830 0.0978
vn -0.0802 -0.9958 0.0433
vn -0.0788 -0.9960 0.0422
vn -0.0788 -0.9960 0.0422
vn -0.0802 -0.9958 0.0433
vn -0.0401 -0.9991 0.0108
vn -0.0398 -0.9992 0.0106
vn -0.0398 -0.9992 0.0106
vn -0.0401 -0.9991 0.0108
vn -0.0177 -0.9998 -0.0108
vn -0.0179 -0.9998 -0.0105
vn -0.0179 -0.9998 -0.0105
vn -0.0177 -0.9998 -0.0108
vn -0.0060 -0.9997 -0.0255
vn -0.0065 -0.9997 -0.0249
vn -0.0065 -0.9997 -0.0249
vn -0.0060 -0.9997 -0.0255
vn -0.0008 -0.9994 -0.0357
vn -0.0013 -0.9994 -0.0349
vn -0.0013 -0.9994 -0.0349
vn -0.0008 -0.9994 -0.0357
vn 0.0008 -0.9991 -0.0433
vn 0.0005 -0.9991 -0.0422
vn 0.0005 -0.9991 -0.0422
vn 0.0008 -0.9991 -0.0433
vn 0.0008 -0.9988 -0.0493
vn 0.0005 -0.9988 -0.0481
vn 0.0005 -0.9988 -0.0481
vn 0.0008 -0.9988 -0.0493
vn -0.0000 -0.9985 -0.0541
vn -0.0002 -0.9986 -0.0528
vn -0.0002 -0.9986 -0.0528
vn -0.0000 -0.9985 -0.0541
vn -0.0009 -0.9983 -0.0574
vn -0.0009 -0.9984 -0.0560
vn -0.0009 -0.9984 -0.0560
vn -0.0009 -0.9983 -0.0574
vn -0.0013 -0.9982 -0.0592
vn -0.0013 -0.9983 -0.0578
vn -0.5753 -0.7225 0.3835
vn -0.5840 -0.7123 0.3893
vn -0.3503 -0.9076 0.2313
vn -0.3421 -0.9122 0.2257
vn -0.3421 -0.9122 0.2257
vn -0.3503 -0.9076 0.2313
vn -0.1592 -0.9821 0.1006
vn -0.1553 -0.9830 0.0978
vn -0.1553 -0.9830 0.0978
vn -0.1592 -0.9821 0.1006
vn -0.0818 -0.9957 0.0446
vn -0.0802 -0.9958 0.0433
vn -0.0802 -0.9958 0.0433
vn -0.0818 -0.9957 0.0446
vn -0.0404 -0.9991 0.0111
vn -0.0401 -0.9991 0.0108
vn -0.0401 -0.9991 0.0108
vn -0.0404 -0.9991 0.0111
vn -0.0173 -0.9998 -0.0111
vn -0.0177 -0.9998 -0.0108
vn -0.0177 -0.9998 -0.0108
vn -0.0173 -0.9998 -0.0111
vn -0.0055 -0.9996 -0.0263
vn -0.0060 -0.9997 -0.0255
vn -0.0060 -0.9997 -0.0255
vn -0.0055 -0.9996 -0.0263
vn -0.0003 -0.9993 -0.0368
vn -0.0008 -0.9994 -0.0357
vn -0.0008 -0.9994 -0.0357
vn -0.0003 -0.9993 -0.0368
vn 0.0013 -0.9990 -0.0446
vn 0.0008 -0.9991 -0.0433
vn 0.0008 -0.9991 -0.0433
vn 0.0013 -0.9990 -0.0446
vn 0.0011 -0.9987 -0.0507
vn 0.0008 -0.9988 -0.0493
vn 0.0008 -0.9988 -0.0493
vn 0.0011 -0.9987 -0.0507
vn 0.0001 -0.9984 -0.0557
vn -0.0000 -0.9985 -0.0541
vn -0.0000 -0.9985 -0.0541
vn 0.0001 -0.9984 -0.0557
vn -0.0009 -0.9983 -0.0591
vn -0.0009 -0.9983 -0.0574
vn -0.0009 -0.9983 -0.0574
vn -0.0009 -0.9983 -0.0591
vn -0.0013 -0.9981 -0.0610
vn -0.0013 -0.9982 -0.0592
vn -0.5840 -0.7123 0.3893
vn -0.5946 -0.6995 0.3964
vn -0.3605 -0.9018 0.2382
vn -0.3503 -0.9076 0.2313
vn -0.3503 -0.9076 0.2313
vn -0.3605 -0.9018 0.2382
vn -0.1642 -0.9809 0.1042
vn -0.1592 -0.9821 0.1006
vn -0.1592 -0.9821 0.1006
vn -0.1642 -0.9809 0.1042
vn -0.0839 -0.9954 0.0462
vn -0.0818 -0.9957 0.0446
vn -0.0818 -0.9957 0.0446
vn -0.0839 -0.9954 0.0462
vn -0.0409 -0.9991 0.0116
vn -0.0404 -0.9991 0.0111
vn -0.0404 -0.9991 0.0111
vn -0.0409 -0.9991 0.0116
vn -0.0170 -0.9998 -0.0115
vn -0.0173 -0.9998 -0.0111
vn -0.0173 -0.9998 -0.0111
vn -0.0170 -0.9998 -0.0115
vn -0.0047 -0.9996 -0.0273
vn -0.0055 -0.9996 -0.0263
vn -0.0055 -0.9996 -0.0263
vn -0.0047 -0.9996 -0.0273
vn 0.0005 -0.9993 -0.0382
vn -0.0003 -0.9993 -0.0368
vn -0.0003 -0.9993 -0.0368
vn 0.0005 -0.9993 -0.0382
vn 0.0019 -0.9989 -0.0462
vn 0.0013 -0.9990 -0.0446
vn 0.0013 -0.9990 -0.0446
vn 0.0019 -0.9989 -0.0462
vn 0.0014 -0.9986 -0.0526
vn 0.0011 -0.9987 -0.0507
vn 0.0011 -0.9987 -0.0507
vn 0.0014 -0.9986 -0.0526
vn 0.0002 -0.9983 -0.0578
vn 0.0001 -0.9984 -0.0557
vn 0.0001 -0.9984 -0.0557
vn 0.0002 -0.9983 -0.0578
vn -0.0009 -0.9981 -0.0613
vn -0.0009 -0.9983 -0.0591
vn -0.0009 -0.9983 -0.0591
vn -0.0009 -0.9981 -0.0613
vn -0.0014 -0.9980 -0.0632
vn -0.0013 -0.9981 -0.0610
vn -0.5946 -0.6995 0.3964
vn -0.6077 -0.6831 0.4051
vn -0.3736 -0.8941 0.2472
vn -0.3605 -0.9018 0.2382
vn -0.3605 -0.9018 0.2382
vn -0.3736 -0.8941 0.2472
vn -0.1707 -0.9793 0.1088
vn -0.1642 -0.9809 0.1042
vn -0.1642 -0.9809 0.1042
vn -0.1707 -0.9793 0.1088
vn -0.0866 -0.9951 0.0483
vn -0.0839 -0.9954 0.0462
vn -0.0839 -0.9954 0.0462
vn -0.0866 -0.9951 0.0483
vn -0.0415 -0.9991 0.0121
vn -0.0409 -0.9991 0.0116
vn -0.0409 -0.9991 0.0116
vn -0.0415 -0.9991 0.0121
vn -0.0165 -0.9998 -0.0121
vn -0.0170 -0.9998 -0.0115
vn -0.0170 -0.9998 -0.0115
vn -0.0165 -0.9998 -0.0121
vn -0.0038 -0.9996 -0.0285
vn -0.0047 -0.9996 -0.0273
vn -0.0047 -0.9996 -0.0273
vn -0.0038 -0.9996 -0.0285
vn 0.0014 -0.9992 -0.0399
vn 0.0005 -0.9993 -0.0382
vn 0.0005 -0.9993 -0.0382
vn 0.0014 -0.9992 -0.0399
vn 0.0027 -0.9988 -0.0483
vn 0.0019 -0.9989 -0.0462
vn 0.0019 -0.9989 -0.0462
vn 0.0027 -0.9988 -0.0483
vn 0.0019 -0.9985 -0.0550
vn 0.0014 -0.9986 -0.0526
vn 0.0014 -0.9986 -0.0526
vn 0.0019 -0.9985 -0.0550
vn 0.0005 -0.9982 -0.0605
vn 0.0002 -0.9983 -0.0578
vn 0.0002 -0.9983 -0.0578
vn 0.0005 -0.9982 -0.0605
vn -0.0009 -0.9979 -0.0641
vn -0.0009 -0.9981 -0.0613
vn -0.0009 -0.9981 -0.0613
vn -0.0009 -0.9979 -0.0641
vn -0.0014 -0.9978 -0.0662
vn -0.0014 -0.9980 -0.0632
vn -0.6077 -0.6831 0.4051
vn -0.6241 -0.6613 0.4161
vn -0.3910 -0.8832 0.2590
vn -0.3736 -0.8941 0.2472
vn -0.3736 -0.8941 0.2472
vn -0.3910 -0.8832 0.2590
vn -0.1795 -0.9770 0.1152
vn -0.1707 -0.9793 0.1088
vn -0.1707 -0.9793 0.1088
vn -0.1795 -0.9770 0.1152
vn -0.0903 -0.9946 0.0512
vn -0.0866 -0.9951 0.0483
vn -0.0866 -0.9951 0.0483
vn -0.0903 -0.9946 0.0512
vn -0.0423 -0.9990 0.0128
vn -0.0415 -0.9991 0.0121
vn -0.0415 -0.9991 0.0121
vn -0.0423 -0.9990 0.0128
vn -0.0158 -0.9998 -0.0128
vn -0.0165 -0.9998 -0.0121
vn -0.0165 -0.9998 -0.0121
vn -0.0158 -0.9998 -0.0128
vn -0.0025 -0.9995 -0.0303
vn -0.0038 -0.9996 -0.0285
vn -0.0038 -0.9996 -0.0285
vn -0.0025 -0.9995 -0.0303
vn 0.0028 -0.9991 -0.0424
vn 0.0014 -0.9992 -0.0399
vn 0.0014 -0.9992 -0.0399
vn 0.0028 -0.9991 -0.0424
vn 0.0037 -0.9987 -0.0513
vn 0.0027 -0.9988 -0.0483
vn 0.0027 -0.9988 -0.0483
vn 0.0037 -0.9987 -0.0513
vn 0.0026 -0.9983 -0.0584
vn 0.0019 -0.9985 -0.0550
vn 0.0019 -0.9985 -0.0550
vn 0.0026 -0.9983 -0.0584
vn 0.0008 -0.9979 -0.0641
vn 0.0005 -0.9982 -0.0605
vn 0.0005 -0.9982 -0.0605
vn 0.0008 -0.9979 -0.0641
vn -0.0009 -0.9977 -0.0680
vn -0.0009 -0.9979 -0.0641
vn -0.0009 -0.9979 -0.0641
vn -0.0009 -0.9977 -0.0680
vn -0.0015 -0.9975 -0.0702
vn -0.0014 -0.9978 -0.0662
vn -0.6241 -0.6613 0.4161
vn -0.6454 -0.6311 0.4303
vn -0.4151 -0.8670 0.2755
vn -0.3910 -0.8832 0.2590
vn -0.3910 -0.8832 0.2590
vn -0.4151 -0.8670 0.2755
vn -0.1923 -0.9734 0.1244
vn -0.1795 -0.9770 0.1152
vn -0.1795 -0.9770 0.1152
vn -0.1923 -0.9734 0.1244
vn -0.0957 -0.9939 0.0555
vn -0.0903 -0.9946 0.0512
vn -0.0903 -0.9946 0.0512
vn -0.0957 -0.9939 0.0555
vn -0.0435 -0.9990 0.0139
vn -0.0423 -0.9990 0.0128
vn -0.0423 -0.9990 0.0128
vn -0.0435 -0.9990 0.0139
vn -0.0148 -0.9998 -0.0139
vn -0.0158 -0.9998 -0.0128
vn -0.0158 -0.9998 -0.0128
vn -0.0148 -0.9998 -0.0139
vn -0.0006 -0.9995 -0.0328
vn -0.0025 -0.9995 -0.0303
vn -0.0025 -0.9995 -0.0303
vn -0.0006 -0.9995 -0.0328
vn 0.0047 -0.9989 -0.0459
vn 0.0028 -0.9991 -0.0424
vn 0.0028 -0.9991 -0.0424
vn 0.0047 -0.9989 -0.0459
vn 0.0052 -0.9984 -0.0555
vn 0.0037 -0.9987 -0.0513
vn 0.0037 -0.9987 -0.0513
vn 0.0052 -0.9984 -0.0555
vn 0.0036 -0.9980 -0.0633
vn 0.0026 -0.9983 -0.0584
vn 0.0026 -0.9983 -0.0584
vn 0.0036 -0.9980 -0.0633
vn 0.0012 -0.9976 -0.0695
vn 0.0008 -0.9979 -0.0641
vn 0.0008 -0.9979 -0.0641
vn 0.0012 -0.9976 -0.0695
vn -0.0008 -0.9973 -0.0737
vn -0.0009 -0.9977 -0.0680
vn -0.0009 -0.9977 -0.0680
vn -0.0008 -0.9973 -0.0737
vn -0.0017 -0.9971 -0.0760
vn -0.0015 -0.9975 -0.0702
vn -0.6454 -0.6311 0.4303
vn -0.6737 -0.5869 0.4491
vn -0.4508 -0.8407 0.2999
vn -0.4151 -0.8670 0.2755
vn -0.4151 -0.8670 0.2755
vn -0.4508 -0.8407 0.2999
vn -0.2122 -0.9673 0.1387
vn -0.1923 -0.9734 0.1244
vn -0.1923 -0.9734 0.1244
vn -0.2122 -0.9673 0.1387
vn -0.1042 -0.9926 0.0622
vn -0.0957 -0.9939 0.0555
vn -0.0957 -0.9939 0.0555
vn -0.1042 -0.9926 0.0622
vn -0.0454 -0.9988 0.0156
vn -0.0435 -0.9990 0.0139
vn -0.0435 -0.9990 0.0139
vn -0.0454 -0.9988 0.0156
vn -0.0132 -0.9998 -0.0156
vn -0.0148 -0.9998 -0.0139
vn -0.0148 -0.9998 -0.0139
vn -0.0132 -0.9998 -0.0156
vn 0.0023 -0.9993 -0.0368
vn -0.0006 -0.9995 -0.0328
vn -0.0006 -0.9995 -0.0328
vn 0.0023 -0.9993 -0.0368
vn 0.0077 -0.9986 -0.0515
vn 0.0047 -0.9989 -0.0459
vn 0.0047 -0.9989 -0.0459
vn 0.0077 -0.9986 -0.0515
vn 0.0077 -0.9980 -0.0623
vn 0.0052 -0.9984 -0.0555
vn 0.0052 -0.9984 -0.0555
vn 0.0077 -0.9980 -0.0623
vn 0.0051 -0.9975 -0.0710
vn 0.0036 -0.9980 -0.0633
vn 0.0036 -0.9980 -0.0633
vn 0.0051 -0.9975 -0.0710
vn 0.0019 -0.9970 -0.0779
vn 0.0012 -0.9976 -0.0695
vn 0.0012 -0.9976 -0.0695
vn 0.0019 -0.9970 -0.0779
vn -0.0008 -0.9966 -0.0826
vn -0.0008 -0.9973 -0.0737
vn -0.0008 -0.9973 -0.0737
vn -0.0008 -0.9966 -0.0826
vn -0.0019 -0.9964 -0.0853
vn -0.0017 -0.9971 -0.0760
vn -0.6737 -0.5869 0.4491
vn -0.7122 -0.5170 0.4748
vn -0.5079 -0.7919 0.3390
vn -0.4508 -0.8407 0.2999
vn -0.4508 -0.8407 0.2999
vn -0.5079 -0.7919 0.3390
vn -0.2478 -0.9548 0.1643
vn -0.2122 -0.9673 0.1387
vn -0.2122 -0.9673 0.1387
vn -0.2478 -0.9548 0.1643
vn -0.1198 -0.9900 0.0744
vn -0.1042 -0.9926 0.0622
vn -0.1042 -0.9926 0.0622
vn -0.1198 -0.9900 0.0744
vn -0.0489 -0.9986 0.0187
vn -0.0454 -0.9988 0.0156
vn -0.0454 -0.9988 0.0156
vn -0.0489 -0.9986 0.0187
vn -0.0103 -0.9998 -0.0187
vn -0.0132 -0.9998 -0.0156
vn -0.0132 -0.9998 -0.0156
vn -0.0103 -0.9998 -0.0187
vn 0.0078 -0.9990 -0.0442
vn 0.0023 -0.9993 -0.0368
vn 0.0023 -0.9993 -0.0368
vn 0.0078 -0.9990 -0.0442
vn 0.0133 -0.9980 -0.0618
vn 0.0077 -0.9986 -0.0515
vn 0.0077 -0.9986 -0.0515
vn 0.0133 -0.9980 -0.0618
vn 0.0121 -0.9971 -0.0747
vn 0.0077 -0.9980 -0.0623
vn 0.0077 -0.9980 -0.0623
vn 0.0121 -0.9971 -0.0747
vn 0.0080 -0.9963 -0.0851
vn 0.0051 -0.9975 -0.0710
vn 0.0051 -0.9975 -0.0710
vn 0.0080 -0.9963 -0.0851
vn 0.0031 -0.9956 -0.0934
vn 0.0019 -0.9970 -0.0779
vn 0.0019 -0.9970 -0.0779
vn 0.0031 -0.9956 -0.0934
vn -0.0007 -0.9951 -0.0990
vn -0.0008 -0.9966 -0.0826
vn -0.0008 -0.9966 -0.0826
vn -0.0007 -0.9951 -0.0990
vn -0.0022 -0.9948 -0.1021
vn -0.0019 -0.9964 -0.0853
vn -1.0000 -0.0000 -0.0000
vn -1.0000 -0.0000 -0.0000
vn -1.0000 -0.0000 -0.0000
vn -1.0000 -0.0000 -0.0000
vn -1.0000 -0.0000 -0.0000
vn -1.0000 -0.0000 -0.0000
vn -1.0000 -0.0000 -0.0000
vn -1.0000 -0.0000 -0.0000
vn -1.0000 -0.0000 -0.0000
vn -1.0000 -0.0000 -0.0000
vn -1.0000 -0.0000 -0.0000
vn -1.0000 -0.0000 -0.0000
vn -1.0000 -0.0000 -0.0000
vn -1.0000 -0.0000 -0.0000
vn -1.0000 -0.0000 -0.0000
vn -1.0000 -0.0000 -0.0000
vn -1.0000 -0.0000 -0.0000
vn -1.0000 -0.0000 -0.0000
vn -1.0000 -0.0000 -0.0000
vn -1.0000 -0.0000 -0.0000
vn -1.0000 -0.0000 -0.0000
vn -1.0000 -0.0000 -0.0000
vn -1.0000 -0.0000 -0.0000
vn -1.0000 -0.0000 -0.0000
vn -1.0000 -0.0000 -0.0000
vn -1.0000 -0.0000 -0.0000
vn -1.0000 -0.0000 -0.0000
vn -1.0000 -0.0000 -0.0000
vn -1.0000 -0.0000 -0.0000
vn -1.0000 -0.0000 -0.0000
vn -1.0000 -0.0000 -0.0000
vn -1.0000 -0.0000 -0.0000
vn -1.0000 -0.0000 -0.0000
vn -1.0000 -0.0000 -0.0000
vn -1.0000 -0.0000 -0.0000
vn -1.0000 -0.0000 -0.0000
vn -1.0000 -0.0000 -0.0000
vn -1.0000 -0.0000 -0.0000
vn -1.0000 -0.0000 -0.0000
vn -1.0000 -0.0000 -0.0000
vn -1.0000 -0.0000 -0.0000
vn -1.0000 -0.0000 -0.0000
vn -1.0000 -0.0000 -0.0000
vn -1.0000 -0.0000 -0.0000
vn -1.0000 -0.0000 -0.0000
vn -1.0000 -0.0000 -0.0000
vn -1.0000 -0.0000 -0.0000
vn -1.0000 -0.0000 -0.0000
vn 0.9631 0.0701 0.2598
vn 0.9631 0.0702 0.2600
vn 0.8430 0.1342 0.5209
vn 0.8432 0.1341 0.5206
vn 0.9966 0.0271 0.0778
vn 0.9966 0.0272 0.0779
vn 0.9631 0.0702 0.2600
vn 0.9631 0.0701 0.2598
vn 0.9999 0.0113 -0.0005
vn 0.9999 0.0113 -0.0005
vn 0.9966 0.0272 0.0779
vn 0.9966 0.0271 0.0778
vn 0.9990 0.0043 -0.0443
vn 0.9990 0.0043 -0.0443
vn 0.9999 0.0113 -0.0005
vn 0.9999 0.0113 -0.0005
vn 0.9975 0.0014 -0.0702
vn 0.9975 0.0014 -0.0702
vn 0.9990 0.0043 -0.0443
vn 0.9990 0.0043 -0.0443
vn 0.9962 0.0004 -0.0871
vn 0.9962 0.0004 -0.0872
vn 0.9975 0.0014 -0.0702
vn 0.9975 0.0014 -0.0702
vn 0.9952 0.0001 -0.0983
vn 0.9951 0.0001 -0.0984
vn 0.9962 0.0004 -0.0872
vn 0.9962 0.0004 -0.0871
vn 0.9945 -0.0000 -0.1050
vn 0.9945 -0.0000 -0.1051
vn 0.9951 0.0001 -0.0984
vn 0.9952 0.0001 -0.0983
vn 0.9631 0.0702 0.2600
vn 0.9630 0.0702 0.2603
vn 0.8427 0.1343 0.5213
vn 0.8430 0.1342 0.5209
vn 0.9966 0.0272 0.0779
vn 0.9966 0.0272 0.0780
vn 0.9630 0.0702 0.2603
vn 0.9631 0.0702 0.2600
vn 0.9999 0.0113 -0.0005
vn 0.9999 0.0113 -0.0005
vn 0.9966 0.0272 0.0780
vn 0.9966 0.0272 0.0779
vn 0.9990 0.0043 -0.0443
vn 0.9990 0.0043 -0.0444
vn 0.9999 0.0113 -0.0005
vn 0.9999 0.0113 -0.0005
vn 0.9975 0.0014 -0.0702
vn 0.9975 0.0014 -0.0703
vn 0.9990 0.0043 -0.0444
vn 0.9990 0.0043 -0.0443
vn 0.9962 0.0004 -0.0872
vn 0.9962 0.0004 -0.0873
vn 0.9975 0.0014 -0.0703
vn 0.9975 0.0014 -0.0702
vn 0.9951 0.0001 -0.0984
vn 0.9951 0.0001 -0.0985
vn 0.9962 0.0004 -0.0873
vn 0.9962 0.0004 -0.0872
vn 0.9945 -0.0000 -0.1051
vn 0.9945 -0.0000 -0.1052
vn 0.9951 0.0001 -0.0985
vn 0.9951 0.0001 -0.0984
vn 0.9630 0.0702 0.2603
vn 0.9629 0.0703 0.2606
vn 0.8424 0.1344 0.5219
vn 0.8427 0.1343 0.5213
vn 0.9966 0.0272 0.0780
vn 0.9966 0.0272 0.0781
vn 0.9629 0.0703 0.2606
vn 0.9630 0.0702 0.2603
vn 0.9999 0.0113 -0.0005
vn 0.9999 0.0113 -0.0005
vn 0.9966 0.0272 0.0781
vn 0.9966 0.0272 0.0780
vn 0.9990 0.0043 -0.0444
vn 0.9990 0.0043 -0.0444
vn 0.9999 0.0113 -0.0005
vn 0.9999 0.0113 -0.0005
vn 0.9975 0.0014 -0.0703
vn 0.9975 0.0014 -0.0704
vn 0.9990 0.0043 -0.0444
vn 0.9990 0.0043 -0.0444
vn 0.9962 0.0004 -0.0873
vn 0.9962 0.0004 -0.0874
vn 0.9975 0.0014 -0.0704
vn 0.9975 0.0014 -0.0703
vn 0.9951 0.0001 -0.0985
vn 0.9951 0.0001 -0.0986
vn 0.9962 0.0004 -0.0874
vn 0.9962 0.0004 -0.0873
vn 0.9945 -0.0000 -0.1052
vn 0.9944 -0.0000 -0.1053
vn 0.9951 0.0001 -0.0986
vn 0.9951 0.0001 -0.0985
vn 0.9629 0.0703 0.2606
vn 0.9628 0.0704 0.2610
vn 0.8420 0.1346 0.5225
vn 0.8424 0.1344 0.5219
vn 0.9966 0.0272 0.0781
vn 0.9966 0.0272 0.0782
vn 0.9628 0.0704 0.2610
vn 0.9629 0.0703 0.2606
vn 0.9999 0.0113 -0.0005
vn 0.9999 0.0113 -0.0005
vn 0.9966 0.0272 0.0782
vn 0.9966 0.0272 0.0781
vn 0.9990 0.0043 -0.0444
vn 0.9990 0.0043 -0.0445
vn 0.9999 0.0113 -0.0005
vn 0.9999 0.0113 -0.0005
vn 0.9975 0.0014 -0.0704
vn 0.9975 0.0014 -0.0705
vn 0.9990 0.0043 -0.0445
vn 0.9990 0.0043 -0.0444
vn 0.9962 0.0004 -0.0874
vn 0.9962 0.0004 -0.0875
vn 0.9975 0.0014 -0.0705
vn 0.9975 0.0014 -0.0704
vn 0.9951 0.0001 -0.0986
vn 0.9951 0.0000 -0.0988
vn 0.9962 0.0004 -0.0875
vn 0.9962 0.0004 -0.0874
vn 0.9944 -0.0000 -0.1053
vn 0.9944 -0.0000 -0.1055
vn 0.9951 0.0000 -0.0988
vn 0.9951 0.0001 -0.0986
vn -0.8432 0.1341 0.5206
vn -0.8430 0.1342 0.5209
vn -0.9631 0.0702 0.2600
vn -0.9631 0.0701 0.2598
vn -0.9631 0.0701 0.2598
vn -0.9631 0.0702 0.2600
vn -0.9966 0.0272 0.0779
vn -0.9966 0.0271 0.0778
vn -0.9966 0.0271 0.0778
vn -0.9966 0.0272 0.0779
vn -0.9999 0.0113 -0.0005
vn -0.9999 0.0113 -0.0005
vn -0.9999 0.0113 -0.0005
vn -0.9999 0.0113 -0.0005
vn -0.9990 0.0043 -0.0443
vn -0.9990 0.0043 -0.0443
vn -0.9990 0.0043 -0.0443
vn -0.9990 0.0043 -0.0443
vn -0.9975 0.0014 -0.0702
vn -0.9975 0.0014 -0.0702
vn -0.9975 0.0014 -0.0702
vn -0.9975 0.0014 -0.0702
vn -0.9962 0.0004 -0.0872
vn -0.9962 0.0004 -0.0871
vn -0.9962 0.0004 -0.0871
vn -0.9962 0.0004 -0.0872
vn -0.9951 0.0001 -0.0984
vn -0.9952 0.0001 -0.0983
vn -0.9952 0.0001 -0.0983
vn -0.9951 0.0001 -0.0984
vn -0.9945 0.0000 -0.1051
vn -0.9945 0.0000 -0.1050
vn -0.8430 0.1342 0.5209
vn -0.8427 0.1343 0.5213
vn -0.9630 0.0702 0.2603
vn -0.9631 0.0702 0.2600
vn -0.9631 0.0702 0.2600
vn -0.9630 0.0702 0.2603
vn -0.9966 0.0272 0.0780
vn -0.9966 0.0272 0.0779
vn -0.9966 0.0272 0.0779
vn -0.9966 0.0272 0.0780
vn -0.9999 0.0113 -0.0005
vn -0.9999 0.0113 -0.0005
vn -0.9999 0.0113 -0.0005
vn -0.9999 0.0113 -0.0005
vn -0.9990 0.0043 -0.0444
vn -0.9990 0.0043 -0.0443
vn -0.9990 0.0043 -0.0443
vn -0.9990 0.0043 -0.0444
vn -0.9975 0.0014 -0.0703
vn -0.9975 0.0014 -0.0702
vn -0.9975 0.0014 -0.0702
vn -0.9975 0.0014 -0.0703
vn -0.9962 0.0004 -0.0873
vn -0.9962 0.0004 -0.0872
vn -0.9962 0.0004 -0.0872
vn -0.9962 0.0004 -0.0873
vn -0.9951 0.0001 -0.0985
vn -0.9951 0.0001 -0.0984
vn -0.9951 0.0001 -0.0984
vn -0.9951 0.0001 -0.0985
vn -0.9945 0.0000 -0.1052
vn -0.9945 0.0000 -0.1051
vn -0.8427 0.1343 0.5213
vn -0.8424 0.1344 0.5219
vn -0.9629 0.0703 0.2606
vn -0.9630 0.0702 0.2603
vn -0.9630 0.0702 0.2603
vn -0.9629 0.0703 0.2606
vn -0.9966 0.0272 0.0781
vn -0.9966 0.0272 0.0780
vn -0.9966 0.0272 0.0780
vn -0.9966 0.0272 0.0781
vn -0.9999 0.0113 -0.0005
vn -0.9999 0.0113 -0.0005
vn -0.9999 0.0113 -0.0005
vn -0.9999 0.0113 -0.0005
vn -0.9990 0.0043 -0.0444
vn -0.9990 0.0043 -0.0444
vn -0.9990 0.0043 -0.0444
vn -0.9990 0.0043 -0.0444
vn -0.9975 0.0014 -0.0704
vn -0.9975 0.0014 -0.0703
vn -0.9975 0.0014 -0.0703
vn -0.9975 0.0014 -0.0704
vn -0.9962 0.0004 -0.0874
vn -0.9962 0.0004 -0.0873
vn -0.9962 0.0004 -0.0873
vn -0.9962 0.0004 -0.0874
vn -0.9951 0.0001 -0.0986
vn -0.9951 0.0001 -0.0985
vn -0.9951 0.0001 -0.0985
vn -0.9951 0.0001 -0.0986
vn -0.9944 0.0000 -0.1053
vn -0.9945 0.0000 -0.1052
vn -0.8424 0.1344 0.5219
vn -0.8420 0.1346 0.5225
vn -0.9628 0.0704 0.2610
vn -0.9629 0.0703 0.2606
vn -0.9629 0.0703 0.2606
vn -0.9628 0.0704 0.2610
vn -0.9966 0.0272 0.0782
vn -0.9966 0.0272 0.0781
vn -0.9966 0.0272 0.0781
vn -0.9966 0.0272 0.0782
vn -0.9999 0.0113 -0.0005
vn -0.9999 0.0113 -0.0005
vn -0.9999 0.0113 -0.0005
vn -0.9999 0.0113 -0.0005
vn -0.9990 0.0043 -0.0445
vn -0.9990 0.0043 -0.0444
vn -0.9990 0.0043 -0.0444
vn -0.9990 0.0043 -0.0445
vn -0.9975 0.0014 -0.0705
vn -0.9975 0.0014 -0.0704
vn -0.9975 0.0014 -0.0704
vn -0.9975 0.0014 -0.0705
vn -0.9962 0.0004 -0.0875
vn -0.9962 0.0004 -0.0874
vn -0.9962 0.0004 -0.0874
vn -0.9962 0.0004 -0.0875
vn -0.9951 0.0000 -0.0988
vn -0.9951 0.0001 -0.0986
vn -0.9951 0.0001 -0.0986
vn -0.9951 0.0000 -0.0988
vn -0.9944 0.0000 -0.1055
vn -0.9944 0.0000 -0.1053
vn -0.0000 1.0000 -0.0000
vn -0.0000 1.0000 -0.0000
vn -0.0000 1.0000 -0.0000
vn -0.0000 1.0000 -0.0000
vn -0.0000 1.0000 -0.0000
vn -0.0000 1.0000 -0.0000
vn -0.0000 1.0000 -0.0000
vn -0.0000 1.0000 -0.0000
vn -0.0000 1.0000 -0.0000
vn -0.0000 1.0000 -0.0000
vn -0.0000 1.0000 -0.0000
vn -0.0000 1.0000 -0.0000
vn -0.0000 1.0000 -0.0000
vn -0.0000 1.0000 -0.0000
vn -0.0000 1.0000 -0.0000
vn -0.0000 1.0000 -0.0000
vn -0.0000 1.0000 -0.0000
vn -0.0000 1.0000 -0.0000
vn -0.0000 1.0000 -0.0000
vn -0.0000 1.0000 -0.0000
vn -0.0000 1.0000 -0.0000
vn -0.0000 1.0000 -0.0000
vn -0.0000 1.0000 -0.0000
vn -0.0000 1.0000 -0.0000
vn -0.0000 1.0000 -0.0000
vn -0.0000 1.0000 -0.0000
vn -0.0000 1.0000 -0.0000
vn -0.0000 1.0000 -0.0000
vn -0.0000 1.0000 -0.0000
vn -0.0000 1.0000 -0.0000
vn -0.0000 1.0000 -0.0000
vn -0.0000 1.0000 -0.0000
vn -0.8432 0.1341 0.5206
vn -0.8430 0.1342 0.5209
vn -0.9631 0.0702 0.2600
vn -0.9631 0.0701 0.2598
vn -0.9631 0.0701 0.2598
vn -0.9631 0.0702 0.2600
vn -0.9966 0.0272 0.0779
vn -0.9966 0.0271 0.0778
vn -0.9966 0.0271 0.0778
vn -0.9966 0.0272 0.0779
vn -0.9999 0.0113 -0.0005
vn -0.9999 0.0113 -0.0005
vn -0.9999 0.0113 -0.0005
vn -0.9999 0.0113 -0.0005
vn -0.9990 0.0043 -0.0443
vn -0.9990 0.0043 -0.0443
vn -0.9990 0.0043 -0.0443
vn -0.9990 0.0043 -0.0443
vn -0.9975 0.0014 -0.0702
vn -0.9975 0.0014 -0.0702
vn -0.9975 0.0014 -0.0702
vn -0.9975 0.0014 -0.0702
vn -0.9962 0.0004 -0.0872
vn -0.9962 0.0004 -0.0871
vn -0.9962 0.0004 -0.0871
vn -0.9962 0.0004 -0.0872
vn -0.9951 0.0001 -0.0984
vn -0.9952 0.0001 -0.0983
vn -0.9952 0.0001 -0.0983
vn -0.9951 0.0001 -0.0984
vn -0.9945 0.0000 -0.1051
vn -0.9945 0.0000 -0.1050
vn -0.8430 0.1342 0.5209
vn -0.8427 0.1343 0.5213
vn -0.9630 0.0702 0.2603
vn -0.9631 0.0702 0.2600
vn -0.9631 0.0702 0.2600
vn -0.9630 0.0702 0.2603
vn -0.9966 0.0272 0.0780
vn -0.9966 0.0272 0.0779
vn -0.9966 0.0272 0.0779
vn -0.9966 0.0272 0.0780
vn -0.9999 0.0113 -0.0005
vn -0.9999 0.0113 -0.0005
vn -0.9999 0.0113 -0.0005
vn -0.9999 0.0113 -0.0005
vn -0.9990 0.0043 -0.0444
vn -0.9990 0.0043 -0.0443
vn -0.9990 0.0043 -0.0443
vn -0.9990 0.0043 -0.0444
vn -0.9975 0.0014 -0.0703
vn -0.9975 0.0014 -0.0702
vn -0.9975 0.0014 -0.0702
vn -0.9975 0.0014 -0.0703
vn -0.9962 0.0004 -0.0873
vn -0.9962 0.0004 -0.0872
vn -0.9962 0.0004 -0.0872
vn -0.9962 0.0004 -0.0873
vn -0.9951 0.0001 -0.0985
vn -0.9951 0.0001 -0.0984
vn -0.9951 0.0001 -0.0984
vn -0.9951 0.0001 -0.0985
vn -0.9945 0.0000 -0.1052
vn -0.9945 0.0000 -0.1051
vn -0.8427 0.1343 0.5213
vn -0.8424 0.1344 0.5219
vn -0.9629 0.0703 0.2606
vn -0.9630 0.0702 0.2603
vn -0.9630 0.0702 0.2603
vn -0.9629 0.0703 0.2606
vn -0.9966 0.0272 0.0781
vn -0.9966 0.0272 0.0780
vn -0.9966 0.0272 0.0780
vn -0.9966 0.0272 0.0781
vn -0.9999 0.0113 -0.0005
vn -0.9999 0.0113 -0.0005
vn -0.9999 0.0113 -0.0005
vn -0.9999 0.0113 -0.0005
vn -0.9990 0.0043 -0.0444
vn -0.9990 0.0043 -0.0444
vn -0.9990 0.0043 -0.0444
vn -0.9990 0.0043 -0.0444
vn -0.9975 0.0014 -0.0704
vn -0.9975 0.0014 -0.0703
vn -0.9975 0.0014 -0.0703
vn -0.9975 0.0014 -0.0704
vn -0.9962 0.0004 -0.0874
vn -0.9962 0.0004 -0.0873
vn -0.9962 0.0004 -0.0873
vn -0.9962 0.0004 -0.0874
vn -0.9951 0.0001 -0.0986
vn -0.9951 0.0001 -0.0985
vn -0.9951 0.0001 -0.0985
vn -0.9951 0.0001 -0.0986
vn -0.9944 0.0000 -0.1053
vn -0.9945 0.0000 -0.1052
vn -0.8424 0.1344 0.5219
vn -0.8420 0.1346 0.5225
vn -0.9628 0.0704 0.2610
vn -0.9629 0.0703 0.2606
vn -0.9629 0.0703 0.2606
vn -0.9628 0.0704 0.2610
vn -0.9966 0.0272 0.0782
vn -0.9966 0.0272 0.0781
vn -0.9966 0.0272 0.0781
vn -0.9966 0.0272 0.0782
vn -0.9999 0.0113 -0.0005
vn -0.9999 0.0113 -0.0005
vn -0.9999 0.0113 -0.0005
vn -0.9999 0.0113 -0.0005
vn -0.9990 0.0043 -0.0445
vn -0.9990 0.0043 -0.0444
vn -0.9990 0.0043 -0.0444
vn -0.9990 0.0043 -0.0445
vn -0.9975 0.0014 -0.0705
vn -0.9975 0.0014 -0.0704
vn -0.9975 0.0014 -0.0704
vn -0.9975 0.0014 -0.0705
vn -0.9962 0.0004 -0.0875
vn -0.9962 0.0004 -0.0874
vn -0.9962 0.0004 -0.0874
vn -0.9962 0.0004 -0.0875
vn -0.9951 0.0000 -0.0988
vn -0.9951 0.0001 -0.0986
vn -0.9951 0.0001 -0.0986
vn -0.9951 0.0000 -0.0988
vn -0.9944 0.0000 -0.1055
vn -0.9944 0.0000 -0.1053
vn 0.9631 0.0701 0.2598
vn 0.9631 0.0702 0.2600
vn 0.8430 0.1342 0.5209
vn 0.8432 0.1341 0.5206
vn 0.9966 0.0271 0.0778
vn 0.9966 0.0272 0.0779
vn 0.9631 0.0702 0.2600
vn 0.9631 0.0701 0.2598
vn 0.9999 0.0113 -0.0005
vn 0.9999 0.0113 -0.0005
vn 0.9966 0.0272 0.0779
vn 0.9966 0.0271 0.0778
vn 0.9990 0.0043 -0.0443
vn 0.9990 0.0043 -0.0443
vn 0.9999 0.0113 -0.0005
vn 0.9999 0.0113 -0.0005
vn 0.9975 0.0014 -0.0702
vn 0.9975 0.0014 -0.0702
vn 0.9990 0.0043 -0.0443
vn 0.9990 0.0043 -0.0443
vn 0.9962 0.0004 -0.0871
vn 0.9962 0.0004 -0.0872
vn 0.9975 0.0014 -0.0702
vn 0.9975 0.0014 -0.0702
vn 0.9952 0.0001 -0.0983
vn 0.9951 0.0001 -0.0984
vn 0.9962 0.0004 -0.0872
vn 0.9962 0.0004 -0.0871
vn 0.9945 -0.0000 -0.1050
vn 0.9945 -0.0000 -0.1051
vn 0.9951 0.0001 -0.0984
vn 0.9952 0.0001 -0.0983
vn 0.9631 0.0702 0.2600
vn 0.9630 0.0702 0.2603
vn 0.8427 0.1343 0.5213
vn 0.8430 0.1342 0.5209
vn 0.9966 0.0272 0.0779
vn 0.9966 0.0272 0.0780
vn 0.9630 0.0702 0.2603
vn 0.9631 0.0702 0.2600
vn 0.9999 0.0113 -0.0005
vn 0.9999 0.0113 -0.0005
vn 0.9966 0.0272 0.0780
vn 0.9966 0.0272 0.0779
vn 0.9990 0.0043 -0.0443
vn 0.9990 0.0043 -0.0444
vn 0.9999 0.0113 -0.0005
vn 0.9999 0.0113 -0.0005
vn 0.9975 0.0014 -0.0702
vn 0.9975 0.0014 -0.0703
vn 0.9990 0.0043 -0.0444
vn 0.9990 0.0043 -0.0443
vn 0.9962 0.0004 -0.0872
vn 0.9962 0.0004 -0.0873
vn 0.9975 0.0014 -0.0703
vn 0.9975 0.0014 -0.0702
vn 0.9951 0.0001 -0.0984
vn 0.9951 0.0001 -0.0985
vn 0.9962 0.0004 -0.0873
vn 0.9962 0.0004 -0.0872
vn 0.9945 -0.0000 -0.1051
vn 0.9945 -0.0000 -0.1052
vn 0.9951 0.0001 -0.0985
vn 0.9951 0.0001 -0.0984
vn 0.9630 0.0702 0.2603
vn 0.9629 0.0703 0.2606
vn 0.8424 0.1344 0.5219
vn 0.8427 0.1343 0.5213
vn 0.9966 0.0272 0.0780
vn 0.9966 0.0272 0.0781
vn 0.9629 0.0703 0.2606
vn 0.9630 0.0702 0.2603
vn 0.9999 0.0113 -0.0005
vn 0.9999 0.0113 -0.0005
vn 0.9966 0.0272 0.0781
vn 0.9966 0.0272 0.0780
vn 0.9990 0.0043 -0.0444
vn 0.9990 0.0043 -0.0444
vn 0.9999 0.0113 -0.0005
vn 0.9999 0.0113 -0.0005
vn 0.9975 0.0014 -0.0703
vn 0.9975 0.0014 -0.0704
vn 0.9990 0.0043 -0.0444
vn 0.9990 0.0043 -0.0444
vn 0.9962 0.0004 -0.0873
vn 0.9962 0.0004 -0.0874
vn 0.9975 0.0014 -0.0704
vn 0.9975 0.0014 -0.0703
vn 0.9951 0.0001 -0.0985
vn 0.9951 0.0001 -0.0986
vn 0.9962 0.0004 -0.0874
vn 0.9962 0.0004 -0.0873
vn 0.9945 -0.0000 -0.1052
vn 0.9944 -0.0000 -0.1053
vn 0.9951 0.0001 -0.0986
vn 0.9951 0.0001 -0.0985
vn 0.9629 0.0703 0.2606
vn 0.9628 0.0704 0.2610
vn 0.8420 0.1346 0.5225
vn 0.8424 0.1344 0.5219
vn 0.9966 0.0272 0.0781
vn 0.9966 0.0272 0.0782
vn 0.9628 0.0704 0.2610
vn 0.9629 0.0703 0.2606
vn 0.9999 0.0113 -0.0005
vn 0.9999 0.0113 -0.0005
vn 0.9966 0.0272 0.0782
vn 0.9966 0.0272 0.0781
vn 0.9990 0.0043 -0.0444
vn 0.9990 0.0043 -0.0445
vn 0.9999 0.0113 -0.0005
vn 0.9999 0.0113 -0.0005
vn 0.9975 0.0014 -0.0704
vn 0.9975 0.0014 -0.0705
vn 0.9990 0.0043 -0.0445
vn 0.9990 0.0043 -0.0444
vn 0.9962 0.0004 -0.0874
vn 0.9962 0.0004 -0.0875
vn 0.9975 0.0014 -0.0705
vn 0.9975 0.0014 -0.0704
vn 0.9951 0.0001 -0.0986
vn 0.9951 0.0000 -0.0988
vn 0.9962 0.0004 -0.0875
vn 0.9962 0.0004 -0.0874
vn 0.9944 -0.0000 -0.1053
vn 0.9944 -0.0000 -0.1055
vn 0.9951 0.0000 -0.0988
vn 0.9951 0.0001 -0.0986
vn 0.0000 1.0000 0.0000
vn 0.0000 1.0000 0.0000
vn 0.0000 1.0000 0.0000
vn 0.0000 1.0000 0.0000
vn 0.0000 1.0000 0.0000
vn 0.0000 1.0000 0.0000
vn 0.0000 1.0000 0.0000
vn 0.0000 1.0000 0.0000
vn 0.0000 1.0000 0.0000
vn 0.0000 1.0000 0.0000
vn 0.0000 1.0000 0.0000
vn 0.0000 1.0000 0.0000
vn 0.0000 1.0000 0.0000
vn 0.0000 1.0000 0.0000
vn 0.0000 1.0000 0.0000
vn 0.0000 1.0000 0.0000
vn 0.0000 1.0000 0.0000
vn 0.0000 1.0000 0.0000
vn 0.0000 1.0000 0.0000
vn 0.0000 1.0000 0.0000
vn 0.0000 1.0000 0.0000
vn 0.0000 1.0000 0.0000
vn 0.0000 1.0000 0.0000
vn 0.0000 1.0000 0.0000
vn 0.0000 1.0000 0.0000
vn 0.0000 1.0000 0.0000
vn 0.0000 1.0000 0.0000
vn 0.0000 1.0000 0.0000
vn 0.0000 1.0000 0.0000
vn 0.0000 1.0000 0.0000
vn 0.0000 1.0000 0.0000
vn 0.0000 1.0000 0.0000
usemtl paint
f 1/1/1 2/2/2 3/3/3 4/4/4
f 5/5/5 6/6/6 7/7/7 8/8/8
f 9/9/9 10/10/10 11/11/11 12/12/12
f 13/13/13 14/14/14 15/15/15 16/16/16
f 17/17/17 18/18/18 19/19/19 20/20/20
f 21/21/21 22/22/22 23/23/23 24/24/24
f 25/25/25 26/26/26 27/27/27 28/28/28
f 29/29/29 30/30/30 31/31/31 32/32/32
f 33/33/33 34/34/34 35/35/35 36/36/36
f 37/37/37 38/38/38 39/39/39 40/40/40
f 41/41/41 42/42/42 43/43/43 44/44/44
f 45/45/45 46/46/46 47/47/47 48/48/48
f 49/49/49 50/50/50 51/51/51 52/52/52
f 53/53/53 54/54/54 55/55/55 56/56/56
f 57/57/57 58/58/58 59/59/59 60/60/60
f 61/61/61 62/62/62 63/63/63 64/64/64
f 65/65/65 66/66/66 67/67/67 68/68/68
f 69/69/69 70/70/70 71/71/71 72/72/72
f 73/73/73 74/74/74 75/75/75 76/76/76
f 77/77/77 78/78/78 79/79/79 80/80/80
f 81/81/81 82/82/82 83/83/83 84/84/84
f 85/85/85 86/86/86 87/87/87 88/88/88
f 89/89/89 90/90/90 91/91/91 92/92/92
f 93/93/93 94/94/94 95/95/95 96/96/96
f 97/97/97 98/98/98 99/99/99 100/100/100
f 101/101/101 102/102/102 103/103/103 104/104/104
f 105/105/105 106/106/106 107/107/107 108/108/108
f 109/109/109 110/110/110 111/111/111 112/112/112
f 113/113/113 114/114/114 115/115/115 116/116/116
f 117/117/117 118/118/118 119/119/119 120/120/120
f 121/121/121 122/122/122 123/123/123 124/124/124
f 125/125/125 126/126/126 127/127/127 128/128/128
f 129/129/129 130/130/130 131/131/131 132/132/132
f 133/133/133 134/134/134 135/135/135 136/136/136
f 137/137/137 138/138/138 139/139/139 140/140/140
f 141/141/141 142/142/142 143/143/143 144/144/144
f 145/145/145 146/146/146 147/147/147 148/148/148
f 149/149/149 150/150/150 151/151/151 152/152/152
f 153/153/153 154/154/154 155/155/155 156/156/156
f 157/157/157 158/158/158 159/159/159 160/160/160
f 161/161/161 162/162/162 163/163/163 164/164/164
f 165/165/165 166/166/166 167/167/167 168/168/168
f 169/169/169 170/170/170 171/171/171 172/172/172
f 173/173/173 174/174/174 175/175/175 176/176/176
f 177/177/177 178/178/178 179/179/179 180/180/180
f 181/181/181 182/182/182 183/183/183 184/184/184
f 185/185/185 186/186/186 187/187/187 188/188/188
f 189/189/189 190/190/190 191/191/191 192/192/192
f 193/193/193 194/194/194 195/195/195 196/196/196
f 197/197/197 198/198/198 199/199/199 200/200/200
f 201/201/201 202/202/202 203/203/203 204/204/204
f 205/205/205 206/206/206 207/207/207 208/208/208
f 209/209/209 210/210/210 211/211/211 212/212/212
f 213/213/213 214/214/214 215/215/215 216/216/216
f 217/217/217 218/218/218 219/219/219 220/220/220
f 221/221/221 222/222/222 223/223/223 224/224/224
f 225/225/225 226/226/226 227/227/227 228/228/228
f 229/229/229 230/230/230 231/231/231 232/232/232
f 233/233/233 234/234/234 235/235/235 236/236/236
f 237/237/237 238/238/238 239/239/239 240/240/240
f 241/241/241 242/242/242 243/243/243 244/244/244
f 245/245/245 246/246/246 247/247/247 248/248/248
f 249/249/249 250/250/250 251/251/251 252/252/252
f 253/253/253 254/254/254 255/255/255 256/256/256
f 257/257/257 258/258/258 259/259/259 260/260/260
f 261/261/261 262/262/262 263/263/263 264/264/264
f 265/265/265 266/266/266 267/267/267 268/268/268
f 269/269/269 270/270/270 271/271/271 272/272/272
f 273/273/273 274/274/274 275/275/275 276/276/276
f 277/277/277 278/278/278 279/279/279 280/280/280
f 281/281/281 282/282/282 283/283/283 284/284/284
f 285/285/285 286/286/286 287/287/287 288/288/288
f 289/289/289 290/290/290 291/291/291 292/292/292
f 293/293/293 294/294/294 295/295/295 296/296/296
f 297/297/297 298/298/298 299/299/299 300/300/300
f 301/301/301 302/302/302 303/303/303 304/304/304
f 305/305/305 306/306/306 307/307/307 308/308/308
f 309/309/309 310/310/310 311/311/311 312/312/312
f 313/313/313 314/314/314 315/315/315 316/316/316
f 317/317/317 318/318/318 319/319/319 320/320/320
f 321/321/321 322/322/322 323/323/323 324/324/324
f 325/325/325 326/326/326 327/327/327 328/328/328
f 329/329/329 330/330/330 331/331/331 332/332/332
f 333/333/333 334/334/334 335/335/335 336/336/336
f 337/337/337 338/338/338 339/339/339 340/340/340
f 341/341/341 342/342/342 343/343/343 344/344/344
f 345/345/345 346/346/346 347/347/347 348/348/348
f 349/349/349 350/350/350 351/351/351 352/352/352
f 353/353/353 354/354/354 355/355/355 356/356/356
f 357/357/357 358/358/358 359/359/359 360/360/360
f 361/361/361 362/362/362 363/363/363 364/364/364
f 365/365/365 366/366/366 367/367/367 368/368/368
f 369/369/369 370/370/370 371/371/371 372/372/372
f 373/373/373 374/374/374 375/375/375 376/376/376
f 377/377/377 378/378/378 379/379/379 380/380/380
f 381/381/381 382/382/382 383/383/383 384/384/384
f 385/385/385 386/386/386 387/387/387 388/388/388
f 389/389/389 390/390/390 391/391/391 392/392/392
f 393/393/393 394/394/394 395/395/395 396/396/396
f 397/397/397 398/398/398 399/399/399 400/400/400
f 401/401/401 402/402/402 403/403/403 404/404/404
f 405/405/405 406/406/406 407/407/407 408/408/408
f 409/409/409 410/410/410 411/411/411 412/412/412
f 413/413/413 414/414/414 415/415/415 416/416/416
f 417/417/417 418/418/418 419/419/419 420/420/420
f 421/421/421 422/422/422 423/423/423 424/424/424
f 425/425/425 426/426/426 427/427/427 428/428/428
f 429/429/429 430/430/430 431/431/431 432/432/432
f 433/433/433 434/434/434 435/435/435 436/436/436
f 437/437/437 438/438/438 439/439/439 440/440/440
f 441/441/441 442/442/442 443/443/443 444/444/444
f 445/445/445 446/446/446 447/447/447 448/448/448
f 449/449/449 450/450/450 451/451/451 452/452/452
f 453/453/453 454/454/454 455/455/455 456/456/456
f 457/457/457 458/458/458 459/459/459 460/460/460
f 461/461/461 462/462/462 463/463/463 464/464/464
f 465/465/465 466/466/466 467/467/467 468/468/468
f 469/469/469 470/470/470 471/471/471 472/472/472
f 473/473/473 474/474/474 475/475/475 476/476/476
f 477/477/477 478/478/478 479/479/479 480/480/480
f 481/481/481 482/482/482 483/483/483 484/484/484
f 485/485/485 486/486/486 487/487/487 488/488/488
f 489/489/489 490/490/490 491/491/491 492/492/492
f 493/493/493 494/494/494 495/495/495 496/496/496
f 497/497/497 498/498/498 499/499/499 500/500/500
f 501/501/501 502/502/502 503/503/503 504/504/504
f 505/505/505 506/506/506 507/507/507 508/508/508
f 509/509/509 510/510/510 511/511/511 512/512/512
f 513/513/513 514/514/514 515/515/515 516/516/516
f 517/517/517 518/518/518 519/519/519 520/520/520
f 521/521/521 522/522/522 523/523/523 524/524/524
f 525/525/525 526/526/526 527/527/527 528/528/528
f 529/529/529 530/530/530 531/531/531 532/532/532
f 533/533/533 534/534/534 535/535/535 536/536/536
f 537/537/537 538/538/538 539/539/539 540/540/540
f 541/541/541 542/542/542 543/543/543 544/544/544
f 545/545/545 546/546/546 547/547/547 548/548/548
f 549/549/549 550/550/550 551/551/551 552/552/552
f 553/553/553 554/554/554 555/555/555 556/556/556
f 557/557/557 558/558/558 559/559/559 560/560/560
f 561/561/561 562/562/562 563/563/563 564/564/564
f 565/565/565 566/566/566 567/567/567 568/568/568
f 569/569/569 570/570/570 571/571/571 572/572/572
f 573/573/573 574/574/574 575/575/575 576/576/576
f 577/577/577 578/578/578 579/579/579 580/580/580
f 581/581/581 582/582/582 583/583/583 584/584/584
f 585/585/585 586/586/586 587/587/587 588/588/588
f 589/589/589 590/590/590 591/591/591 592/592/592
f 593/593/593 594/594/594 595/595/595 596/596/596
f 597/597/597 598/598/598 599/599/599 600/600/600
f 601/601/601 602/602/602 603/603/603 604/604/604
f 605/605/605 606/606/606 607/607/607 608/608/608
f 609/609/609 610/610/610 611/611/611 612/612/612
f 613/613/613 614/614/614 615/615/615 616/616/616
f 617/617/617 618/618/618 619/619/619 620/620/620
f 621/621/621 622/622/622 623/623/623 624/624/624
f 625/625/625 626/626/626 627/627/627 628/628/628
f 629/629/629 630/630/630 631/631/631 632/632/632
f 633/633/633 634/634/634 635/635/635 636/636/636
f 637/637/637 638/638/638 639/639/639 640/640/640
f 641/641/641 642/642/642 643/643/643 644/644/644
f 645/645/645 646/646/646 647/647/647 648/648/648
f 649/649/649 650/650/650 651/651/651 652/652/652
f 653/653/653 654/654/654 655/655/655 656/656/656
f 657/657/657 658/658/658 659/659/659 660/660/660
f 661/661/661 662/662/662 663/663/663 664/664/664
f 665/665/665 666/666/666 667/667/667 668/668/668
f 669/669/669 670/670/670 671/671/671 672/672/672
f 673/673/673 674/674/674 675/675/675 676/676/676
f 677/677/677 678/678/678 679/679/679 680/680/680
f 681/681/681 682/682/682 683/683/683 684/684/684
f 685/685/685 686/686/686 687/687/687 688/688/688
f 689/689/689 690/690/690 691/691/691 692/692/692
f 693/693/693 694/694/694 695/695/695 696/696/696
f 697/697/697 698/698/698 699/699/699 700/700/700
f 701/701/701 702/702/702 703/703/703 704/704/704
f 705/705/705 706/706/706 707/707/707 708/708/708
f 709/709/709 710/710/710 711/711/711 712/712/712
f 713/713/713 714/714/714 715/715/715 716/716/716
f 717/717/717 718/718/718 719/719/719 720/720/720
f 721/721/721 722/722/722 723/723/723 724/724/724
f 725/725/725 726/726/726 727/727/727 728/728/728
f 729/729/729 730/730/730 731/731/731 732/732/732
f 733/733/733 734/734/734 735/735/735 736/736/736
f 737/737/737 738/738/738 739/739/739 740/740/740
f 741/741/741 742/742/742 743/743/743 744/744/744
f 745/745/745 746/746/746 747/747/747 748/748/748
f 749/749/749 750/750/750 751/751/751 752/752/752
f 753/753/753 754/754/754 755/755/755 756/756/756
f 757/757/757 758/758/758 759/759/759 760/760/760
f 761/761/761 762/762/762 763/763/763 764/764/764
f 765/765/765 766/766/766 767/767/767 768/768/768
f 769/769/769 770/770/770 771/771/771 772/772/772
f 773/773/773 774/774/774 775/775/775 776/776/776
f 777/777/777 778/778/778 779/779/779 780/780/780
f 781/781/781 782/782/782 783/783/783 784/784/784
f 785/785/785 786/786/786 787/787/787 788/788/788
f 789/789/789 790/790/790 791/791/791 792/792/792
f 793/793/793 794/794/794 795/795/795 796/796/796
f 797/797/797 798/798/798 799/799/799 800/800/800
f 801/801/801 802/802/802 803/803/803 804/804/804
f 805/805/805 806/806/806 807/807/807 808/808/808
f 809/809/809 810/810/810 811/811/811 812/812/812
f 813/813/813 814/814/814 815/815/815 816/816/816
f 817/817/817 818/818/818 819/819/819 820/820/820
f 821/821/821 822/822/822 823/823/823 824/824/824
f 825/825/825 826/826/826 827/827/827 828/828/828
f 829/829/829 830/830/830 831/831/831 832/832/832
f 833/833/833 834/834/834 835/835/835 836/836/836
f 837/837/837 838/838/838 839/839/839 840/840/840
f 841/841/841 842/842/842 843/843/843 844/844/844
f 845/845/845 846/846/846 847/847/847 848/848/848
f 849/849/849 850/850/850 851/851/851 852/852/852
f 853/853/853 854/854/854 855/855/855 856/856/856
f 857/857/857 858/858/858 859/859/859 860/860/860
f 861/861/861 862/862/862 863/863/863 864/864/864
f 865/865/865 866/866/866 867/867/867 868/868/868
f 869/869/869 870/870/870 871/871/871 872/872/872
f 873/873/873 874/874/874 875/875/875 876/876/876
f 877/877/877 878/878/878 879/879/879 880/880/880
f 881/881/881 882/882/882 883/883/883 884/884/884
f 885/885/885 886/886/886 887/887/887 888/888/888
f 889/889/889 890/890/890 891/891/891 892/892/892
f 893/893/893 894/894/894 895/895/895 896/896/896
f 897/897/897 898/898/898 899/899/899 900/900/900
f 901/901/901 902/902/902 903/903/903 904/904/904
f 905/905/905 906/906/906 907/907/907 908/908/908
f 909/909/909 910/910/910 911/911/911 912/912/912
f 913/913/913 914/914/914 915/915/915 916/916/916
f 917/917/917 918/918/918 919/919/919 920/920/920
f 921/921/921 922/922/922 923/923/923 924/924/924
f 925/925/925 926/926/926 927/927/927 928/928/928
f 929/929/929 930/930/930 931/931/931 932/932/932
f 933/933/933 934/934/934 935/935/935 936/936/936
f 937/937/937 938/938/938 939/939/939 940/940/940
f 941/941/941 942/942/942 943/943/943 944/944/944
f 945/945/945 946/946/946 947/947/947 948/948/948
f 949/949/949 950/950/950 951/951/951 952/952/952
f 953/953/953 954/954/954 955/955/955 956/956/956
f 957/957/957 958/958/958 959/959/959 960/960/960
f 961/961/961 962/962/962 963/963/963 964/964/964
f 965/965/965 966/966/966 967/967/967 968/968/968
f 969/969/969 970/970/970 971/971/971 972/972/972
f 973/973/973 974/974/974 975/975/975 976/976/976
f 977/977/977 978/978/978 979/979/979 980/980/980
f 981/981/981 982/982/982 983/983/983 984/984/984
f 985/985/985 986/986/986 987/987/987 988/988/988
f 989/989/989 990/990/990 991/991/991 992/992/992
f 993/993/993 994/994/994 995/995/995 996/996/996
f 997/997/997 998/998/998 999/999/999 1000/1000/1000
f 1001/1001/1001 1002/1002/1002 1003/1003/1003 1004/1004/1004
f 1005/1005/1005 1006/1006/1006 1007/1007/1007 1008/1008/1008
f 1009/1009/1009 1010/1010/1010 1011/1011/1011 1012/1012/1012
f 1013/1013/1013 1014/1014/1014 1015/1015/1015 1016/1016/1016
f 1017/1017/1017 1018/1018/1018 1019/1019/1019 1020/1020/1020
f 1021/1021/1021 1022/1022/1022 1023/1023/1023 1024/1024/1024
f 1025/1025/1025 1026/1026/1026 1027/1027/1027 1028/1028/1028
f 1029/1029/1029 1030/1030/1030 1031/1031/1031 1032/1032/1032
f 1033/1033/1033 1034/1034/1034 1035/1035/1035 1036/1036/1036
f 1037/1037/1037 1038/1038/1038 1039/1039/1039 1040/1040/1040
f 1041/1041/1041 1042/1042/1042 1043/1043/1043 1044/1044/1044
f 1045/1045/1045 1046/1046/1046 1047/1047/1047 1048/1048/1048
f 1049/1049/1049 1050/1050/1050 1051/1051/1051 1052/1052/1052
f 1053/1053/1053 1054/1054/1054 1055/1055/1055 1056/1056/1056
f 1057/1057/1057 1058/1058/1058 1059/1059/1059 1060/1060/1060
f 1061/1061/1061 1062/1062/1062 1063/1063/1063 1064/1064/1064
f 1065/1065/1065 1066/1066/1066 1067/1067/1067 1068/1068/1068
f 1069/1069/1069 1070/1070/1070 1071/1071/1071 1072/1072/1072
f 1073/1073/1073 1074/1074/1074 1075/1075/1075 1076/1076/1076
f 1077/1077/1077 1078/1078/1078 1079/1079/1079 1080/1080/1080
f 1081/1081/1081 1082/1082/1082 1083/1083/1083 1084/1084/1084
f 1085/1085/1085 1086/1086/1086 1087/1087/1087 1088/1088/1088
f 1089/1089/1089 1090/1090/1090 1091/1091/1091 1092/1092/1092
f 1093/1093/1093 1094/1094/1094 1095/1095/1095 1096/1096/1096
f 1097/1097/1097 1098/1098/1098 1099/1099/1099 1100/1100/1100
f 1101/1101/1101 1102/1102/1102 1103/1103/1103 1104/1104/1104
f 1105/1105/1105 1106/1106/1106 1107/1107/1107 1108/1108/1108
f 1109/1109/1109 1110/1110/1110 1111/1111/1111 1112/1112/1112
f 1113/1113/1113 1114/1114/1114 1115/1115/1115 1116/1116/1116
f 1117/1117/1117 1118/1118/1118 1119/1119/1119 1120/1120/1120
f 1121/1121/1121 1122/1122/1122 1123/1123/1123 1124/1124/1124
f 1125/1125/1125 1126/1126/1126 1127/1127/1127 1128/1128/1128
f 1129/1129/1129 1130/1130/1130 1131/1131/1131 1132/1132/1132
f 1133/1133/1133 1134/1134/1134 1135/1135/1135 1136/1136/1136
f 1137/1137/1137 1138/1138/1138 1139/1139/1139 1140/1140/1140
f 1141/1141/1141 1142/1142/1142 1143/1143/1143 1144/1144/1144
f 1145/1145/1145 1146/1146/1146 1147/1147/1147 1148/1148/1148
f 1149/1149/1149 1150/1150/1150 1151/1151/1151 1152/1152/1152
f 1153/1153/1153 1154/1154/1154 1155/1155/1155 1156/1156/1156
f 1157/1157/1157 1158/1158/1158 1159/1159/1159 1160/1160/1160
f 1161/1161/1161 1162/1162/1162 1163/1163/1163 1164/1164/1164
f 1165/1165/1165 1166/1166/1166 1167/1167/1167 1168/1168/1168
f 1169/1169/1169 1170/1170/1170 1171/1171/1171 1172/1172/1172
f 1173/1173/1173 1174/1174/1174 1175/1175/1175 1176/1176/1176
f 1177/1177/1177 1178/1178/1178 1179/1179/1179 1180/1180/1180
f 1181/1181/1181 1182/1182/1182 1183/1183/1183 1184/1184/1184
f 1185/1185/1185 1186/1186/1186 1187/1187/1187 1188/1188/1188
f 1189/1189/1189 1190/1190/1190 1191/1191/1191 1192/1192/1192
f 1193/1193/1193 1194/1194/1194 1195/1195/1195 1196/1196/1196
f 1197/1197/1197 1198/1198/1198 1199/1199/1199 1200/1200/1200
f 1201/1201/1201 1202/1202/1202 1203/1203/1203 1204/1204/1204
f 1205/1205/1205 1206/1206/1206 1207/1207/1207 1208/1208/1208
f 1209/1209/1209 1210/1210/1210 1211/1211/1211 1212/1212/1212
f 1213/1213/1213 1214/1214/1214 1215/1215/1215 1216/1216/1216
f 1217/1217/1217 1218/1218/1218 1219/1219/1219 1220/1220/1220
f 1221/1221/1221 1222/1222/1222 1223/1223/1223 1224/1224/1224
f 1225/1225/1225 1226/1226/1226 1227/1227/1227 1228/1228/1228
f 1229/1229/1229 1230/1230/1230 1231/1231/1231 1232/1232/1232
f 1233/1233/1233 1234/1234/1234 1235/1235/1235 1236/1236/1236
f 1237/1237/1237 1238/1238/1238 1239/1239/1239 1240/1240/1240
f 1241/1241/1241 1242/1242/1242 1243/1243/1243 1244/1244/1244
f 1245/1245/1245 1246/1246/1246 1247/1247/1247 1248/1248/1248
f 1249/1249/1249 1250/1250/1250 1251/1251/1251 1252/1252/1252
f 1253/1253/1253 1254/1254/1254 1255/1255/1255 1256/1256/1256
f 1257/1257/1257 1258/1258/1258 1259/1259/1259 1260/1260/1260
f 1261/1261/1261 1262/1262/1262 1263/1263/1263 1264/1264/1264
f 1265/1265/1265 1266/1266/1266 1267/1267/1267 1268/1268/1268
f 1269/1269/1269 1270/1270/1270 1271/1271/1271 1272/1272/1272
f 1273/1273/1273 1274/1274/1274 1275/1275/1275 1276/1276/1276
f 1277/1277/1277 1278/1278/1278 1279/1279/1279 1280/1280/1280
f 1281/1281/1281 1282/1282/1282 1283/1283/1283 1284/1284/1284
f 1285/1285/1285 1286/1286/1286 1287/1287/1287 1288/1288/1288
f 1289/1289/1289 1290/1290/1290 1291/1291/1291 1292/1292/1292
f 1293/1293/1293 1294/1294/1294 1295/1295/1295 1296/1296/1296
f 1297/1297/1297 1298/1298/1298 1299/1299/1299 1300/1300/1300
f 1301/1301/1301 1302/1302/1302 1303/1303/1303 1304/1304/1304
f 1305/1305/1305 1306/1306/1306 1307/1307/1307 1308/1308/1308
f 1309/1309/1309 1310/1310/1310 1311/1311/1311 1312/1312/1312
f 1313/1313/1313 1314/1314/1314 1315/1315/1315 1316/1316/1316
f 1317/1317/1317 1318/1318/1318 1319/1319/1319 1320/1320/1320
f 1321/1321/1321 1322/1322/1322 1323/1323/1323 1324/1324/1324
f 1325/1325/1325 1326/1326/1326 1327/1327/1327 1328/1328/1328
f 1329/1329/1329 1330/1330/1330 1331/1331/1331 1332/1332/1332
f 1333/1333/1333 1334/1334/1334 1335/1335/1335 1336/1336/1336
f 1337/1337/1337 1338/1338/1338 1339/1339/1339 1340/1340/1340
f 1341/1341/1341 1342/1342/1342 1343/1343/1343 1344/1344/1344
f 1345/1345/1345 1346/1346/1346 1347/1347/1347 1348/1348/1348
f 1349/1349/1349 1350/1350/1350 1351/1351/1351 1352/1352/1352
f 1353/1353/1353 1354/1354/1354 1355/1355/1355 1356/1356/1356
f 1357/1357/1357 1358/1358/1358 1359/1359/1359 1360/1360/1360
f 1361/1361/1361 1362/1362/1362 1363/1363/1363 1364/1364/1364
f 1365/1365/1365 1366/1366/1366 1367/1367/1367 1368/1368/1368
f 1369/1369/1369 1370/1370/1370 1371/1371/1371 1372/1372/1372
f 1373/1373/1373 1374/1374/1374 1375/1375/1375 1376/1376/1376
f 1377/1377/1377 1378/1378/1378 1379/1379/1379 1380/1380/1380
f 1381/1381/1381 1382/1382/1382 1383/1383/1383 1384/1384/1384
f 1385/1385/1385 1386/1386/1386 1387/1387/1387 1388/1388/1388
f 1389/1389/1389 1390/1390/1390 1391/1391/1391 1392/1392/1392
f 1393/1393/1393 1394/1394/1394 1395/1395/1395 1396/1396/1396
f 1397/1397/1397 1398/1398/1398 1399/1399/1399 1400/1400/1400
f 1401/1401/1401 1402/1402/1402 1403/1403/1403 1404/1404/1404
f 1405/1405/1405 1406/1406/1406 1407/1407/1407 1408/1408/1408
f 1409/1409/1409 1410/1410/1410 1411/1411/1411 1412/1412/1412
f 1413/1413/1413 1414/1414/1414 1415/1415/1415 1416/1416/1416
f 1417/1417/1417 1418/1418/1418 1419/1419/1419 1420/1420/1420
f 1421/1421/1421 1422/1422/1422 1423/1423/1423 1424/1424/1424
f 1425/1425/1425 1426/1426/1426 1427/1427/1427 1428/1428/1428
f 1429/1429/1429 1430/1430/1430 1431/1431/1431 1432/1432/1432
f 1433/1433/1433 1434/1434/1434 1435/1435/1435 1436/1436/1436
f 1437/1437/1437 1438/1438/1438 1439/1439/1439 1440/1440/1440
f 1441/1441/1441 1442/1442/1442 1443/1443/1443 1444/1444/1444
f 1445/1445/1445 1446/1446/1446 1447/1447/1447 1448/1448/1448
f 1449/1449/1449 1450/1450/1450 1451/1451/1451 1452/1452/1452
f 1453/1453/1453 1454/1454/1454 1455/1455/1455 1456/1456/1456
f 1457/1457/1457 1458/1458/1458 1459/1459/1459 1460/1460/1460
f 1461/1461/1461 1462/1462/1462 1463/1463/1463 1464/1464/1464
f 1465/1465/1465 1466/1466/1466 1467/1467/1467 1468/1468/1468
f 1469/1469/1469 1470/1470/1470 1471/1471/1471 1472/1472/1472
f 1473/1473/1473 1474/1474/1474 1475/1475/1475 1476/1476/1476
f 1477/1477/1477 1478/1478/1478 1479/1479/1479 1480/1480/1480
f 1481/1481/1481 1482/1482/1482 1483/1483/1483 1484/1484/1484
f 1485/1485/1485 1486/1486/1486 1487/1487/1487 1488/1488/1488
f 1489/1489/1489 1490/1490/1490 1491/1491/1491 1492/1492/1492
f 1493/1493/1493 1494/1494/1494 1495/1495/1495 1496/1496/1496
f 1497/1497/1497 1498/1498/1498 1499/1499/1499 1500/1500/1500
f 1501/1501/1501 1502/1502/1502 1503/1503/1503 1504/1504/1504
f 1505/1505/1505 1506/1506/1506 1507/1507/1507 1508/1508/1508
f 1509/1509/1509 1510/1510/1510 1511/1511/1511 1512/1512/1512
f 1513/1513/1513 1514/1514/1514 1515/1515/1515 1516/1516/1516
f 1517/1517/1517 1518/1518/1518 1519/1519/1519 1520/1520/1520
f 1521/1521/1521 1522/1522/1522 1523/1523/1523 1524/1524/1524
f 1525/1525/1525 1526/1526/1526 1527/1527/1527 1528/1528/1528
f 1529/1529/1529 1530/1530/1530 1531/1531/1531 1532/1532/1532
f 1533/1533/1533 1534/1534/1534 1535/1535/1535 1536/1536/1536
f 1537/1537/1537 1538/1538/1538 1539/1539/1539 1540/1540/1540
f 1541/1541/1541 1542/1542/1542 1543/1543/1543 1544/1544/1544
f 1545/1545/1545 1546/1546/1546 1547/1547/1547 1548/1548/1548
f 1549/1549/1549 1550/1550/1550 1551/1551/1551 1552/1552/1552
f 1553/1553/1553 1554/1554/1554 1555/1555/1555 1556/1556/1556
f 1557/1557/1557 1558/1558/1558 1559/1559/1559 1560/1560/1560
f 1561/1561/1561 1562/1562/1562 1563/1563/1563 1564/1564/1564
f 1565/1565/1565 1566/1566/1566 1567/1567/1567 1568/1568/1568
f 1569/1569/1569 1570/1570/1570 1571/1571/1571 1572/1572/1572
f 1573/1573/1573 1574/1574/1574 1575/1575/1575 1576/1576/1576
f 1577/1577/1577 1578/1578/1578 1579/1579/1579 1580/1580/1580
f 1581/1581/1581 1582/1582/1582 1583/1583/1583 1584/1584/1584
f 1585/1585/1585 1586/1586/1586 1587/1587/1587 1588/1588/1588
f 1589/1589/1589 1590/1590/1590 1591/1591/1591 1592/1592/1592
f 1593/1593/1593 1594/1594/1594 1595/1595/1595 1596/1596/1596
f 1597/1597/1597 1598/1598/1598 1599/1599/1599 1600/1600/1600
f 1601/1601/1601 1602/1602/1602 1603/1603/1603 1604/1604/1604
f 1605/1605/1605 1606/1606/1606 1607/1607/1607 1608/1608/1608
f 1609/1609/1609 1610/1610/1610 1611/1611/1611 1612/1612/1612
f 1613/1613/1613 1614/1614/1614 1615/1615/1615 1616/1616/1616
f 1617/1617/1617 1618/1618/1618 1619/1619/1619 1620/1620/1620
f 1621/1621/1621 1622/1622/1622 1623/1623/1623 1624/1624/1624
f 1625/1625/1625 1626/1626/1626 1627/1627/1627 1628/1628/1628
f 1629/1629/1629 1630/1630/1630 1631/1631/1631 1632/1632/1632
f 1633/1633/1633 1634/1634/1634 1635/1635/1635 1636/1636/1636
f 1637/1637/1637 1638/1638/1638 1639/1639/1639 1640/1640/1640
f 1641/1641/1641 1642/1642/1642 1643/1643/1643 1644/1644/1644
f 1645/1645/1645 1646/1646/1646 1647/1647/1647 1648/1648/1648
f 1649/1649/1649 1650/1650/1650 1651/1651/1651 1652/1652/1652
f 1653/1653/1653 1654/1654/1654 1655/1655/1655 1656/1656/1656
f 1657/1657/1657 1658/1658/1658 1659/1659/1659 1660/1660/1660
f 1661/1661/1661 1662/1662/1662 1663/1663/1663 1664/1664/1664
f 1665/1665/1665 1666/1666/1666 1667/1667/1667 1668/1668/1668
f 1669/1669/1669 1670/1670/1670 1671/1671/1671 1672/1672/1672
f 1673/1673/1673 1674/1674/1674 1675/1675/1675 1676/1676/1676
f 1677/1677/1677 1678/1678/1678 1679/1679/1679 1680/1680/1680
f 1681/1681/1681 1682/1682/1682 1683/1683/1683 1684/1684/1684
f 1685/1685/1685 1686/1686/1686 1687/1687/1687 1688/1688/1688
f 1689/1689/1689 1690/1690/1690 1691/1691/1691 1692/1692/1692
f 1693/1693/1693 1694/1694/1694 1695/1695/1695 1696/1696/1696
f 1697/1697/1697 1698/1698/1698 1699/1699/1699 1700/1700/1700
f 1701/1701/1701 1702/1702/1702 1703/1703/1703 1704/1704/1704
f 1705/1705/1705 1706/1706/1706 1707/1707/1707 1708/1708/1708
f 1709/1709/1709 1710/1710/1710 1711/1711/1711 1712/1712/1712
f 1713/1713/1713 1714/1714/1714 1715/1715/1715 1716/1716/1716
f 1717/1717/1717 1718/1718/1718 1719/1719/1719 1720/1720/1720
f 1721/1721/1721 1722/1722/1722 1723/1723/1723 1724/1724/1724
f 1725/1725/1725 1726/1726/1726 1727/1727/1727 1728/1728/1728
f 1729/1729/1729 1730/1730/1730 1731/1731/1731 1732/1732/1732
f 1733/1733/1733 1734/1734/1734 1735/1735/1735 1736/1736/1736
f 1737/1737/1737 1738/1738/1738 1739/1739/1739 1740/1740/1740
f 1741/1741/1741 1742/1742/1742 1743/1743/1743 1744/1744/1744
f 1745/1745/1745 1746/1746/1746 1747/1747/1747 1748/1748/1748
f 1749/1749/1749 1750/1750/1750 1751/1751/1751 1752/1752/1752
f 1753/1753/1753 1754/1754/1754 1755/1755/1755 1756/1756/1756
f 1757/1757/1757 1758/1758/1758 1759/1759/1759 1760/1760/1760
f 1761/1761/1761 1762/1762/1762 1763/1763/1763 1764/1764/1764
f 1765/1765/1765 1766/1766/1766 1767/1767/1767 1768/1768/1768
f 1769/1769/1769 1770/1770/1770 1771/1771/1771 1772/1772/1772
f 1773/1773/1773 1774/1774/1774 1775/1775/1775 1776/1776/1776
f 1777/1777/1777 1778/1778/1778 1779/1779/1779 1780/1780/1780
f 1781/1781/1781 1782/1782/1782 1783/1783/1783 1784/1784/1784
f 1785/1785/1785 1786/1786/1786 1787/1787/1787 1788/1788/1788
f 1789/1789/1789 1790/1790/1790 1791/1791/1791 1792/1792/1792
f 1793/1793/1793 1794/1794/1794 1795/1795/1795 1796/1796/1796
f 1797/1797/1797 1798/1798/1798 1799/1799/1799 1800/1800/1800
f 1801/1801/1801 1802/1802/1802 1803/1803/1803 1804/1804/1804
f 1805/1805/1805 1806/1806/1806 1807/1807/1807 1808/1808/1808
f 1809/1809/1809 1810/1810/1810 1811/1811/1811 1812/1812/1812
f 1813/1813/1813 1814/1814/1814 1815/1815/1815 1816/1816/1816
f 1817/1817/1817 1818/1818/1818 1819/1819/1819 1820/1820/1820
f 1821/1821/1821 1822/1822/1822 1823/1823/1823 1824/1824/1824
f 1825/1825/1825 1826/1826/1826 1827/1827/1827 1828/1828/1828
f 1829/1829/1829 1830/1830/1830 1831/1831/1831 1832/1832/1832
f 1833/1833/1833 1834/1834/1834 1835/1835/1835 1836/1836/1836
f 1837/1837/1837 1838/1838/1838 1839/1839/1839 1840/1840/1840
f 1841/1841/1841 1842/1842/1842 1843/1843/1843 1844/1844/1844
f 1845/1845/1845 1846/1846/1846 1847/1847/1847 1848/1848/1848
f 1849/1849/1849 1850/1850/1850 1851/1851/1851 1852/1852/1852
f 1853/1853/1853 1854/1854/1854 1855/1855/1855 1856/1856/1856
f 1857/1857/1857 1858/1858/1858 1859/1859/1859 1860/1860/1860
f 1861/1861/1861 1862/1862/1862 1863/1863/1863 1864/1864/1864
f 1865/1865/1865 1866/1866/1866 1867/1867/1867 1868/1868/1868
f 1869/1869/1869 1870/1870/1870 1871/1871/1871 1872/1872/1872
f 1873/1873/1873 1874/1874/1874 1875/1875/1875 1876/1876/1876
f 1877/1877/1877 1878/1878/1878 1879/1879/1879 1880/1880/1880
f 1881/1881/1881 1882/1882/1882 1883/1883/1883 1884/1884/1884
f 1885/1885/1885 1886/1886/1886 1887/1887/1887 1888/1888/1888
f 1889/1889/1889 1890/1890/1890 1891/1891/1891 1892/1892/1892
f 1893/1893/1893 1894/1894/1894 1895/1895/1895 1896/1896/1896
f 1897/1897/1897 1898/1898/1898 1899/1899/1899 1900/1900/1900
f 1901/1901/1901 1902/1902/1902 1903/1903/1903 1904/1904/1904
f 1905/1905/1905 1906/1906/1906 1907/1907/1907 1908/1908/1908
f 1909/1909/1909 1910/1910/1910 1911/1911/1911 1912/1912/1912
f 1913/1913/1913 1914/1914/1914 1915/1915/1915 1916/1916/1916
f 1917/1917/1917 1918/1918/1918 1919/1919/1919 1920/1920/1920
f 1921/1921/1921 1922/1922/1922 1923/1923/1923 1924/1924/1924
f 1925/1925/1925 1926/1926/1926 1927/1927/1927 1928/1928/1928
f 1929/1929/1929 1930/1930/1930 1931/1931/1931 1932/1932/1932
f 1933/1933/1933 1934/1934/1934 1935/1935/1935 1936/1936/1936
f 1937/1937/1937 1938/1938/1938 1939/1939/1939 1940/1940/1940
f 1941/1941/1941 1942/1942/1942 1943/1943/1943 1944/1944/1944
f 1945/1945/1945 1946/1946/1946 1947/1947/1947 1948/1948/1948
f 1949/1949/1949 1950/1950/1950 1951/1951/1951 1952/1952/1952
f 1953/1953/1953 1954/1954/1954 1955/1955/1955 1956/1956/1956
f 1957/1957/1957 1958/1958/1958 1959/1959/1959 1960/1960/1960
f 1961/1961/1961 1962/1962/1962 1963/1963/1963 1964/1964/1964
f 1965/1965/1965 1966/1966/1966 1967/1967/1967 1968/1968/1968
f 1969/1969/1969 1970/1970/1970 1971/1971/1971 1972/1972/1972
f 1973/1973/1973 1974/1974/1974 1975/1975/1975 1976/1976/1976
f 1977/1977/1977 1978/1978/1978 1979/1979/1979 1980/1980/1980
f 1981/1981/1981 1982/1982/1982 1983/1983/1983 1984/1984/1984
f 1985/1985/1985 1986/1986/1986 1987/1987/1987 1988/1988/1988
f 1989/1989/1989 1990/1990/1990 1991/1991/1991 1992/1992/1992
f 1993/1993/1993 1994/1994/1994 1995/1995/1995 1996/1996/1996
f 1997/1997/1997 1998/1998/1998 1999/1999/1999 2000/2000/2000
f 2001/2001/2001 2002/2002/2002 2003/2003/2003 2004/2004/2004
f 2005/2005/2005 2006/2006/2006 2007/2007/2007 2008/2008/2008
f 2009/2009/2009 2010/2010/2010 2011/2011/2011 2012/2012/2012
f 2013/2013/2013 2014/2014/2014 2015/2015/2015 2016/2016/2016
f 2017/2017/2017 2018/2018/2018 2019/2019/2019 2020/2020/2020
f 2021/2021/2021 2022/2022/2022 2023/2023/2023 2024/2024/2024
f 2025/2025/2025 2026/2026/2026 2027/2027/2027 2028/2028/2028
f 2029/2029/2029 2030/2030/2030 2031/2031/2031 2032/2032/2032
f 2033/2033/2033 2034/2034/2034 2035/2035/2035 2036/2036/2036
f 2037/2037/2037 2038/2038/2038 2039/2039/2039 2040/2040/2040
f 2041/2041/2041 2042/2042/2042 2043/2043/2043 2044/2044/2044
f 2045/2045/2045 2046/2046/2046 2047/2047/2047 2048/2048/2048
f 2049/2049/2049 2050/2050/2050 2051/2051/2051 2052/2052/2052
f 2053/2053/2053 2054/2054/2054 2055/2055/2055 2056/2056/2056
f 2057/2057/2057 2058/2058/2058 2059/2059/2059 2060/2060/2060
f 2061/2061/2061 2062/2062/2062 2063/2063/2063 2064/2064/2064
f 2065/2065/2065 2066/2066/2066 2067/2067/2067 2068/2068/2068
f 2069/2069/2069 2070/2070/2070 2071/2071/2071 2072/2072/2072
f 2073/2073/2073 2074/2074/2074 2075/2075/2075 2076/2076/2076
f 2077/2077/2077 2078/2078/2078 2079/2079/2079 2080/2080/2080
f 2081/2081/2081 2082/2082/2082 2083/2083/2083 2084/2084/2084
f 2085/2085/2085 2086/2086/2086 2087/2087/2087 2088/2088/2088
f 2089/2089/2089 2090/2090/2090 2091/2091/2091 2092/2092/2092
f 2093/2093/2093 2094/2094/2094 2095/2095/2095 2096/2096/2096
f 2097/2097/2097 2098/2098/2098 2099/2099/2099 2100/2100/2100
f 2101/2101/2101 2102/2102/2102 2103/2103/2103 2104/2104/2104
f 2105/2105/2105 2106/2106/2106 2107/2107/2107 2108/2108/2108
f 2109/2109/2109 2110/2110/2110 2111/2111/2111 2112/2112/2112
f 2113/2113/2113 2114/2114/2114 2115/2115/2115 2116/2116/2116
f 2117/2117/2117 2118/2118/2118 2119/2119/2119 2120/2120/2120
f 2121/2121/2121 2122/2122/2122 2123/2123/2123 2124/2124/2124
f 2125/2125/2125 2126/2126/2126 2127/2127/2127 2128/2128/2128
f 2129/2129/2129 2130/2130/2130 2131/2131/2131 2132/2132/2132
f 2133/2133/2133 2134/2134/2134 2135/2135/2135 2136/2136/2136
f 2137/2137/2137 2138/2138/2138 2139/2139/2139 2140/2140/2140
f 2141/2141/2141 2142/2142/2142 2143/2143/2143 2144/2144/2144
f 2145/2145/2145 2146/2146/2146 2147/2147/2147 2148/2148/2148
f 2149/2149/2149 2150/2150/2150 2151/2151/2151 2152/2152/2152
f 2153/2153/2153 2154/2154/2154 2155/2155/2155 2156/2156/2156
f 2157/2157/2157 2158/2158/2158 2159/2159/2159 2160/2160/2160
f 2161/2161/2161 2162/2162/2162 2163/2163/2163 2164/2164/2164
f 2165/2165/2165 2166/2166/2166 2167/2167/2167 2168/2168/2168
f 2169/2169/2169 2170/2170/2170 2171/2171/2171 2172/2172/2172
f 2173/2173/2173 2174/2174/2174 2175/2175/2175 2176/2176/2176
f 2177/2177/2177 2178/2178/2178 2179/2179/2179 2180/2180/2180
f 2181/2181/2181 2182/2182/2182 2183/2183/2183 2184/2184/2184
f 2185/2185/2185 2186/2186/2186 2187/2187/2187 2188/2188/2188
f 2189/2189/2189 2190/2190/2190 2191/2191/2191 2192/2192/2192
f 2193/2193/2193 2194/2194/2194 2195/2195/2195 2196/2196/2196
f 2197/2197/2197 2198/2198/2198 2199/2199/2199 2200/2200/2200
f 2201/2201/2201 2202/2202/2202 2203/2203/2203 2204/2204/2204
f 2205/2205/2205 2206/2206/2206 2207/2207/2207 2208/2208/2208
f 2209/2209/2209 2210/2210/2210 2211/2211/2211 2212/2212/2212
f 2213/2213/2213 2214/2214/2214 2215/2215/2215 2216/2216/2216
f 2217/2217/2217 2218/2218/2218 2219/2219/2219 2220/2220/2220
f 2221/2221/2221 2222/2222/2222 2223/2223/2223 2224/2224/2224
f 2225/2225/2225 2226/2226/2226 2227/2227/2227 2228/2228/2228
f 2229/2229/2229 2230/2230/2230 2231/2231/2231 2232/2232/2232
f 2233/2233/2233 2234/2234/2234 2235/2235/2235 2236/2236/2236
f 2237/2237/2237 2238/2238/2238 2239/2239/2239 2240/2240/2240
f 2241/2241/2241 2242/2242/2242 2243/2243/2243 2244/2244/2244
f 2245/2245/2245 2246/2246/2246 2247/2247/2247 2248/2248/2248
f 2249/2249/2249 2250/2250/2250 2251/2251/2251 2252/2252/2252
f 2253/2253/2253 2254/2254/2254 2255/2255/2255 2256/2256/2256
f 2257/2257/2257 2258/2258/2258 2259/2259/2259 2260/2260/2260
f 2261/2261/2261 2262/2262/2262 2263/2263/2263 2264/2264/2264
f 2265/2265/2265 2266/2266/2266 2267/2267/2267 2268/2268/2268
f 2269/2269/2269 2270/2270/2270 2271/2271/2271 2272/2272/2272
f 2273/2273/2273 2274/2274/2274 2275/2275/2275 2276/2276/2276
f 2277/2277/2277 2278/2278/2278 2279/2279/2279 2280/2280/2280
f 2281/2281/2281 2282/2282/2282 2283/2283/2283 2284/2284/2284
f 2285/2285/2285 2286/2286/2286 2287/2287/2287 2288/2288/2288
f 2289/2289/2289 2290/2290/2290 2291/2291/2291 2292/2292/2292
f 2293/2293/2293 2294/2294/2294 2295/2295/2295 2296/2296/2296
f 2297/2297/2297 2298/2298/2298 2299/2299/2299 2300/2300/2300
f 2301/2301/2301 2302/2302/2302 2303/2303/2303 2304/2304/2304
f 2305/2305/2305 2306/2306/2306 2307/2307/2307 2308/2308/2308
f 2309/2309/2309 2310/2310/2310 2311/2311/2311 2312/2312/2312
f 2313/2313/2313 2314/2314/2314 2315/2315/2315 2316/2316/2316
f 2317/2317/2317 2318/2318/2318 2319/2319/2319 2320/2320/2320
f 2321/2321/2321 2322/2322/2322 2323/2323/2323 2324/2324/2324
f 2325/2325/2325 2326/2326/2326 2327/2327/2327 2328/2328/2328
f 2329/2329/2329 2330/2330/2330 2331/2331/2331 2332/2332/2332
f 2333/2333/2333 2334/2334/2334 2335/2335/2335 2336/2336/2336
f 2337/2337/2337 2338/2338/2338 2339/2339/2339 2340/2340/2340
f 2341/2341/2341 2342/2342/2342 2343/2343/2343 2344/2344/2344
f 2345/2345/2345 2346/2346/2346 2347/2347/2347 2348/2348/2348
f 2349/2349/2349 2350/2350/2350 2351/2351/2351 2352/2352/2352
f 2353/2353/2353 2354/2354/2354 2355/2355/2355 2356/2356/2356
f 2357/2357/2357 2358/2358/2358 2359/2359/2359 2360/2360/2360
f 2361/2361/2361 2362/2362/2362 2363/2363/2363 2364/2364/2364
f 2365/2365/2365 2366/2366/2366 2367/2367/2367 2368/2368/2368
f 2369/2369/2369 2370/2370/2370 2371/2371/2371 2372/2372/2372
f 2373/2373/2373 2374/2374/2374 2375/2375/2375 2376/2376/2376
f 2377/2377/2377 2378/2378/2378 2379/2379/2379 2380/2380/2380
f 2381/2381/2381 2382/2382/2382 2383/2383/2383 2384/2384/2384
f 2385/2385/2385 2386/2386/2386 2387/2387/2387 2388/2388/2388
f 2389/2389/2389 2390/2390/2390 2391/2391/2391 2392/2392/2392
f 2393/2393/2393 2394/2394/2394 2395/2395/2395 2396/2396/2396
f 2397/2397/2397 2398/2398/2398 2399/2399/2399 2400/2400/2400
f 2401/2401/2401 2402/2402/2402 2403/2403/2403 2404/2404/2404
f 2405/2405/2405 2406/2406/2406 2407/2407/2407 2408/2408/2408
f 2409/2409/2409 2410/2410/2410 2411/2411/2411 2412/2412/2412
f 2413/2413/2413 2414/2414/2414 2415/2415/2415 2416/2416/2416
f 2417/2417/2417 2418/2418/2418 2419/2419/2419 2420/2420/2420
f 2421/2421/2421 2422/2422/2422 2423/2423/2423 2424/2424/2424
f 2425/2425/2425 2426/2426/2426 2427/2427/2427 2428/2428/2428
f 2429/2429/2429 2430/2430/2430 2431/2431/2431 2432/2432/2432
f 2433/2433/2433 2434/2434/2434 2435/2435/2435 2436/2436/2436
f 2437/2437/2437 2438/2438/2438 2439/2439/2439 2440/2440/2440
f 2441/2441/2441 2442/2442/2442 2443/2443/2443 2444/2444/2444
f 2445/2445/2445 2446/2446/2446 2447/2447/2447 2448/2448/2448
f 2449/2449/2449 2450/2450/2450 2451/2451/2451 2452/2452/2452
f 2453/2453/2453 2454/2454/2454 2455/2455/2455 2456/2456/2456
f 2457/2457/2457 2458/2458/2458 2459/2459/2459 2460/2460/2460
f 2461/2461/2461 2462/2462/2462 2463/2463/2463 2464/2464/2464
f 2465/2465/2465 2466/2466/2466 2467/2467/2467 2468/2468/2468
f 2469/2469/2469 2470/2470/2470 2471/2471/2471 2472/2472/2472
f 2473/2473/2473 2474/2474/2474 2475/2475/2475 2476/2476/2476
f 2477/2477/2477 2478/2478/2478 2479/2479/2479 2480/2480/2480
f 2481/2481/2481 2482/2482/2482 2483/2483/2483 2484/2484/2484
f 2485/2485/2485 2486/2486/2486 2487/2487/2487 2488/2488/2488
f 2489/2489/2489 2490/2490/2490 2491/2491/2491 2492/2492/2492
f 2493/2493/2493 2494/2494/2494 2495/2495/2495 2496/2496/2496
f 2497/2497/2497 2498/2498/2498 2499/2499/2499 2500/2500/2500
f 2501/2501/2501 2502/2502/2502 2503/2503/2503 2504/2504/2504
f 2505/2505/2505 2506/2506/2506 2507/2507/2507 2508/2508/2508
f 2509/2509/2509 2510/2510/2510 2511/2511/2511 2512/2512/2512
f 2513/2513/2513 2514/2514/2514 2515/2515/2515 2516/2516/2516
f 2517/2517/2517 2518/2518/2518 2519/2519/2519 2520/2520/2520
f 2521/2521/2521 2522/2522/2522 2523/2523/2523 2524/2524/2524
f 2525/2525/2525 2526/2526/2526 2527/2527/2527 2528/2528/2528
f 2529/2529/2529 2530/2530/2530 2531/2531/2531 2532/2532/2532
f 2533/2533/2533 2534/2534/2534 2535/2535/2535 2536/2536/2536
f 2537/2537/2537 2538/2538/2538 2539/2539/2539 2540/2540/2540
f 2541/2541/2541 2542/2542/2542 2543/2543/2543 2544/2544/2544
f 2545/2545/2545 2546/2546/2546 2547/2547/2547 2548/2548/2548
f 2549/2549/2549 2550/2550/2550 2551/2551/2551 2552/2552/2552
f 2553/2553/2553 2554/2554/2554 2555/2555/2555 2556/2556/2556
f 2557/2557/2557 2558/2558/2558 2559/2559/2559 2560/2560/2560
f 2561/2561/2561 2562/2562/2562 2563/2563/2563 2564/2564/2564
f 2565/2565/2565 2566/2566/2566 2567/2567/2567 2568/2568/2568
f 2569/2569/2569 2570/2570/2570 2571/2571/2571 2572/2572/2572
f 2573/2573/2573 2574/2574/2574 2575/2575/2575 2576/2576/2576
f 2577/2577/2577 2578/2578/2578 2579/2579/2579 2580/2580/2580
f 2581/2581/2581 2582/2582/2582 2583/2583/2583 2584/2584/2584
f 2585/2585/2585 2586/2586/2586 2587/2587/2587 2588/2588/2588
f 2589/2589/2589 2590/2590/2590 2591/2591/2591 2592/2592/2592
f 2593/2593/2593 2594/2594/2594 2595/2595/2595 2596/2596/2596
f 2597/2597/2597 2598/2598/2598 2599/2599/2599 2600/2600/2600
f 2601/2601/2601 2602/2602/2602 2603/2603/2603 2604/2604/2604
f 2605/2605/2605 2606/2606/2606 2607/2607/2607 2608/2608/2608
f 2609/2609/2609 2610/2610/2610 2611/2611/2611 2612/2612/2612
f 2613/2613/2613 2614/2614/2614 2615/2615/2615 2616/2616/2616
f 2617/2617/2617 2618/2618/2618 2619/2619/2619 2620/2620/2620
f 2621/2621/2621 2622/2622/2622 2623/2623/2623 2624/2624/2624
f 2625/2625/2625 2626/2626/2626 2627/2627/2627 2628/2628/2628
f 2629/2629/2629 2630/2630/2630 2631/2631/2631 2632/2632/2632
f 2633/2633/2633 2634/2634/2634 2635/2635/2635 2636/2636/2636
f 2637/2637/2637 2638/2638/2638 2639/2639/2639 2640/2640/2640
f 2641/2641/2641 2642/2642/2642 2643/2643/2643 2644/2644/2644
f 2645/2645/2645 2646/2646/2646 2647/2647/2647 2648/2648/2648
f 2649/2649/2649 2650/2650/2650 2651/2651/2651 2652/2652/2652
f 2653/2653/2653 2654/2654/2654 2655/2655/2655 2656/2656/2656
f 2657/2657/2657 2658/2658/2658 2659/2659/2659 2660/2660/2660
f 2661/2661/2661 2662/2662/2662 2663/2663/2663 2664/2664/2664
f 2665/2665/2665 2666/2666/2666 2667/2667/2667 2668/2668/2668
f 2669/2669/2669 2670/2670/2670 2671/2671/2671 2672/2672/2672
f 2673/2673/2673 2674/2674/2674 2675/2675/2675 2676/2676/2676
f 2677/2677/2677 2678/2678/2678 2679/2679/2679 2680/2680/2680
f 2681/2681/2681 2682/2682/2682 2683/2683/2683 2684/2684/2684
f 2685/2685/2685 2686/2686/2686 2687/2687/2687 2688/2688/2688
f 2689/2689/2689 2690/2690/2690 2691/2691/2691 2692/2692/2692
f 2693/2693/2693 2694/2694/2694 2695/2695/2695 2696/2696/2696
f 2697/2697/2697 2698/2698/2698 2699/2699/2699 2700/2700/2700
f 2701/2701/2701 2702/2702/2702 2703/2703/2703 2704/2704/2704
f 2705/2705/2705 2706/2706/2706 2707/2707/2707 2708/2708/2708
f 2709/2709/2709 2710/2710/2710 2711/2711/2711 2712/2712/2712
f 2713/2713/2713 2714/2714/2714 2715/2715/2715 2716/2716/2716
f 2717/2717/2717 2718/2718/2718 2719/2719/2719 2720/2720/2720
f 2721/2721/2721 2722/2722/2722 2723/2723/2723 2724/2724/2724
f 2725/2725/2725 2726/2726/2726 2727/2727/2727 2728/2728/2728
f 2729/2729/2729 2730/2730/2730 2731/2731/2731 2732/2732/2732
f 2733/2733/2733 2734/2734/2734 2735/2735/2735 2736/2736/2736
f 2737/2737/2737 2738/2738/2738 2739/2739/2739 2740/2740/2740
f 2741/2741/2741 2742/2742/2742 2743/2743/2743 2744/2744/2744
f 2745/2745/2745 2746/2746/2746 2747/2747/2747 2748/2748/2748
f 2749/2749/2749 2750/2750/2750 2751/2751/2751 2752/2752/2752
f 2753/2753/2753 2754/2754/2754 2755/2755/2755 2756/2756/2756
f 2757/2757/2757 2758/2758/2758 2759/2759/2759 2760/2760/2760
f 2761/2761/2761 2762/2762/2762 2763/2763/2763 2764/2764/2764
f 2765/2765/2765 2766/2766/2766 2767/2767/2767 2768/2768/2768
f 2769/2769/2769 2770/2770/2770 2771/2771/2771 2772/2772/2772
f 2773/2773/2773 2774/2774/2774 2775/2775/2775 2776/2776/2776
f 2777/2777/2777 2778/2778/2778 2779/2779/2779 2780/2780/2780
f 2781/2781/2781 2782/2782/2782 2783/2783/2783 2784/2784/2784
f 2785/2785/2785 2786/2786/2786 2787/2787/2787 2788/2788/2788
f 2789/2789/2789 2790/2790/2790 2791/2791/2791 2792/2792/2792
f 2793/2793/2793 2794/2794/2794 2795/2795/2795 2796/2796/2796
f 2797/2797/2797 2798/2798/2798 2799/2799/2799 2800/2800/2800
f 2801/2801/2801 2802/2802/2802 2803/2803/2803 2804/2804/2804
f 2805/2805/2805 2806/2806/2806 2807/2807/2807 2808/2808/2808
f 2809/2809/2809 2810/2810/2810 2811/2811/2811 2812/2812/2812
f 2813/2813/2813 2814/2814/2814 2815/2815/2815 2816/2816/2816
f 2817/2817/2817 2818/2818/2818 2819/2819/2819 2820/2820/2820
f 2821/2821/2821 2822/2822/2822 2823/2823/2823 2824/2824/2824
f 2825/2825/2825 2826/2826/2826 2827/2827/2827 2828/2828/2828
f 2829/2829/2829 2830/2830/2830 2831/2831/2831 2832/2832/2832
f 2833/2833/2833 2834/2834/2834 2835/2835/2835 2836/2836/2836
f 2837/2837/2837 2838/2838/2838 2839/2839/2839 2840/2840/2840
f 2841/2841/2841 2842/2842/2842 2843/2843/2843 2844/2844/2844
f 2845/2845/2845 2846/2846/2846 2847/2847/2847 2848/2848/2848
f 2849/2849/2849 2850/2850/2850 2851/2851/2851 2852/2852/2852
f 2853/2853/2853 2854/2854/2854 2855/2855/2855 2856/2856/2856
f 2857/2857/2857 2858/2858/2858 2859/2859/2859 2860/2860/2860
f 2861/2861/2861 2862/2862/2862 2863/2863/2863 2864/2864/2864
f 2865/2865/2865 2866/2866/2866 2867/2867/2867 2868/2868/2868
f 2869/2869/2869 2870/2870/2870 2871/2871/2871 2872/2872/2872
f 2873/2873/2873 2874/2874/2874 2875/2875/2875 2876/2876/2876
f 2877/2877/2877 2878/2878/2878 2879/2879/2879 2880/2880/2880
f 2881/2881/2881 2882/2882/2882 2883/2883/2883 2884/2884/2884
f 2885/2885/2885 2886/2886/2886 2887/2887/2887 2888/2888/2888
f 2889/2889/2889 2890/2890/2890 2891/2891/2891 2892/2892/2892
f 2893/2893/2893 2894/2894/2894 2895/2895/2895 2896/2896/2896
f 2897/2897/2897 2898/2898/2898 2899/2899/2899 2900/2900/2900
f 2901/2901/2901 2902/2902/2902 2903/2903/2903 2904/2904/2904
f 2905/2905/2905 2906/2906/2906 2907/2907/2907 2908/2908/2908
f 2909/2909/2909 2910/2910/2910 2911/2911/2911 2912/2912/2912
f 2913/2913/2913 2914/2914/2914 2915/2915/2915 2916/2916/2916
f 2917/2917/2917 2918/2918/2918 2919/2919/2919 2920/2920/2920
f 2921/2921/2921 2922/2922/2922 2923/2923/2923 2924/2924/2924
f 2925/2925/2925 2926/2926/2926 2927/2927/2927 2928/2928/2928
f 2929/2929/2929 2930/2930/2930 2931/2931/2931 2932/2932/2932
f 2933/2933/2933 2934/2934/2934 2935/2935/2935 2936/2936/2936
f 2937/2937/2937 2938/2938/2938 2939/2939/2939 2940/2940/2940
f 2941/2941/2941 2942/2942/2942 2943/2943/2943 2944/2944/2944
f 2945/2945/2945 2946/2946/2946 2947/2947/2947 2948/2948/2948
f 2949/2949/2949 2950/2950/2950 2951/2951/2951 2952/2952/2952
f 2953/2953/2953 2954/2954/2954 2955/2955/2955 2956/2956/2956
f 2957/2957/2957 2958/2958/2958 2959/2959/2959 2960/2960/2960
f 2961/2961/2961 2962/2962/2962 2963/2963/2963 2964/2964/2964
f 2965/2965/2965 2966/2966/2966 2967/2967/2967 2968/2968/2968
f 2969/2969/2969 2970/2970/2970 2971/2971/2971 2972/2972/2972
f 2973/2973/2973 2974/2974/2974 2975/2975/2975 2976/2976/2976
f 2977/2977/2977 2978/2978/2978 2979/2979/2979 2980/2980/2980
f 2981/2981/2981 2982/2982/2982 2983/2983/2983 2984/2984/2984
f 2985/2985/2985 2986/2986/2986 2987/2987/2987 2988/2988/2988
f 2989/2989/2989 2990/2990/2990 2991/2991/2991 2992/2992/2992
f 2993/2993/2993 2994/2994/2994 2995/2995/2995 2996/2996/2996
f 2997/2997/2997 2998/2998/2998 2999/2999/2999 3000/3000/3000
f 3001/3001/3001 3002/3002/3002 3003/3003/3003 3004/3004/3004
f 3005/3005/3005 3006/3006/3006 3007/3007/3007 3008/3008/3008
f 3009/3009/3009 3010/3010/3010 3011/3011/3011 3012/3012/3012
f 3013/3013/3013 3014/3014/3014 3015/3015/3015 3016/3016/3016
f 3017/3017/3017 3018/3018/3018 3019/3019/3019 3020/3020/3020
f 3021/3021/3021 3022/3022/3022 3023/3023/3023 3024/3024/3024
f 3025/3025/3025 3026/3026/3026 3027/3027/3027 3028/3028/3028
f 3029/3029/3029 3030/3030/3030 3031/3031/3031 3032/3032/3032
f 3033/3033/3033 3034/3034/3034 3035/3035/3035 3036/3036/3036
f 3037/3037/3037 3038/3038/3038 3039/3039/3039 3040/3040/3040
f 3041/3041/3041 3042/3042/3042 3043/3043/3043 3044/3044/3044
f 3045/3045/3045 3046/3046/3046 3047/3047/3047 3048/3048/3048
f 3049/3049/3049 3050/3050/3050 3051/3051/3051 3052/3052/3052
f 3053/3053/3053 3054/3054/3054 3055/3055/3055 3056/3056/3056
f 3057/3057/3057 3058/3058/3058 3059/3059/3059 3060/3060/3060
f 3061/3061/3061 3062/3062/3062 3063/3063/3063 3064/3064/3064
f 3065/3065/3065 3066/3066/3066 3067/3067/3067 3068/3068/3068
f 3069/3069/3069 3070/3070/3070 3071/3071/3071 3072/3072/3072
f 3073/3073/3073 3074/3074/3074 3075/3075/3075 3076/3076/3076
f 3077/3077/3077 3078/3078/3078 3079/3079/3079 3080/3080/3080
f 3081/3081/3081 3082/3082/3082 3083/3083/3083 3084/3084/3084
f 3085/3085/3085 3086/3086/3086 3087/3087/3087 3088/3088/3088
f 3089/3089/3089 3090/3090/3090 3091/3091/3091 3092/3092/3092
f 3093/3093/3093 3094/3094/3094 3095/3095/3095 3096/3096/3096
f 3097/3097/3097 3098/3098/3098 3099/3099/3099 3100/3100/3100
f 3101/3101/3101 3102/3102/3102 3103/3103/3103 3104/3104/3104
f 3105/3105/3105 3106/3106/3106 3107/3107/3107 3108/3108/3108
f 3109/3109/3109 3110/3110/3110 3111/3111/3111 3112/3112/3112
f 3113/3113/3113 3114/3114/3114 3115/3115/3115 3116/3116/3116
f 3117/3117/3117 3118/3118/3118 3119/3119/3119 3120/3120/3120
f 3121/3121/3121 3122/3122/3122 3123/3123/3123 3124/3124/3124
f 3125/3125/3125 3126/3126/3126 3127/3127/3127 3128/3128/3128
f 3129/3129/3129 3130/3130/3130 3131/3131/3131 3132/3132/3132
f 3133/3133/3133 3134/3134/3134 3135/3135/3135 3136/3136/3136
f 3137/3137/3137 3138/3138/3138 3139/3139/3139 3140/3140/3140
f 3141/3141/3141 3142/3142/3142 3143/3143/3143 3144/3144/3144
f 3145/3145/3145 3146/3146/3146 3147/3147/3147 3148/3148/3148
f 3149/3149/3149 3150/3150/3150 3151/3151/3151 3152/3152/3152
f 3153/3153/3153 3154/3154/3154 3155/3155/3155 3156/3156/3156
f 3157/3157/3157 3158/3158/3158 3159/3159/3159 3160/3160/3160
f 3161/3161/3161 3162/3162/3162 3163/3163/3163 3164/3164/3164
f 3165/3165/3165 3166/3166/3166 3167/3167/3167 3168/3168/3168
f 3169/3169/3169 3170/3170/3170 3171/3171/3171 3172/3172/3172
f 3173/3173/3173 3174/3174/3174 3175/3175/3175 3176/3176/3176
f 3177/3177/3177 3178/3178/3178 3179/3179/3179 3180/3180/3180
f 3181/3181/3181 3182/3182/3182 3183/3183/3183 3184/3184/3184
f 3185/3185/3185 3186/3186/3186 3187/3187/3187 3188/3188/3188
f 3189/3189/3189 3190/3190/3190 3191/3191/3191 3192/3192/3192
f 3193/3193/3193 3194/3194/3194 3195/3195/3195 3196/3196/3196
f 3197/3197/3197 3198/3198/3198 3199/3199/3199 3200/3200/3200
f 3201/3201/3201 3202/3202/3202 3203/3203/3203 3204/3204/3204
f 3205/3205/3205 3206/3206/3206 3207/3207/3207 3208/3208/3208
f 3209/3209/3209 3210/3210/3210 3211/3211/3211 3212/3212/3212
f 3213/3213/3213 3214/3214/3214 3215/3215/3215 3216/3216/3216
f 3217/3217/3217 3218/3218/3218 3219/3219/3219 3220/3220/3220
f 3221/3221/3221 3222/3222/3222 3223/3223/3223 3224/3224/3224
f 3225/3225/3225 3226/3226/3226 3227/3227/3227 3228/3228/3228
f 3229/3229/3229 3230/3230/3230 3231/3231/3231 3232/3232/3232
f 3233/3233/3233 3234/3234/3234 3235/3235/3235 3236/3236/3236
f 3237/3237/3237 3238/3238/3238 3239/3239/3239 3240/3240/3240
f 3241/3241/3241 3242/3242/3242 3243/3243/3243 3244/3244/3244
f 3245/3245/3245 3246/3246/3246 3247/3247/3247 3248/3248/3248
f 3249/3249/3249 3250/3250/3250 3251/3251/3251 3252/3252/3252
f 3253/3253/3253 3254/3254/3254 3255/3255/3255 3256/3256/3256
f 3257/3257/3257 3258/3258/3258 3259/3259/3259 3260/3260/3260
f 3261/3261/3261 3262/3262/3262 3263/3263/3263 3264/3264/3264
f 3265/3265/3265 3266/3266/3266 3267/3267/3267 3268/3268/3268
f 3269/3269/3269 3270/3270/3270 3271/3271/3271 3272/3272/3272
f 3273/3273/3273 3274/3274/3274 3275/3275/3275 3276/3276/3276
f 3277/3277/3277 3278/3278/3278 3279/3279/3279 3280/3280/3280
f 3281/3281/3281 3282/3282/3282 3283/3283/3283 3284/3284/3284
f 3285/3285/3285 3286/3286/3286 3287/3287/3287 3288/3288/3288
f 3289/3289/3289 3290/3290/3290 3291/3291/3291 3292/3292/3292
f 3293/3293/3293 3294/3294/3294 3295/3295/3295 3296/3296/3296
f 3297/3297/3297 3298/3298/3298 3299/3299/3299 3300/3300/3300
f 3301/3301/3301 3302/3302/3302 3303/3303/3303 3304/3304/3304
f 3305/3305/3305 3306/3306/3306 3307/3307/3307 3308/3308/3308
f 3309/3309/3309 3310/3310/3310 3311/3311/3311 3312/3312/3312
f 3313/3313/3313 3314/3314/3314 3315/3315/3315 3316/3316/3316
f 3317/3317/3317 3318/3318/3318 3319/3319/3319 3320/3320/3320
f 3321/3321/3321 3322/3322/3322 3323/3323/3323 3324/3324/3324
f 3325/3325/3325 3326/3326/3326 3327/3327/3327 3328/3328/3328
f 3329/3329/3329 3330/3330/3330 3331/3331/3331 3332/3332/3332
f 3333/3333/3333 3334/3334/3334 3335/3335/3335 3336/3336/3336
f 3337/3337/3337 3338/3338/3338 3339/3339/3339 3340/3340/3340
f 3341/3341/3341 3342/3342/3342 3343/3343/3343 3344/3344/3344
f 3345/3345/3345 3346/3346/3346 3347/3347/3347 3348/3348/3348
f 3349/3349/3349 3350/3350/3350 3351/3351/3351 3352/3352/3352
f 3353/3353/3353 3354/3354/3354 3355/3355/3355 3356/3356/3356
f 3357/3357/3357 3358/3358/3358 3359/3359/3359 3360/3360/3360
f 3361/3361/3361 3362/3362/3362 3363/3363/3363 3364/3364/3364
f 3365/3365/3365 3366/3366/3366 3367/3367/3367 3368/3368/3368
f 3369/3369/3369 3370/3370/3370 3371/3371/3371 3372/3372/3372
f 3373/3373/3373 3374/3374/3374 3375/3375/3375 3376/3376/3376
f 3377/3377/3377 3378/3378/3378 3379/3379/3379 3380/3380/3380
f 3381/3381/3381 3382/3382/3382 3383/3383/3383 3384/3384/3384
f 3385/3385/3385 3386/3386/3386 3387/3387/3387 3388/3388/3388
f 3389/3389/3389 3390/3390/3390 3391/3391/3391 3392/3392/3392
f 3393/3393/3393 3394/3394/3394 3395/3395/3395 3396/3396/3396
f 3397/3397/3397 3398/3398/3398 3399/3399/3399 3400/3400/3400
f 3401/3401/3401 3402/3402/3402 3403/3403/3403 3404/3404/3404
f 3405/3405/3405 3406/3406/3406 3407/3407/3407 3408/3408/3408
f 3409/3409/3409 3410/3410/3410 3411/3411/3411 3412/3412/3412
f 3413/3413/3413 3414/3414/3414 3415/3415/3415 3416/3416/3416
f 3417/3417/3417 3418/3418/3418 3419/3419/3419 3420/3420/3420
f 3421/3421/3421 3422/3422/3422 3423/3423/3423 3424/3424/3424
f 3425/3425/3425 3426/3426/3426 3427/3427/3427 3428/3428/3428
f 3429/3429/3429 3430/3430/3430 3431/3431/3431 3432/3432/3432
f 3433/3433/3433 3434/3434/3434 3435/3435/3435 3436/3436/3436
f 3437/3437/3437 3438/3438/3438 3439/3439/3439 3440/3440/3440
f 3441/3441/3441 3442/3442/3442 3443/3443/3443 3444/3444/3444
f 3445/3445/3445 3446/3446/3446 3447/3447/3447 3448/3448/3448
f 3449/3449/3449 3450/3450/3450 3451/3451/3451 3452/3452/3452
f 3453/3453/3453 3454/3454/3454 3455/3455/3455 3456/3456/3456
f 3457/3457/3457 3458/3458/3458 3459/3459/3459 3460/3460/3460
f 3461/3461/3461 3462/3462/3462 3463/3463/3463 3464/3464/3464
f 3465/3465/3465 3466/3466/3466 3467/3467/3467 3468/3468/3468
f 3469/3469/3469 3470/3470/3470 3471/3471/3471 3472/3472/3472
f 3473/3473/3473 3474/3474/3474 3475/3475/3475 3476/3476/3476
f 3477/3477/3477 3478/3478/3478 3479/3479/3479 3480/3480/3480
f 3481/3481/3481 3482/3482/3482 3483/3483/3483 3484/3484/3484
f 3485/3485/3485 3486/3486/3486 3487/3487/3487 3488/3488/3488
f 3489/3489/3489 3490/3490/3490 3491/3491/3491 3492/3492/3492
f 3493/3493/3493 3494/3494/3494 3495/3495/3495 3496/3496/3496
f 3497/3497/3497 3498/3498/3498 3499/3499/3499 3500/3500/3500
f 3501/3501/3501 3502/3502/3502 3503/3503/3503 3504/3504/3504
f 3505/3505/3505 3506/3506/3506 3507/3507/3507 3508/3508/3508
f 3509/3509/3509 3510/3510/3510 3511/3511/3511 3512/3512/3512
f 3513/3513/3513 3514/3514/3514 3515/3515/3515 3516/3516/3516
f 3517/3517/3517 3518/3518/3518 3519/3519/3519 3520/3520/3520
f 3521/3521/3521 3522/3522/3522 3523/3523/3523 3524/3524/3524
f 3525/3525/3525 3526/3526/3526 3527/3527/3527 3528/3528/3528
f 3529/3529/3529 3530/3530/3530 3531/3531/3531 3532/3532/3532
f 3533/3533/3533 3534/3534/3534 3535/3535/3535 3536/3536/3536
f 3537/3537/3537 3538/3538/3538 3539/3539/3539 3540/3540/3540
f 3541/3541/3541 3542/3542/3542 3543/3543/3543 3544/3544/3544
f 3545/3545/3545 3546/3546/3546 3547/3547/3547 3548/3548/3548
f 3549/3549/3549 3550/3550/3550 3551/3551/3551 3552/3552/3552
f 3553/3553/3553 3554/3554/3554 3555/3555/3555 3556/3556/3556
f 3557/3557/3557 3558/3558/3558 3559/3559/3559 3560/3560/3560
f 3561/3561/3561 3562/3562/3562 3563/3563/3563 3564/3564/3564
f 3565/3565/3565 3566/3566/3566 3567/3567/3567 3568/3568/3568
f 3569/3569/3569 3570/3570/3570 3571/3571/3571 3572/3572/3572
f 3573/3573/3573 3574/3574/3574 3575/3575/3575 3576/3576/3576
f 3577/3577/3577 3578/3578/3578 3579/3579/3579 3580/3580/3580
f 3581/3581/3581 3582/3582/3582 3583/3583/3583 3584/3584/3584
f 3585/3585/3585 3586/3586/3586 3587/3587/3587 3588/3588/3588
f 3589/3589/3589 3590/3590/3590 3591/3591/3591 3592/3592/3592
f 3593/3593/3593 3594/3594/3594 3595/3595/3595 3596/3596/3596
f 3597/3597/3597 3598/3598/3598 3599/3599/3599 3600/3600/3600
f 3601/3601/3601 3602/3602/3602 3603/3603/3603 3604/3604/3604
f 3605/3605/3605 3606/3606/3606 3607/3607/3607 3608/3608/3608
f 3609/3609/3609 3610/3610/3610 3611/3611/3611 3612/3612/3612
f 3613/3613/3613 3614/3614/3614 3615/3615/3615 3616/3616/3616
f 3617/3617/3617 3618/3618/3618 3619/3619/3619 3620/3620/3620
f 3621/3621/3621 3622/3622/3622 3623/3623/3623 3624/3624/3624
f 3625/3625/3625 3626/3626/3626 3627/3627/3627 3628/3628/3628
f 3629/3629/3629 3630/3630/3630 3631/3631/3631 3632/3632/3632
f 3633/3633/3633 3634/3634/3634 3635/3635/3635 3636/3636/3636
f 3637/3637/3637 3638/3638/3638 3639/3639/3639 3640/3640/3640
f 3641/3641/3641 3642/3642/3642 3643/3643/3643 3644/3644/3644
f 3645/3645/3645 3646/3646/3646 3647/3647/3647 3648/3648/3648
f 3649/3649/3649 3650/3650/3650 3651/3651/3651 3652/3652/3652
f 3653/3653/3653 3654/3654/3654 3655/3655/3655 3656/3656/3656
f 3657/3657/3657 3658/3658/3658 3659/3659/3659 3660/3660/3660
f 3661/3661/3661 3662/3662/3662 3663/3663/3663 3664/3664/3664
f 3665/3665/3665 3666/3666/3666 3667/3667/3667 3668/3668/3668
f 3669/3669/3669 3670/3670/3670 3671/3671/3671 3672/3672/3672
f 3673/3673/3673 3674/3674/3674 3675/3675/3675 3676/3676/3676
f 3677/3677/3677 3678/3678/3678 3679/3679/3679 3680/3680/3680
f 3681/3681/3681 3682/3682/3682 3683/3683/3683 3684/3684/3684
f 3685/3685/3685 3686/3686/3686 3687/3687/3687 3688/3688/3688
f 3689/3689/3689 3690/3690/3690 3691/3691/3691 3692/3692/3692
f 3693/3693/3693 3694/3694/3694 3695/3695/3695 3696/3696/3696
f 3697/3697/3697 3698/3698/3698 3699/3699/3699 3700/3700/3700
f 3701/3701/3701 3702/3702/3702 3703/3703/3703 3704/3704/3704
f 3705/3705/3705 3706/3706/3706 3707/3707/3707 3708/3708/3708
f 3709/3709/3709 3710/3710/3710 3711/3711/3711 3712/3712/3712
f 3713/3713/3713 3714/3714/3714 3715/3715/3715 3716/3716/3716
f 3717/3717/3717 3718/3718/3718 3719/3719/3719 3720/3720/3720
f 3721/3721/3721 3722/3722/3722 3723/3723/3723 3724/3724/3724
f 3725/3725/3725 3726/3726/3726 3727/3727/3727 3728/3728/3728
f 3729/3729/3729 3730/3730/3730 3731/3731/3731 3732/3732/3732
f 3733/3733/3733 3734/3734/3734 3735/3735/3735 3736/3736/3736
f 3737/3737/3737 3738/3738/3738 3739/3739/3739 3740/3740/3740
f 3741/3741/3741 3742/3742/3742 3743/3743/3743 3744/3744/3744
f 3745/3745/3745 3746/3746/3746 3747/3747/3747 3748/3748/3748
f 3749/3749/3749 3750/3750/3750 3751/3751/3751 3752/3752/3752
f 3753/3753/3753 3754/3754/3754 3755/3755/3755 3756/3756/3756
f 3757/3757/3757 3758/3758/3758 3759/3759/3759 3760/3760/3760
f 3761/3761/3761 3762/3762/3762 3763/3763/3763 3764/3764/3764
f 3765/3765/3765 3766/3766/3766 3767/3767/3767 3768/3768/3768
f 3769/3769/3769 3770/3770/3770 3771/3771/3771 3772/3772/3772
f 3773/3773/3773 3774/3774/3774 3775/3775/3775 3776/3776/3776
f 3777/3777/3777 3778/3778/3778 3779/3779/3779 3780/3780/3780
f 3781/3781/3781 3782/3782/3782 3783/3783/3783 3784/3784/3784
f 3785/3785/3785 3786/3786/3786 3787/3787/3787 3788/3788/3788
f 3789/3789/3789 3790/3790/3790 3791/3791/3791 3792/3792/3792
f 3793/3793/3793 3794/3794/3794 3795/3795/3795 3796/3796/3796
f 3797/3797/3797 3798/3798/3798 3799/3799/3799 3800/3800/3800
f 3801/3801/3801 3802/3802/3802 3803/3803/3803 3804/3804/3804
f 3805/3805/3805 3806/3806/3806 3807/3807/3807 3808/3808/3808
f 3809/3809/3809 3810/3810/3810 3811/3811/3811 3812/3812/3812
f 3813/3813/3813 3814/3814/3814 3815/3815/3815 3816/3816/3816
f 3817/3817/3817 3818/3818/3818 3819/3819/3819 3820/3820/3820
f 3821/3821/3821 3822/3822/3822 3823/3823/3823 3824/3824/3824
f 3825/3825/3825 3826/3826/3826 3827/3827/3827 3828/3828/3828
f 3829/3829/3829 3830/3830/3830 3831/3831/3831 3832/3832/3832
f 3833/3833/3833 3834/3834/3834 3835/3835/3835 3836/3836/3836
f 3837/3837/3837 3838/3838/3838 3839/3839/3839 3840/3840/3840
f 3841/3841/3841 3842/3842/3842 3843/3843/3843 3844/3844/3844
f 3845/3845/3845 3846/3846/3846 3847/3847/3847 3848/3848/3848
f 3849/3849/3849 3850/3850/3850 3851/3851/3851 3852/3852/3852
f 3853/3853/3853 3854/3854/3854 3855/3855/3855 3856/3856/3856
f 3857/3857/3857 3858/3858/3858 3859/3859/3859 3860/3860/3860
f 3861/3861/3861 3862/3862/3862 3863/3863/3863 3864/3864/3864
f 3865/3865/3865 3866/3866/3866 3867/3867/3867 3868/3868/3868
f 3869/3869/3869 3870/3870/3870 3871/3871/3871 3872/3872/3872
f 3873/3873/3873 3874/3874/3874 3875/3875/3875 3876/3876/3876
f 3877/3877/3877 3878/3878/3878 3879/3879/3879 3880/3880/3880
f 3881/3881/3881 3882/3882/3882 3883/3883/3883 3884/3884/3884
f 3885/3885/3885 3886/3886/3886 3887/3887/3887 3888/3888/3888
f 3889/3889/3889 3890/3890/3890 3891/3891/3891 3892/3892/3892
f 3893/3893/3893 3894/3894/3894 3895/3895/3895 3896/3896/3896
f 3897/3897/3897 3898/3898/3898 3899/3899/3899 3900/3900/3900
f 3901/3901/3901 3902/3902/3902 3903/3903/3903 3904/3904/3904
f 3905/3905/3905 3906/3906/3906 3907/3907/3907 3908/3908/3908
f 3909/3909/3909 3910/3910/3910 3911/3911/3911 3912/3912/3912
f 3913/3913/3913 3914/3914/3914 3915/3915/3915 3916/3916/3916
f 3917/3917/3917 3918/3918/3918 3919/3919/3919 3920/3920/3920
f 3921/3921/3921 3922/3922/3922 3923/3923/3923 3924/3924/3924
f 3925/3925/3925 3926/3926/3926 3927/3927/3927 3928/3928/3928
f 3929/3929/3929 3930/3930/3930 3931/3931/3931 3932/3932/3932
f 3933/3933/3933 3934/3934/3934 3935/3935/3935 3936/3936/3936
f 3937/3937/3937 3938/3938/3938 3939/3939/3939 3940/3940/3940
f 3941/3941/3941 3942/3942/3942 3943/3943/3943 3944/3944/3944
f 3945/3945/3945 3946/3946/3946 3947/3947/3947 3948/3948/3948
f 3949/3949/3949 3950/3950/3950 3951/3951/3951 3952/3952/3952
f 3953/3953/3953 3954/3954/3954 3955/3955/3955 3956/3956/3956
f 3957/3957/3957 3958/3958/3958 3959/3959/3959 3960/3960/3960
f 3961/3961/3961 3962/3962/3962 3963/3963/3963 3964/3964/3964
f 3965/3965/3965 3966/3966/3966 3967/3967/3967 3968/3968/3968
f 3969/3969/3969 3970/3970/3970 3971/3971/3971 3972/3972/3972
f 3973/3973/3973 3974/3974/3974 3975/3975/3975 3976/3976/3976
f 3977/3977/3977 3978/3978/3978 3979/3979/3979 3980/3980/3980
f 3981/3981/3981 3982/3982/3982 3983/3983/3983 3984/3984/3984
f 3985/3985/3985 3986/3986/3986 3987/3987/3987 3988/3988/3988
f 3989/3989/3989 3990/3990/3990 3991/3991/3991 3992/3992/3992
f 3993/3993/3993 3994/3994/3994 3995/3995/3995 3996/3996/3996
f 3997/3997/3997 3998/3998/3998 3999/3999/3999 4000/4000/4000
f 4001/4001/4001 4002/4002/4002 4003/4003/4003 4004/4004/4004
f 4005/4005/4005 4006/4006/4006 4007/4007/4007 4008/4008/4008
f 4009/4009/4009 4010/4010/4010 4011/4011/4011 4012/4012/4012
f 4013/4013/4013 4014/4014/4014 4015/4015/4015 4016/4016/4016
f 4017/4017/4017 4018/4018/4018 4019/4019/4019 4020/4020/4020
f 4021/4021/4021 4022/4022/4022 4023/4023/4023 4024/4024/4024
f 4025/4025/4025 4026/4026/4026 4027/4027/4027 4028/4028/4028
f 4029/4029/4029 4030/4030/4030 4031/4031/4031 4032/4032/4032
f 4033/4033/4033 4034/4034/4034 4035/4035/4035 4036/4036/4036
f 4037/4037/4037 4038/4038/4038 4039/4039/4039 4040/4040/4040
f 4041/4041/4041 4042/4042/4042 4043/4043/4043 4044/4044/4044
f 4045/4045/4045 4046/4046/4046 4047/4047/4047 4048/4048/4048
f 4049/4049/4049 4050/4050/4050 4051/4051/4051 4052/4052/4052
f 4053/4053/4053 4054/4054/4054 4055/4055/4055 4056/4056/4056
f 4057/4057/4057 4058/4058/4058 4059/4059/4059 4060/4060/4060
f 4061/4061/4061 4062/4062/4062 4063/4063/4063 4064/4064/4064
f 4065/4065/4065 4066/4066/4066 4067/4067/4067 4068/4068/4068
f 4069/4069/4069 4070/4070/4070 4071/4071/4071 4072/4072/4072
f 4073/4073/4073 4074/4074/4074 4075/4075/4075 4076/4076/4076
f 4077/4077/4077 4078/4078/4078 4079/4079/4079 4080/4080/4080
f 4081/4081/4081 4082/4082/4082 4083/4083/4083 4084/4084/4084
f 4085/4085/4085 4086/4086/4086 4087/4087/4087 4088/4088/4088
f 4089/4089/4089 4090/4090/4090 4091/4091/4091 4092/4092/4092
f 4093/4093/4093 4094/4094/4094 4095/4095/4095 4096/4096/4096
f 4097/4097/4097 4098/4098/4098 4099/4099/4099 4100/4100/4100
f 4101/4101/4101 4102/4102/4102 4103/4103/4103 4104/4104/4104
f 4105/4105/4105 4106/4106/4106 4107/4107/4107 4108/4108/4108
f 4109/4109/4109 4110/4110/4110 4111/4111/4111 4112/4112/4112
f 4113/4113/4113 4114/4114/4114 4115/4115/4115 4116/4116/4116
f 4117/4117/4117 4118/4118/4118 4119/4119/4119 4120/4120/4120
f 4121/4121/4121 4122/4122/4122 4123/4123/4123 4124/4124/4124
f 4125/4125/4125 4126/4126/4126 4127/4127/4127 4128/4128/4128
f 4129/4129/4129 4130/4130/4130 4131/4131/4131 4132/4132/4132
f 4133/4133/4133 4134/4134/4134 4135/4135/4135 4136/4136/4136
f 4137/4137/4137 4138/4138/4138 4139/4139/4139 4140/4140/4140
f 4141/4141/4141 4142/4142/4142 4143/4143/4143 4144/4144/4144
f 4145/4145/4145 4146/4146/4146 4147/4147/4147 4148/4148/4148
f 4149/4149/4149 4150/4150/4150 4151/4151/4151 4152/4152/4152
f 4153/4153/4153 4154/4154/4154 4155/4155/4155 4156/4156/4156
f 4157/4157/4157 4158/4158/4158 4159/4159/4159 4160/4160/4160
f 4161/4161/4161 4162/4162/4162 4163/4163/4163 4164/4164/4164
f 4165/4165/4165 4166/4166/4166 4167/4167/4167 4168/4168/4168
f 4169/4169/4169 4170/4170/4170 4171/4171/4171 4172/4172/4172
f 4173/4173/4173 4174/4174/4174 4175/4175/4175 4176/4176/4176
f 4177/4177/4177 4178/4178/4178 4179/4179/4179 4180/4180/4180
f 4181/4181/4181 4182/4182/4182 4183/4183/4183 4184/4184/4184
f 4185/4185/4185 4186/4186/4186 4187/4187/4187 4188/4188/4188
f 4189/4189/4189 4190/4190/4190 4191/4191/4191 4192/4192/4192
f 4193/4193/4193 4194/4194/4194 4195/4195/4195 4196/4196/4196
f 4197/4197/4197 4198/4198/4198 4199/4199/4199 4200/4200/4200
f 4201/4201/4201 4202/4202/4202 4203/4203/4203 4204/4204/4204
f 4205/4205/4205 4206/4206/4206 4207/4207/4207 4208/4208/4208
f 4209/4209/4209 4210/4210/4210 4211/4211/4211 4212/4212/4212
f 4213/4213/4213 4214/4214/4214 4215/4215/4215 4216/4216/4216
f 4217/4217/4217 4218/4218/4218 4219/4219/4219 4220/4220/4220
f 4221/4221/4221 4222/4222/4222 4223/4223/4223 4224/4224/4224
